haplogroup_haplogrep,haplogroup_mtoolbox,status,parent_haplogrep,parent_mtoolbox,only_in_haplogrep,only_in_mtoolbox,likely_cause
H2a2a1a,H2a2a1a,parent differs;haplotype differs,H2a2a1,H2a2a,,263G,H2a2a1 missing in MToolBox
H2a2a1b,H2a2a1b,parent differs;haplotype differs,H2a2a1,H2a2a1a,,263G 15314A,H2a2a1 missing in MToolBox
H2a2a1c,H2a2a1c,parent differs;haplotype differs,H2a2a1,H2a2a1a,,263G 15314A,H2a2a1 missing in MToolBox
H2a2a1d,H2a2a1d,parent differs;haplotype differs,H2a2a1,H2a2a1a,,263G 15314A,H2a2a1 missing in MToolBox
H2a2a1e,H2a2a1e,parent differs;haplotype differs,H2a2a1,H2a2a1a,,263G 15314A,H2a2a1 missing in MToolBox
H2a2a1f,H2a2a1f,parent differs;haplotype differs,H2a2a1,H2a2a1a,,263G 15314A,H2a2a1 missing in MToolBox
H2a2a1g,H2a2a1g,parent differs;haplotype differs,H2a2a1,H2a2a1a,,263G 15314A,H2a2a1 missing in MToolBox
H2a2a1h,H2a2a1h,parent differs;haplotype differs,H2a2a1,H2a2a1a,,263G 15314A,H2a2a1 missing in MToolBox
H2a2a2,H2a2a2,parent differs;haplotype differs,H2a2a1,H2a2a,,263G,H2a2a1 missing in MToolBox
H2a2b,H2a2b,parent differs;haplotype differs,H2a2a+(16235),H2a2_s4,16235G,,unstable (parenthesized) mutation missing in MToolBox
H2a2b1,H2a2b1,haplotype differs,H2a2b,H2a2b,16235G,,unstable (parenthesized) mutation missing in MToolBox
H2a2b1a,H2a2b1a,haplotype differs,H2a2b1,H2a2b1,16235G,,unstable (parenthesized) mutation missing in MToolBox
H2a2b1a1,H2a2b1a1,haplotype differs,H2a2b1a,H2a2b1a,16235G,,unstable (parenthesized) mutation missing in MToolBox
H2a2b2,H2a2b2,haplotype differs,H2a2b,H2a2b,16235G,,unstable (parenthesized) mutation missing in MToolBox
H2a2b3,H2a2b3,haplotype differs,H2a2b,H2a2b,16235G,,unstable (parenthesized) mutation missing in MToolBox
H2a2b4,H2a2b4,haplotype differs,H2a2b,H2a2b,16235G,,unstable (parenthesized) mutation missing in MToolBox
H2a2b5,H2a2b5,haplotype differs,H2a2b,H2a2b,16235G,,unstable (parenthesized) mutation missing in MToolBox
H2a2b5a,H2a2b5a,haplotype differs,H2a2b5,H2a2b5,16235G,,unstable (parenthesized) mutation missing in MToolBox
H2a1e1b,H2a1e1b,haplotype differs,H2a1e1,H2a1e1,5899.XC,,insertion of unspecified length (.X) missing in MToolBox
H2b,H2b,parent differs,H2a+152  16311,H2_152!,,,
H2c,H2c,parent differs,H2a+152  16311,H2_152!,,,
H1b1a,H1b1a,haplotype differs,H1b1_16362,H1b1_16362,5899.XC,,insertion of unspecified length (.X) missing in MToolBox
H1e3,H1e3,haplotype differs,H1e_16129!,H1e_16129!,960.XC,,insertion of unspecified length (.X) missing in MToolBox
H1j9,H1j9,haplotype differs,H1j,H1j,16189C,,unstable (parenthesized) mutation missing in MToolBox
H1ah1,H1ah1,haplotype differs,H1ah,H1ah,200G,,unstable (parenthesized) mutation missing in MToolBox
H3h2,H3h2,haplotype differs,H3h,H3h,16093C,,unstable (parenthesized) mutation missing in MToolBox
H3h2a,H3h2a,haplotype differs,H3h2,H3h2,16093C,,unstable (parenthesized) mutation missing in MToolBox
H3u1,H3u1,haplotype differs,H3u,H3u,5899.XC,,insertion of unspecified length (.X) missing in MToolBox
H4a1a1a4,H4a1a1a4,haplotype differs,H4a1a1a,H4a1a1a,960.XC,,insertion of unspecified length (.X) missing in MToolBox
H4b1,H4b1,haplotype differs,H4b,H4b,195C 16093C,,unstable (parenthesized) mutation missing in MToolBox
H6,H6,haplotype differs,H,H,16482G,,unstable (parenthesized) mutation missing in MToolBox
H6a,H6a,haplotype differs,H6,H6,16482G,,unstable (parenthesized) mutation missing in MToolBox
H6a1,H6a1,haplotype differs,H6a,H6a,16482G,,unstable (parenthesized) mutation missing in MToolBox
H6a1a,H6a1a,haplotype differs,H6a1,H6a1,16482G,,unstable (parenthesized) mutation missing in MToolBox
H6a1a1,H6a1a1,haplotype differs,H6a1a,H6a1a,16482G,,unstable (parenthesized) mutation missing in MToolBox
H6a1a1a,H6a1a1a,haplotype differs,H6a1a1,H6a1a1,16482G,,unstable (parenthesized) mutation missing in MToolBox
H6a1a2,H6a1a2,haplotype differs,H6a1a,H6a1a,16482G,,unstable (parenthesized) mutation missing in MToolBox
H6a1a2a,H6a1a2a,haplotype differs,H6a1a2,H6a1a2,16482G,,unstable (parenthesized) mutation missing in MToolBox
H6a1a2b,H6a1a2b,haplotype differs,H6a1a2,H6a1a2,16482G,,unstable (parenthesized) mutation missing in MToolBox
H6a1a2b1,H6a1a2b1,haplotype differs,H6a1a2b,H6a1a2b,16482G,,unstable (parenthesized) mutation missing in MToolBox
H6a1a3,H6a1a3,haplotype differs,H6a1a,H6a1a,16482G,,unstable (parenthesized) mutation missing in MToolBox
H6a1a3a,H6a1a3a,haplotype differs,H6a1a3,H6a1a3,16482G,,unstable (parenthesized) mutation missing in MToolBox
H6a1a4,H6a1a4,haplotype differs,H6a1a,H6a1a,16482G,,unstable (parenthesized) mutation missing in MToolBox
H6a1a5,H6a1a5,haplotype differs,H6a1a,H6a1a,16482G,,unstable (parenthesized) mutation missing in MToolBox
H6a1a6,H6a1a6,haplotype differs,H6a1a,H6a1a,16482G,,unstable (parenthesized) mutation missing in MToolBox
H6a1a7,H6a1a7,haplotype differs,H6a1a,H6a1a,16482G,,unstable (parenthesized) mutation missing in MToolBox
H6a1a8,H6a1a8,haplotype differs,H6a1a,H6a1a,16482G,,unstable (parenthesized) mutation missing in MToolBox
H6a1a8a,H6a1a8a,haplotype differs,H6a1a8,H6a1a8,16482G,,unstable (parenthesized) mutation missing in MToolBox
H6a1a9,H6a1a9,haplotype differs,H6a1a,H6a1a,16482G,,unstable (parenthesized) mutation missing in MToolBox
H6a1a10,H6a1a10,haplotype differs,H6a1a,H6a1a,16482G,,unstable (parenthesized) mutation missing in MToolBox
H6a1b,H6a1b,haplotype differs,H6a1,H6a1,16482G,,unstable (parenthesized) mutation missing in MToolBox
H6a1b1,H6a1b1,haplotype differs,H6a1b,H6a1b,16482G,,unstable (parenthesized) mutation missing in MToolBox
H6a1b2,H6a1b2,haplotype differs,H6a1b,H6a1b,16482G,,unstable (parenthesized) mutation missing in MToolBox
H6a1b2a,H6a1b2a,haplotype differs,H6a1b2,H6a1b2,16482G,,unstable (parenthesized) mutation missing in MToolBox
H6a1b2b,H6a1b2b,haplotype differs,H6a1b2,H6a1b2,16482G,,unstable (parenthesized) mutation missing in MToolBox
H6a1b2c,H6a1b2c,haplotype differs,H6a1b2,H6a1b2,16482G,,unstable (parenthesized) mutation missing in MToolBox
H6a1b2d,H6a1b2d,haplotype differs,H6a1b2,H6a1b2,16482G,,unstable (parenthesized) mutation missing in MToolBox
H6a1b2e,H6a1b2e,haplotype differs,H6a1b2,H6a1b2,16482G,,unstable (parenthesized) mutation missing in MToolBox
H6a1b3,H6a1b3,haplotype differs,H6a1b,H6a1b,16482G,,unstable (parenthesized) mutation missing in MToolBox
H6a1b3a,H6a1b3a,haplotype differs,H6a1b3,H6a1b3,16482G,,unstable (parenthesized) mutation missing in MToolBox
H6a1b3b,H6a1b3b,haplotype differs,H6a1b3,H6a1b3,16482G,,unstable (parenthesized) mutation missing in MToolBox
H6a1b4,H6a1b4,haplotype differs,H6a1b,H6a1b,16482G,,unstable (parenthesized) mutation missing in MToolBox
H6a2,H6a2,haplotype differs,H6a,H6a,16482G,,unstable (parenthesized) mutation missing in MToolBox
H6a2a,H6a2a,haplotype differs,H6a2,H6a2,16482G,,unstable (parenthesized) mutation missing in MToolBox
H6b,H6b,haplotype differs,H6,H6,16482G,,unstable (parenthesized) mutation missing in MToolBox
H6b1,H6b1,haplotype differs,H6b,H6b,16482G,,unstable (parenthesized) mutation missing in MToolBox
H6b2,H6b2,haplotype differs,H6b,H6b,16482G,,unstable (parenthesized) mutation missing in MToolBox
H6c,H6c,haplotype differs,H6,H6,16482G,,unstable (parenthesized) mutation missing in MToolBox
H6c1,H6c1,haplotype differs,H6c,H6c,16482G,,unstable (parenthesized) mutation missing in MToolBox
H8b,H8b,parent differs;haplotype differs,H8+(114),H8_s5,114T,,unstable (parenthesized) mutation missing in MToolBox
H8b1,H8b1,haplotype differs,H8b,H8b,114T,,unstable (parenthesized) mutation missing in MToolBox
H8c,H8c,parent differs;haplotype differs,H8+(114)+152,H8_s5_152!,114T,,unstable (parenthesized) mutation missing in MToolBox
H8c1,H8c1,haplotype differs,H8c,H8c,114T,,unstable (parenthesized) mutation missing in MToolBox
H8c2,H8c2,haplotype differs,H8c,H8c,114T,,unstable (parenthesized) mutation missing in MToolBox
H11a2,H11a2,haplotype differs,H11a,H11a,16092C,,unstable (parenthesized) mutation missing in MToolBox
H11a2a,H11a2a,haplotype differs,H11a2,H11a2,16092C,,unstable (parenthesized) mutation missing in MToolBox
H11a2a1,H11a2a1,haplotype differs,H11a2a,H11a2a,16092C,,unstable (parenthesized) mutation missing in MToolBox
H11a2a2,H11a2a2,haplotype differs,H11a2a,H11a2a,16092C,,unstable (parenthesized) mutation missing in MToolBox
H11a2a3,H11a2a3,haplotype differs,H11a2a,H11a2a,16092C,,unstable (parenthesized) mutation missing in MToolBox
H11a4,H11a4,haplotype differs,H11a,H11a,5899.XC,,insertion of unspecified length (.X) missing in MToolBox
H10e,H10e,parent differs;haplotype differs,H10+(16093),H10_s6,16093C,,unstable (parenthesized) mutation missing in MToolBox
H10e1,H10e1,haplotype differs,H10e,H10e,16093C,,unstable (parenthesized) mutation missing in MToolBox
H10e1a,H10e1a,haplotype differs,H10e1,H10e1,16093C,,unstable (parenthesized) mutation missing in MToolBox
H10e2,H10e2,haplotype differs,H10e,H10e,16093C,,unstable (parenthesized) mutation missing in MToolBox
H10e3,H10e3,haplotype differs,H10e,H10e,16093C,,unstable (parenthesized) mutation missing in MToolBox
H10e3a,H10e3a,haplotype differs,H10e3,H10e3,16093C,,unstable (parenthesized) mutation missing in MToolBox
H10f,H10f,parent differs;haplotype differs,H10+(16093),H10_s6,16093C,,unstable (parenthesized) mutation missing in MToolBox
H10g,H10g,parent differs;haplotype differs,H10+(16093),H10_s6,16093C,,unstable (parenthesized) mutation missing in MToolBox
H13b,H13b,haplotype differs,H13,H13,16362C,,unstable (parenthesized) mutation missing in MToolBox
H13b1,H13b1,haplotype differs,H13b,H13b,16362C,,unstable (parenthesized) mutation missing in MToolBox
H13b1+200,H13b1_200,haplotype differs,H13b1,H13b1,16362C,,unstable (parenthesized) mutation missing in MToolBox
H13b1a,H13b1a,haplotype differs,H13b1_200,H13b1_200,16362C,,unstable (parenthesized) mutation missing in MToolBox
H13b1b,H13b1b,haplotype differs,H13b1_200,H13b1_200,16362C,,unstable (parenthesized) mutation missing in MToolBox
H13b2,H13b2,haplotype differs,H13b,H13b,16362C,,unstable (parenthesized) mutation missing in MToolBox
H14b,H14b,haplotype differs,H14,H14,152C,,unstable (parenthesized) mutation missing in MToolBox
H14b1,H14b1,haplotype differs,H14b,H14b,152C,,unstable (parenthesized) mutation missing in MToolBox
H14b2,H14b2,haplotype differs,H14b,H14b,152C,,unstable (parenthesized) mutation missing in MToolBox
H14b2a,H14b2a,haplotype differs,H14b2,H14b2,152C,,unstable (parenthesized) mutation missing in MToolBox
H14b3,H14b3,haplotype differs,H14b,H14b,152C,,unstable (parenthesized) mutation missing in MToolBox
H14b4,H14b4,haplotype differs,H14b,H14b,152C,,unstable (parenthesized) mutation missing in MToolBox
H29,H29,haplotype differs,H,H,573.XC,,insertion of unspecified length (.X) missing in MToolBox
H29a,H29a,haplotype differs,H29,H29,573.XC,,insertion of unspecified length (.X) missing in MToolBox
H29b,H29b,haplotype differs,H29,H29,573.XC,,insertion of unspecified length (.X) missing in MToolBox
HV2,HV2,parent differs,H+73,HV_73!,,,
HV2a,HV2a,haplotype differs,HV2,HV2,72C,,unstable (parenthesized) mutation missing in MToolBox
HV2a1,HV2a1,haplotype differs,HV2a,HV2a,72C,,unstable (parenthesized) mutation missing in MToolBox
HV2a2,HV2a2,haplotype differs,HV2a,HV2a,72C,,unstable (parenthesized) mutation missing in MToolBox
HV2a3,HV2a3,haplotype differs,HV2a,HV2a,72C,,unstable (parenthesized) mutation missing in MToolBox
HV20,HV20,parent differs,H+73,HV_73!,,,
HV13a,HV13a,haplotype differs,HV13,HV13,72C,,unstable (parenthesized) mutation missing in MToolBox
R0a'b,R0a'b,haplotype differs,R0,R0,58C,,unstable (parenthesized) mutation missing in MToolBox
R0a,R0a,haplotype differs,R0a'b,R0a'b,58C,,unstable (parenthesized) mutation missing in MToolBox
R0a1,R0a1,haplotype differs,R0a,R0a,58C,,unstable (parenthesized) mutation missing in MToolBox
R0a1a,R0a1a,haplotype differs,R0a1,R0a1,58C,,unstable (parenthesized) mutation missing in MToolBox
R0a1a1,R0a1a1,haplotype differs,R0a1a,R0a1a,58C,,unstable (parenthesized) mutation missing in MToolBox
R0a1a1a,R0a1a1a,haplotype differs,R0a1a1,R0a1a1,58C,,unstable (parenthesized) mutation missing in MToolBox
R0a1a2,R0a1a2,haplotype differs,R0a1a,R0a1a,58C,,unstable (parenthesized) mutation missing in MToolBox
R0a1a3,R0a1a3,haplotype differs,R0a1a,R0a1a,58C,,unstable (parenthesized) mutation missing in MToolBox
R0a1a4,R0a1a4,haplotype differs,R0a1a,R0a1a,58C,,unstable (parenthesized) mutation missing in MToolBox
R0a1+152,R0a1_152!,haplotype differs,R0a1,R0a1,58C,,unstable (parenthesized) mutation missing in MToolBox
R0a1b,R0a1b,haplotype differs,R0a1_152!,R0a1_152!,58C,,unstable (parenthesized) mutation missing in MToolBox
R0a2'3,R0a2'3,parent differs;haplotype differs,R0a+60.1T,R0a_60.T,58C,,unstable (parenthesized) mutation missing in MToolBox
R0a2,R0a2,haplotype differs,R0a2'3,R0a2'3,58C,,unstable (parenthesized) mutation missing in MToolBox
R0a2a,R0a2a,haplotype differs,R0a2,R0a2,58C,,unstable (parenthesized) mutation missing in MToolBox
R0a2a1,R0a2a1,haplotype differs,R0a2a,R0a2a,58C,,unstable (parenthesized) mutation missing in MToolBox
R0a2b,R0a2b,haplotype differs,R0a2,R0a2,58C,,unstable (parenthesized) mutation missing in MToolBox
R0a2c,R0a2c,haplotype differs,R0a2,R0a2,58C,,unstable (parenthesized) mutation missing in MToolBox
R0a2d,R0a2d,haplotype differs,R0a2,R0a2,58C,,unstable (parenthesized) mutation missing in MToolBox
R0a2e,R0a2e,haplotype differs,R0a2,R0a2,58C,,unstable (parenthesized) mutation missing in MToolBox
R0a2f,R0a2f,haplotype differs,R0a2,R0a2,58C,,unstable (parenthesized) mutation missing in MToolBox
R0a2f1,R0a2f1,haplotype differs,R0a2f,R0a2f,58C,,unstable (parenthesized) mutation missing in MToolBox
R0a2f1a,R0a2f1a,haplotype differs,R0a2f1,R0a2f1,58C,,unstable (parenthesized) mutation missing in MToolBox
R0a2f1b,R0a2f1b,haplotype differs,R0a2f1,R0a2f1,58C,,unstable (parenthesized) mutation missing in MToolBox
R0a2g,R0a2g,haplotype differs,R0a2,R0a2,58C,,unstable (parenthesized) mutation missing in MToolBox
R0a2h,R0a2h,haplotype differs,R0a2,R0a2,58C,,unstable (parenthesized) mutation missing in MToolBox
R0a2i,R0a2i,haplotype differs,R0a2,R0a2,58C 16278T,,unstable (parenthesized) mutation missing in MToolBox
R0a2+195,R0a2_195!,haplotype differs,R0a2,R0a2,58C,,unstable (parenthesized) mutation missing in MToolBox
R0a2j,R0a2j,haplotype differs,R0a2_195!,R0a2_195!,58C,,unstable (parenthesized) mutation missing in MToolBox
R0a2k,R0a2k,haplotype differs,R0a2,R0a2,58C,,unstable (parenthesized) mutation missing in MToolBox
R0a2k1,R0a2k1,haplotype differs,R0a2k,R0a2k,58C,,unstable (parenthesized) mutation missing in MToolBox
R0a2l,R0a2l,haplotype differs,R0a2,R0a2,58C,,unstable (parenthesized) mutation missing in MToolBox
R0a2m,R0a2m,haplotype differs,R0a2,R0a2,58C,,unstable (parenthesized) mutation missing in MToolBox
R0a2n,R0a2n,haplotype differs,R0a2,R0a2,58C,,unstable (parenthesized) mutation missing in MToolBox
R0a3,R0a3,haplotype differs,R0a2'3,R0a2'3,58C,,unstable (parenthesized) mutation missing in MToolBox
R0a3a,R0a3a,haplotype differs,R0a3,R0a3,58C,,unstable (parenthesized) mutation missing in MToolBox
R0a4,R0a4,parent differs;haplotype differs,R0a+60.1T,R0a_60.T,58C,,unstable (parenthesized) mutation missing in MToolBox
R0b,R0b,haplotype differs,R0a'b,R0a'b,58C,,unstable (parenthesized) mutation missing in MToolBox
R2c,R2c,haplotype differs,R2_13500,R2_13500,573.XC,,insertion of unspecified length (.X) missing in MToolBox
J1b,J1b,haplotype differs,J1,J1,16222T,,unstable (parenthesized) mutation missing in MToolBox
J1b1,J1b1,haplotype differs,J1b,J1b,16222T,,unstable (parenthesized) mutation missing in MToolBox
J1b1a,J1b1a,haplotype differs,J1b1,J1b1,16222T,,unstable (parenthesized) mutation missing in MToolBox
J1b1a1,J1b1a1,haplotype differs,J1b1a,J1b1a,16222T,,unstable (parenthesized) mutation missing in MToolBox
J1b1a1a,J1b1a1a,haplotype differs,J1b1a1,J1b1a1,16222T,,unstable (parenthesized) mutation missing in MToolBox
J1b1a1b,J1b1a1b,haplotype differs,J1b1a1,J1b1a1,16222T,,unstable (parenthesized) mutation missing in MToolBox
J1b1a1c,J1b1a1c,haplotype differs,J1b1a1,J1b1a1,16222T,,unstable (parenthesized) mutation missing in MToolBox
J1b1a1d,J1b1a1d,haplotype differs,J1b1a1,J1b1a1,16222T,,unstable (parenthesized) mutation missing in MToolBox
J1b1a1+146,J1b1a1_146!,haplotype differs,J1b1a1,J1b1a1,16222T,,unstable (parenthesized) mutation missing in MToolBox
J1b1a1e,J1b1a1e,haplotype differs,J1b1a1_146!,J1b1a1_146!,16222T,,unstable (parenthesized) mutation missing in MToolBox
J1b1a2,J1b1a2,haplotype differs,J1b1a,J1b1a,16222T,,unstable (parenthesized) mutation missing in MToolBox
J1b1a2a,J1b1a2a,haplotype differs,J1b1a2,J1b1a2,16222T,,unstable (parenthesized) mutation missing in MToolBox
J1b1a2b,J1b1a2b,haplotype differs,J1b1a2,J1b1a2,16222T,,unstable (parenthesized) mutation missing in MToolBox
J1b1a3,J1b1a3,haplotype differs,J1b1a,J1b1a,16222T,,unstable (parenthesized) mutation missing in MToolBox
J1b1b,J1b1b,haplotype differs,J1b1,J1b1,16222T,,unstable (parenthesized) mutation missing in MToolBox
J1b1b1,J1b1b1,haplotype differs,J1b1b,J1b1b,16222T,,unstable (parenthesized) mutation missing in MToolBox
J1b1b1a,J1b1b1a,haplotype differs,J1b1b1,J1b1b1,16222T,,unstable (parenthesized) mutation missing in MToolBox
J1b1b1b,J1b1b1b,haplotype differs,J1b1b1,J1b1b1,16222T,,unstable (parenthesized) mutation missing in MToolBox
J1b1b1c,J1b1b1c,haplotype differs,J1b1b1,J1b1b1,16222T,,unstable (parenthesized) mutation missing in MToolBox
J1b1b2,J1b1b2,haplotype differs,J1b1b,J1b1b,16222T,,unstable (parenthesized) mutation missing in MToolBox
J1b1b3,J1b1b3,haplotype differs,J1b1b,J1b1b,16222T,,unstable (parenthesized) mutation missing in MToolBox
J1b2,J1b2,haplotype differs,J1b,J1b,16222T,,unstable (parenthesized) mutation missing in MToolBox
J1b2a,J1b2a,haplotype differs,J1b2,J1b2,16222T,,unstable (parenthesized) mutation missing in MToolBox
J1b3,J1b3,haplotype differs,J1b,J1b,16222T 16235G,,unstable (parenthesized) mutation missing in MToolBox
J1b3a,J1b3a,haplotype differs,J1b3,J1b3,16222T 16235G,,unstable (parenthesized) mutation missing in MToolBox
J1b3b,J1b3b,haplotype differs,J1b3,J1b3,16222T 16235G,,unstable (parenthesized) mutation missing in MToolBox
J1b3b1,J1b3b1,haplotype differs,J1b3b,J1b3b,16222T 16235G,,unstable (parenthesized) mutation missing in MToolBox
J1b4,J1b4,haplotype differs,J1b,J1b,16222T,,unstable (parenthesized) mutation missing in MToolBox
J1b4a,J1b4a,haplotype differs,J1b4,J1b4,16222T,,unstable (parenthesized) mutation missing in MToolBox
J1b4a1,J1b4a1,haplotype differs,J1b4a,J1b4a,16222T,,unstable (parenthesized) mutation missing in MToolBox
J1b4a2,J1b4a2,haplotype differs,J1b4a,J1b4a,16222T,,unstable (parenthesized) mutation missing in MToolBox
J1b5,J1b5,haplotype differs,J1b,J1b,16222T,,unstable (parenthesized) mutation missing in MToolBox
J1b5a,J1b5a,haplotype differs,J1b5,J1b5,16222T,,unstable (parenthesized) mutation missing in MToolBox
J1b5a1,J1b5a1,haplotype differs,J1b5a,J1b5a,16222T,,unstable (parenthesized) mutation missing in MToolBox
J1b6,J1b6,haplotype differs,J1b,J1b,16222T,,unstable (parenthesized) mutation missing in MToolBox
J1b6a,J1b6a,haplotype differs,J1b6,J1b6,16222T,,unstable (parenthesized) mutation missing in MToolBox
J1b6b,J1b6b,haplotype differs,J1b6,J1b6,16222T,,unstable (parenthesized) mutation missing in MToolBox
J1b7,J1b7,haplotype differs,J1b,J1b,16222T,,unstable (parenthesized) mutation missing in MToolBox
J1b7a,J1b7a,haplotype differs,J1b7,J1b7,16222T,,unstable (parenthesized) mutation missing in MToolBox
J1b8,J1b8,haplotype differs,J1b,J1b,16222T,,unstable (parenthesized) mutation missing in MToolBox
J1b9,J1b9,haplotype differs,J1b,J1b,16222T,,unstable (parenthesized) mutation missing in MToolBox
J1c,J1c,haplotype differs,J1,J1,185A 228A,,unstable (parenthesized) mutation missing in MToolBox
J1c1,J1c1,haplotype differs,J1c,J1c,185A 228A,,unstable (parenthesized) mutation missing in MToolBox
J1c1a,J1c1a,haplotype differs,J1c1,J1c1,185A 228A,,unstable (parenthesized) mutation missing in MToolBox
J1c1b,J1c1b,haplotype differs,J1c1,J1c1,185A 228A,,unstable (parenthesized) mutation missing in MToolBox
J1c1b1,J1c1b1,haplotype differs,J1c1b,J1c1b,185A 228A,,unstable (parenthesized) mutation missing in MToolBox
J1c1b1a,J1c1b1a,haplotype differs,J1c1b1,J1c1b1,185A 228A,,unstable (parenthesized) mutation missing in MToolBox
J1c1b1a1,J1c1b1a1,haplotype differs,J1c1b1a,J1c1b1a,185A 228A,,unstable (parenthesized) mutation missing in MToolBox
J1c1b2,J1c1b2,haplotype differs,J1c1b,J1c1b,185A 228A,,unstable (parenthesized) mutation missing in MToolBox
J1c1b2a,J1c1b2a,haplotype differs,J1c1b2,J1c1b2,185A 228A,,unstable (parenthesized) mutation missing in MToolBox
J1c1c,J1c1c,haplotype differs,J1c1,J1c1,185A 228A,,unstable (parenthesized) mutation missing in MToolBox
J1c1d,J1c1d,haplotype differs,J1c1,J1c1,185A 228A,,unstable (parenthesized) mutation missing in MToolBox
J1c1e,J1c1e,haplotype differs,J1c1,J1c1,185A 228A,,unstable (parenthesized) mutation missing in MToolBox
J1c1f,J1c1f,haplotype differs,J1c1,J1c1,185A 228A,,unstable (parenthesized) mutation missing in MToolBox
J1c1g,J1c1g,haplotype differs,J1c1,J1c1,185A 228A,,unstable (parenthesized) mutation missing in MToolBox
J1c1g1,J1c1g1,haplotype differs,J1c1g,J1c1g,185A 228A,,unstable (parenthesized) mutation missing in MToolBox
J1c1h,J1c1h,haplotype differs,J1c1,J1c1,185A 228A,,unstable (parenthesized) mutation missing in MToolBox
J1c2,J1c2,haplotype differs,J1c,J1c,185A 228A,,unstable (parenthesized) mutation missing in MToolBox
J1c2a,J1c2a,haplotype differs,J1c2,J1c2,185A 228A,,unstable (parenthesized) mutation missing in MToolBox
J1c2a1,J1c2a1,haplotype differs,J1c2a,J1c2a,185A 228A,,unstable (parenthesized) mutation missing in MToolBox
J1c2a1a,J1c2a1a,haplotype differs,J1c2a1,J1c2a1,185A 228A,,unstable (parenthesized) mutation missing in MToolBox
J1c2a2,J1c2a2,haplotype differs,J1c2a,J1c2a,185A 228A,,unstable (parenthesized) mutation missing in MToolBox
J1c2a3,J1c2a3,haplotype differs,J1c2a,J1c2a,185A 228A,,unstable (parenthesized) mutation missing in MToolBox
J1c2b,J1c2b,haplotype differs,J1c2,J1c2,185A 228A,,unstable (parenthesized) mutation missing in MToolBox
J1c2b1,J1c2b1,haplotype differs,J1c2b,J1c2b,185A 228A,,unstable (parenthesized) mutation missing in MToolBox
J1c2b2,J1c2b2,haplotype differs,J1c2b,J1c2b,185A 228A,,unstable (parenthesized) mutation missing in MToolBox
J1c2b3,J1c2b3,haplotype differs,J1c2b,J1c2b,185A 228A,,unstable (parenthesized) mutation missing in MToolBox
J1c2b4,J1c2b4,haplotype differs,J1c2b,J1c2b,185A 228A,,unstable (parenthesized) mutation missing in MToolBox
J1c2b5,J1c2b5,haplotype differs,J1c2b,J1c2b,185A 228A,,unstable (parenthesized) mutation missing in MToolBox
J1c2c,J1c2c,haplotype differs,J1c2,J1c2,146C 185A 228A,,unstable (parenthesized) mutation missing in MToolBox
J1c2c1,J1c2c1,haplotype differs,J1c2c,J1c2c,146C 185A 228A,,unstable (parenthesized) mutation missing in MToolBox
J1c2c1a,J1c2c1a,haplotype differs,J1c2c1,J1c2c1,146C 185A 228A,,unstable (parenthesized) mutation missing in MToolBox
J1c2c2,J1c2c2,haplotype differs,J1c2c,J1c2c,146C 185A 228A,,unstable (parenthesized) mutation missing in MToolBox
J1c2c2a,J1c2c2a,haplotype differs,J1c2c2,J1c2c2,146C 185A 228A,,unstable (parenthesized) mutation missing in MToolBox
J1c2c3,J1c2c3,haplotype differs,J1c2c,J1c2c,146C 185A 228A,,unstable (parenthesized) mutation missing in MToolBox
J1c2d,J1c2d,haplotype differs,J1c2,J1c2,185A 228A,,unstable (parenthesized) mutation missing in MToolBox
J1c2e,J1c2e,haplotype differs,J1c2,J1c2,185A 228A,,unstable (parenthesized) mutation missing in MToolBox
J1c2e1,J1c2e1,haplotype differs,J1c2e,J1c2e,185A 228A,,unstable (parenthesized) mutation missing in MToolBox
J1c2e2,J1c2e2,haplotype differs,J1c2e,J1c2e,185A 228A,,unstable (parenthesized) mutation missing in MToolBox
J1c2f,J1c2f,haplotype differs,J1c2,J1c2,185A 228A,,unstable (parenthesized) mutation missing in MToolBox
J1c2g,J1c2g,haplotype differs,J1c2,J1c2,185A 228A,,unstable (parenthesized) mutation missing in MToolBox
J1c2h,J1c2h,haplotype differs,J1c2,J1c2,185A 228A,,unstable (parenthesized) mutation missing in MToolBox
J1c2i,J1c2i,haplotype differs,J1c2,J1c2,185A 228A,,unstable (parenthesized) mutation missing in MToolBox
J1c2j,J1c2j,haplotype differs,J1c2,J1c2,185A 228A,,unstable (parenthesized) mutation missing in MToolBox
J1c2k,J1c2k,haplotype differs,J1c2,J1c2,185A 228A,,unstable (parenthesized) mutation missing in MToolBox
J1c2l,J1c2l,haplotype differs,J1c2,J1c2,185A 228A,,unstable (parenthesized) mutation missing in MToolBox
J1c2m,J1c2m,haplotype differs,J1c2,J1c2,185A 228A,,unstable (parenthesized) mutation missing in MToolBox
J1c2m1,J1c2m1,haplotype differs,J1c2m,J1c2m,185A 228A,,unstable (parenthesized) mutation missing in MToolBox
J1c2n,J1c2n,haplotype differs,J1c2,J1c2,185A 228A,,unstable (parenthesized) mutation missing in MToolBox
J1c2n1,J1c2n1,haplotype differs,J1c2n,J1c2n,185A 228A,,unstable (parenthesized) mutation missing in MToolBox
J1c2o,J1c2o,haplotype differs,J1c2,J1c2,185A 228A,,unstable (parenthesized) mutation missing in MToolBox
J1c2p,J1c2p,haplotype differs,J1c2,J1c2,185A 228A,,unstable (parenthesized) mutation missing in MToolBox
J1c2q,J1c2q,haplotype differs,J1c2,J1c2,185A 228A,,unstable (parenthesized) mutation missing in MToolBox
J1c2q1,J1c2q1,haplotype differs,J1c2q,J1c2q,185A 228A,,unstable (parenthesized) mutation missing in MToolBox
J1c2r,J1c2r,haplotype differs,J1c2,J1c2,185A 228A,,unstable (parenthesized) mutation missing in MToolBox
J1c2s,J1c2s,haplotype differs,J1c2,J1c2,185A 228A,,unstable (parenthesized) mutation missing in MToolBox
J1c2s1,J1c2s1,haplotype differs,J1c2s,J1c2s,185A 228A,,unstable (parenthesized) mutation missing in MToolBox
J1c2t,J1c2t,haplotype differs,J1c2,J1c2,185A 228A,,unstable (parenthesized) mutation missing in MToolBox
J1c3,J1c3,haplotype differs,J1c,J1c,185A 228A,,unstable (parenthesized) mutation missing in MToolBox
J1c3a,J1c3a,haplotype differs,J1c3,J1c3,185A 228A,,unstable (parenthesized) mutation missing in MToolBox
J1c3a1,J1c3a1,haplotype differs,J1c3a,J1c3a,185A 228A,,unstable (parenthesized) mutation missing in MToolBox
J1c3a2,J1c3a2,haplotype differs,J1c3a,J1c3a,185A 228A,,unstable (parenthesized) mutation missing in MToolBox
J1c3b,J1c3b,haplotype differs,J1c3,J1c3,185A 228A,,unstable (parenthesized) mutation missing in MToolBox
J1c3b1,J1c3b1,haplotype differs,J1c3b,J1c3b,185A 228A,,unstable (parenthesized) mutation missing in MToolBox
J1c3b1a,J1c3b1a,haplotype differs,J1c3b1,J1c3b1,185A 228A,,unstable (parenthesized) mutation missing in MToolBox
J1c3b2,J1c3b2,haplotype differs,J1c3b,J1c3b,185A 228A,,unstable (parenthesized) mutation missing in MToolBox
J1c3c,J1c3c,haplotype differs,J1c3,J1c3,185A 228A,,unstable (parenthesized) mutation missing in MToolBox
J1c3c1,J1c3c1,haplotype differs,J1c3c,J1c3c,185A 228A,,unstable (parenthesized) mutation missing in MToolBox
J1c3c2,J1c3c2,haplotype differs,J1c3c,J1c3c,185A 228A,,unstable (parenthesized) mutation missing in MToolBox
J1c3d,J1c3d,haplotype differs,J1c3,J1c3,185A 228A,,unstable (parenthesized) mutation missing in MToolBox
J1c3e,J1c3e,haplotype differs,J1c3,J1c3,185A 228A,,unstable (parenthesized) mutation missing in MToolBox
J1c3e1,J1c3e1,haplotype differs,J1c3e,J1c3e,185A 228A,,unstable (parenthesized) mutation missing in MToolBox
J1c3e2,J1c3e2,haplotype differs,J1c3e,J1c3e,185A 228A,,unstable (parenthesized) mutation missing in MToolBox
J1c3f,J1c3f,haplotype differs,J1c3,J1c3,185A 228A,,unstable (parenthesized) mutation missing in MToolBox
J1c3g,J1c3g,haplotype differs,J1c3,J1c3,185A 228A,,unstable (parenthesized) mutation missing in MToolBox
J1c3h,J1c3h,haplotype differs,J1c3,J1c3,185A 228A,,unstable (parenthesized) mutation missing in MToolBox
J1c3i,J1c3i,haplotype differs,J1c3,J1c3,185A 228A,,unstable (parenthesized) mutation missing in MToolBox
J1c3j,J1c3j,haplotype differs,J1c3,J1c3,185A 228A,,unstable (parenthesized) mutation missing in MToolBox
J1c3k,J1c3k,haplotype differs,J1c3,J1c3,185A 228A,,unstable (parenthesized) mutation missing in MToolBox
J1c3+189,J1c3_189,haplotype differs,J1c3,J1c3,185A 228A,,unstable (parenthesized) mutation missing in MToolBox
J1c3m,J1c3m,haplotype differs,J1c3_189,J1c3_189,185A 228A,,unstable (parenthesized) mutation missing in MToolBox
J1c4,J1c4,haplotype differs,J1c,J1c,185A 228A,,unstable (parenthesized) mutation missing in MToolBox
J1c4b,J1c4b,haplotype differs,J1c4,J1c4,185A 228A,,unstable (parenthesized) mutation missing in MToolBox
J1c4c,J1c4c,haplotype differs,J1c4,J1c4,185A 228A,,unstable (parenthesized) mutation missing in MToolBox
J1c5,J1c5,haplotype differs,J1c,J1c,185A 228A,,unstable (parenthesized) mutation missing in MToolBox
J1c5a,J1c5a,haplotype differs,J1c5,J1c5,185A 228A,,unstable (parenthesized) mutation missing in MToolBox
J1c5a1,J1c5a1,haplotype differs,J1c5a,J1c5a,185A 228A,,unstable (parenthesized) mutation missing in MToolBox
J1c5b,J1c5b,haplotype differs,J1c5,J1c5,185A 228A,,unstable (parenthesized) mutation missing in MToolBox
J1c5c,J1c5c,haplotype differs,J1c5,J1c5,185A 228A,,unstable (parenthesized) mutation missing in MToolBox
J1c5c1,J1c5c1,haplotype differs,J1c5c,J1c5c,185A 228A,,unstable (parenthesized) mutation missing in MToolBox
J1c5d,J1c5d,haplotype differs,J1c5,J1c5,185A 228A,,unstable (parenthesized) mutation missing in MToolBox
J1c5e,J1c5e,haplotype differs,J1c5,J1c5,185A 228A 16309G,,unstable (parenthesized) mutation missing in MToolBox
J1c5f,J1c5f,haplotype differs,J1c5,J1c5,185A 228A 16311C,,unstable (parenthesized) mutation missing in MToolBox
J1c6,J1c6,haplotype differs,J1c,J1c,185A 228A,,unstable (parenthesized) mutation missing in MToolBox
J1c6a,J1c6a,haplotype differs,J1c6,J1c6,185A 228A,,unstable (parenthesized) mutation missing in MToolBox
J1c+16261,J1c_16261,haplotype differs,J1c,J1c,185A 228A,,unstable (parenthesized) mutation missing in MToolBox
J1c7,J1c7,haplotype differs,J1c_16261,J1c_16261,185A 228A 16092C,,unstable (parenthesized) mutation missing in MToolBox
J1c7a,J1c7a,haplotype differs,J1c7,J1c7,185A 228A 16092C,,unstable (parenthesized) mutation missing in MToolBox
J1c+16261+189,J1c_16261_189,haplotype differs,J1c_16261,J1c_16261,185A 228A,,unstable (parenthesized) mutation missing in MToolBox
J1c12,J1c12,haplotype differs,J1c_16261_189,J1c_16261_189,185A 228A,,unstable (parenthesized) mutation missing in MToolBox
J1c12a,J1c12a,haplotype differs,J1c12,J1c12,185A 228A,,unstable (parenthesized) mutation missing in MToolBox
J1c12b,J1c12b,haplotype differs,J1c12,J1c12,185A 228A,,unstable (parenthesized) mutation missing in MToolBox
J1c13,J1c13,haplotype differs,J1c_16261_189,J1c_16261_189,185A 228A,,unstable (parenthesized) mutation missing in MToolBox
J1c14,J1c14,haplotype differs,J1c_16261,J1c_16261,185A 228A,,unstable (parenthesized) mutation missing in MToolBox
J1c8,J1c8,haplotype differs,J1c,J1c,185A 228A,,unstable (parenthesized) mutation missing in MToolBox
J1c8a,J1c8a,haplotype differs,J1c8,J1c8,185A 228A,,unstable (parenthesized) mutation missing in MToolBox
J1c8a1,J1c8a1,haplotype differs,J1c8a,J1c8a,185A 228A,,unstable (parenthesized) mutation missing in MToolBox
J1c8a1a,J1c8a1a,haplotype differs,J1c8a1,J1c8a1,185A 228A,,unstable (parenthesized) mutation missing in MToolBox
J1c8a2,J1c8a2,haplotype differs,J1c8a,J1c8a,185A 228A,,unstable (parenthesized) mutation missing in MToolBox
J1c8b,J1c8b,haplotype differs,J1c8,J1c8,185A 228A,,unstable (parenthesized) mutation missing in MToolBox
J1c9,J1c9,haplotype differs,J1c,J1c,185A 228A,,unstable (parenthesized) mutation missing in MToolBox
J1c10,J1c10,haplotype differs,J1c,J1c,185A 228A,,unstable (parenthesized) mutation missing in MToolBox
J1c10a,J1c10a,haplotype differs,J1c10,J1c10,185A 228A,,unstable (parenthesized) mutation missing in MToolBox
J1c11,J1c11,haplotype differs,J1c,J1c,185A 228A,,unstable (parenthesized) mutation missing in MToolBox
J1c11a,J1c11a,haplotype differs,J1c11,J1c11,185A 228A,,unstable (parenthesized) mutation missing in MToolBox
J1c15,J1c15,haplotype differs,J1c,J1c,185A 228A,,unstable (parenthesized) mutation missing in MToolBox
J1c15a,J1c15a,haplotype differs,J1c15,J1c15,185A 228A,,unstable (parenthesized) mutation missing in MToolBox
J1c15a1,J1c15a1,haplotype differs,J1c15a,J1c15a,185A 228A,,unstable (parenthesized) mutation missing in MToolBox
J1c15b,J1c15b,haplotype differs,J1c15,J1c15,185A 228A,,unstable (parenthesized) mutation missing in MToolBox
J1c16,J1c16,haplotype differs,J1c,J1c,185A 228A,,unstable (parenthesized) mutation missing in MToolBox
J1c17,J1c17,haplotype differs,J1c,J1c,185A 228A,,unstable (parenthesized) mutation missing in MToolBox
J1c17a,J1c17a,haplotype differs,J1c17,J1c17,185A 228A,,unstable (parenthesized) mutation missing in MToolBox
J2,J2,haplotype differs,J,J,150T,,unstable (parenthesized) mutation missing in MToolBox
J2a,J2a,haplotype differs,J2,J2,150T,,unstable (parenthesized) mutation missing in MToolBox
J2a1,J2a1,haplotype differs,J2a,J2a,150T,,unstable (parenthesized) mutation missing in MToolBox
J2a1a,J2a1a,haplotype differs,J2a1,J2a1,150T 215G 319C,,unstable (parenthesized) mutation missing in MToolBox
J2a1a1,J2a1a1,haplotype differs,J2a1a,J2a1a,150T 215G 319C,,unstable (parenthesized) mutation missing in MToolBox
J2a1a1a,J2a1a1a,haplotype differs,J2a1a1,J2a1a1,150T 215G 319C,,unstable (parenthesized) mutation missing in MToolBox
J2a1a1a1,J2a1a1a1,haplotype differs,J2a1a1a,J2a1a1a,150T 215G 319C,,unstable (parenthesized) mutation missing in MToolBox
J2a1a1a2,J2a1a1a2,haplotype differs,J2a1a1a,J2a1a1a,150T 215G 319C,,unstable (parenthesized) mutation missing in MToolBox
J2a1a1a2a,J2a1a1a2a,haplotype differs,J2a1a1a2,J2a1a1a2,150T 215G 319C,,unstable (parenthesized) mutation missing in MToolBox
J2a1a1a3,J2a1a1a3,haplotype differs,J2a1a1a,J2a1a1a,150T 215G 319C,,unstable (parenthesized) mutation missing in MToolBox
J2a1a1b,J2a1a1b,haplotype differs,J2a1a1,J2a1a1,150T 215G 319C,,unstable (parenthesized) mutation missing in MToolBox
J2a1a1c,J2a1a1c,haplotype differs,J2a1a1,J2a1a1,150T 215G 319C,,unstable (parenthesized) mutation missing in MToolBox
J2a1a1d,J2a1a1d,haplotype differs,J2a1a1,J2a1a1,150T 215G 319C,,unstable (parenthesized) mutation missing in MToolBox
J2a1a1e,J2a1a1e,haplotype differs,J2a1a1,J2a1a1,150T 215G 319C,,unstable (parenthesized) mutation missing in MToolBox
J2a1a2,J2a1a2,haplotype differs,J2a1a,J2a1a,150T 215G 319C,,unstable (parenthesized) mutation missing in MToolBox
J2a1a2a,J2a1a2a,haplotype differs,J2a1a2,J2a1a2,150T 215G 319C,,unstable (parenthesized) mutation missing in MToolBox
J2a1a2a1,J2a1a2a1,haplotype differs,J2a1a2a,J2a1a2a,150T 215G 319C,,unstable (parenthesized) mutation missing in MToolBox
J2a1a2a1a,J2a1a2a1a,haplotype differs,J2a1a2a1,J2a1a2a1,150T 215G 319C,,unstable (parenthesized) mutation missing in MToolBox
J2a2,J2a2,haplotype differs,J2a,J2a,150T,,unstable (parenthesized) mutation missing in MToolBox
J2a2a,J2a2a,haplotype differs,J2a2,J2a2,150T,,unstable (parenthesized) mutation missing in MToolBox
J2a2a1,J2a2a1,haplotype differs,J2a2a,J2a2a,150T,,unstable (parenthesized) mutation missing in MToolBox
J2a2a1+16311,J2a2a1_16311!,haplotype differs,J2a2a1,J2a2a1,150T,,unstable (parenthesized) mutation missing in MToolBox
J2a2a1a,J2a2a1a,haplotype differs,J2a2a1_16311!,J2a2a1_16311!,150T,,unstable (parenthesized) mutation missing in MToolBox
J2a2a1a1,J2a2a1a1,haplotype differs,J2a2a1a,J2a2a1a,150T,,unstable (parenthesized) mutation missing in MToolBox
J2a2a2,J2a2a2,haplotype differs,J2a2a,J2a2a,150T,,unstable (parenthesized) mutation missing in MToolBox
J2a2b,J2a2b,haplotype differs,J2a2,J2a2,150T,,unstable (parenthesized) mutation missing in MToolBox
J2a2b1,J2a2b1,haplotype differs,J2a2b,J2a2b,150T,,unstable (parenthesized) mutation missing in MToolBox
J2a2b1a,J2a2b1a,haplotype differs,J2a2b1,J2a2b1,150T,,unstable (parenthesized) mutation missing in MToolBox
J2a2b2,J2a2b2,haplotype differs,J2a2b,J2a2b,150T,,unstable (parenthesized) mutation missing in MToolBox
J2a2b3,J2a2b3,haplotype differs,J2a2b,J2a2b,150T,,unstable (parenthesized) mutation missing in MToolBox
J2a2c,J2a2c,haplotype differs,J2a2,J2a2,150T,,unstable (parenthesized) mutation missing in MToolBox
J2a2c1,J2a2c1,haplotype differs,J2a2c,J2a2c,150T,,unstable (parenthesized) mutation missing in MToolBox
J2a2d,J2a2d,haplotype differs,J2a2,J2a2,150T,,unstable (parenthesized) mutation missing in MToolBox
J2a2e,J2a2e,haplotype differs,J2a2,J2a2,150T,,unstable (parenthesized) mutation missing in MToolBox
J2b,J2b,haplotype differs,J2,J2,150T,,unstable (parenthesized) mutation missing in MToolBox
J2b1,J2b1,haplotype differs,J2b,J2b,150T,,unstable (parenthesized) mutation missing in MToolBox
J2b1a,J2b1a,haplotype differs,J2b1,J2b1,150T,,unstable (parenthesized) mutation missing in MToolBox
J2b1a1,J2b1a1,haplotype differs,J2b1a,J2b1a,150T,,unstable (parenthesized) mutation missing in MToolBox
J2b1a1a,J2b1a1a,haplotype differs,J2b1a1,J2b1a1,150T,,unstable (parenthesized) mutation missing in MToolBox
J2b1a2,J2b1a2,haplotype differs,J2b1a,J2b1a,150T,,unstable (parenthesized) mutation missing in MToolBox
J2b1a2a,J2b1a2a,haplotype differs,J2b1a2,J2b1a2,150T,,unstable (parenthesized) mutation missing in MToolBox
J2b1a3,J2b1a3,haplotype differs,J2b1a,J2b1a,150T,,unstable (parenthesized) mutation missing in MToolBox
J2b1a4,J2b1a4,haplotype differs,J2b1a,J2b1a,150T,,unstable (parenthesized) mutation missing in MToolBox
J2b1a+16311,J2b1a_16311!,haplotype differs,J2b1a,J2b1a,150T,,unstable (parenthesized) mutation missing in MToolBox
J2b1a5,J2b1a5,haplotype differs,J2b1a_16311!,J2b1a_16311!,150T,,unstable (parenthesized) mutation missing in MToolBox
J2b1a6,J2b1a6,haplotype differs,J2b1a,J2b1a,150T,,unstable (parenthesized) mutation missing in MToolBox
J2b1b,J2b1b,haplotype differs,J2b1,J2b1,150T,,unstable (parenthesized) mutation missing in MToolBox
J2b1b1,J2b1b1,haplotype differs,J2b1b,J2b1b,150T,,unstable (parenthesized) mutation missing in MToolBox
J2b1c,J2b1c,haplotype differs,J2b1,J2b1,150T,,unstable (parenthesized) mutation missing in MToolBox
J2b1c1,J2b1c1,haplotype differs,J2b1c,J2b1c,150T,,unstable (parenthesized) mutation missing in MToolBox
J2b1d,J2b1d,haplotype differs,J2b1,J2b1,150T,,unstable (parenthesized) mutation missing in MToolBox
J2b1e,J2b1e,haplotype differs,J2b1,J2b1,150T,,unstable (parenthesized) mutation missing in MToolBox
J2b1e1,J2b1e1,haplotype differs,J2b1e,J2b1e,150T,,unstable (parenthesized) mutation missing in MToolBox
J2b1f,J2b1f,haplotype differs,J2b1,J2b1,150T,,unstable (parenthesized) mutation missing in MToolBox
J2b1g,J2b1g,haplotype differs,J2b1,J2b1,150T,,unstable (parenthesized) mutation missing in MToolBox
J2b1h,J2b1h,haplotype differs,J2b1,J2b1,150T,,unstable (parenthesized) mutation missing in MToolBox
J2b2,J2b2,haplotype differs,J2b,J2b,150T,,unstable (parenthesized) mutation missing in MToolBox
T2,T2,haplotype differs,T,T,16296T,,unstable (parenthesized) mutation missing in MToolBox
T2a,T2a,haplotype differs,T2,T2,16296T,,unstable (parenthesized) mutation missing in MToolBox
T2a1,T2a1,haplotype differs,T2a,T2a,16296T,,unstable (parenthesized) mutation missing in MToolBox
T2a1a,T2a1a,haplotype differs,T2a1,T2a1,16296T,,unstable (parenthesized) mutation missing in MToolBox
T2a1a1,T2a1a1,haplotype differs,T2a1a,T2a1a,143A 16296T,,unstable (parenthesized) mutation missing in MToolBox
T2a1a2,T2a1a2,haplotype differs,T2a1a,T2a1a,16296T,,unstable (parenthesized) mutation missing in MToolBox
T2a1a3,T2a1a3,haplotype differs,T2a1a,T2a1a,16296T,,unstable (parenthesized) mutation missing in MToolBox
T2a1a3a,T2a1a3a,haplotype differs,T2a1a3,T2a1a3,16296T,,unstable (parenthesized) mutation missing in MToolBox
T2a1a5,T2a1a5,haplotype differs,T2a1a,T2a1a,16296T,,unstable (parenthesized) mutation missing in MToolBox
T2a1a6,T2a1a6,haplotype differs,T2a1a,T2a1a,16296T,,unstable (parenthesized) mutation missing in MToolBox
T2a1a7,T2a1a7,haplotype differs,T2a1a,T2a1a,16296T,,unstable (parenthesized) mutation missing in MToolBox
T2a1a8,T2a1a8,haplotype differs,T2a1a,T2a1a,16296T,,unstable (parenthesized) mutation missing in MToolBox
T2a1b,T2a1b,haplotype differs,T2a1,T2a1,16296T,,unstable (parenthesized) mutation missing in MToolBox
T2a1b1,T2a1b1,haplotype differs,T2a1b,T2a1b,16296T,,unstable (parenthesized) mutation missing in MToolBox
T2a1b1a,T2a1b1a,haplotype differs,T2a1b1,T2a1b1,16296T,,unstable (parenthesized) mutation missing in MToolBox
T2a1b1a1,T2a1b1a1,haplotype differs,T2a1b1a,T2a1b1a,16296T,,unstable (parenthesized) mutation missing in MToolBox
T2a1b1a1a,T2a1b1a1a,haplotype differs,T2a1b1a1,T2a1b1a1,16296T,,unstable (parenthesized) mutation missing in MToolBox
T2a1b1a1a1,T2a1b1a1a1,haplotype differs,T2a1b1a1a,T2a1b1a1a,16296T,,unstable (parenthesized) mutation missing in MToolBox
T2a1b1a1a2,T2a1b1a1a2,haplotype differs,T2a1b1a1a,T2a1b1a1a,16296T,,unstable (parenthesized) mutation missing in MToolBox
T2a1b1a1b,T2a1b1a1b,haplotype differs,T2a1b1a1,T2a1b1a1,16296T,,unstable (parenthesized) mutation missing in MToolBox
T2a1b1a1b1,T2a1b1a1b1,haplotype differs,T2a1b1a1b,T2a1b1a1b,16296T,,unstable (parenthesized) mutation missing in MToolBox
T2a1b1a2,T2a1b1a2,haplotype differs,T2a1b1a,T2a1b1a,16296T,,unstable (parenthesized) mutation missing in MToolBox
T2a1b2,T2a1b2,haplotype differs,T2a1b,T2a1b,16296T,,unstable (parenthesized) mutation missing in MToolBox
T2a1b2a,T2a1b2a,haplotype differs,T2a1b2,T2a1b2,16296T,,unstable (parenthesized) mutation missing in MToolBox
T2a1b2b,T2a1b2b,haplotype differs,T2a1b2,T2a1b2,16296T,,unstable (parenthesized) mutation missing in MToolBox
T2a+195,T2a_195!,haplotype differs,T2a,T2a,16296T,,unstable (parenthesized) mutation missing in MToolBox
T2a2,T2a2,haplotype differs,T2a_195!,T2a_195!,16296T,,unstable (parenthesized) mutation missing in MToolBox
T2a2a,T2a2a,haplotype differs,T2a2,T2a2,16296T,,unstable (parenthesized) mutation missing in MToolBox
T2a3,T2a3,haplotype differs,T2a_195!,T2a_195!,16296T,,unstable (parenthesized) mutation missing in MToolBox
T2b,T2b,haplotype differs,T2,T2,16296T,,unstable (parenthesized) mutation missing in MToolBox
T2b1,T2b1,haplotype differs,T2b,T2b,16296T,,unstable (parenthesized) mutation missing in MToolBox
T2b2,T2b2,haplotype differs,T2b,T2b,16296T,,unstable (parenthesized) mutation missing in MToolBox
T2b2b,T2b2b,haplotype differs,T2b2,T2b2,16296T,,unstable (parenthesized) mutation missing in MToolBox
T2b2b1,T2b2b1,haplotype differs,T2b2b,T2b2b,16296T,,unstable (parenthesized) mutation missing in MToolBox
T2b3,T2b3,haplotype differs,T2b,T2b,16296T,,unstable (parenthesized) mutation missing in MToolBox
T2b3+151,T2b3_151,haplotype differs,T2b3,T2b3,16296T,,unstable (parenthesized) mutation missing in MToolBox
T2b3a,T2b3a,haplotype differs,T2b3_151,T2b3_151,16296T,,unstable (parenthesized) mutation missing in MToolBox
T2b3a1,T2b3a1,haplotype differs,T2b3a,T2b3a,16296T,,unstable (parenthesized) mutation missing in MToolBox
T2b3c,T2b3c,haplotype differs,T2b3_151,T2b3_151,16296T,,unstable (parenthesized) mutation missing in MToolBox
T2b3d,T2b3d,haplotype differs,T2b3_151,T2b3_151,16296T,,unstable (parenthesized) mutation missing in MToolBox
T2b3e,T2b3e,haplotype differs,T2b3_151,T2b3_151,16296T,,unstable (parenthesized) mutation missing in MToolBox
T2b3b,T2b3b,haplotype differs,T2b3,T2b3,16296T,,unstable (parenthesized) mutation missing in MToolBox
T2b4,T2b4,haplotype differs,T2b,T2b,16296T,,unstable (parenthesized) mutation missing in MToolBox
T2b4a,T2b4a,haplotype differs,T2b4,T2b4,16296T,,unstable (parenthesized) mutation missing in MToolBox
T2b4a1,T2b4a1,haplotype differs,T2b4a,T2b4a,16296T,,unstable (parenthesized) mutation missing in MToolBox
T2b4i,T2b4i,haplotype differs,T2b4,T2b4,16296T,,unstable (parenthesized) mutation missing in MToolBox
T2b4+152,T2b4_152!,haplotype differs,T2b4,T2b4,16296T,,unstable (parenthesized) mutation missing in MToolBox
T2b4b,T2b4b,haplotype differs,T2b4_152!,T2b4_152!,16296T,,unstable (parenthesized) mutation missing in MToolBox
T2b4c,T2b4c,haplotype differs,T2b4_152!,T2b4_152!,16296T,,unstable (parenthesized) mutation missing in MToolBox
T2b4d,T2b4d,haplotype differs,T2b4_152!,T2b4_152!,16296T,,unstable (parenthesized) mutation missing in MToolBox
T2b4e,T2b4e,haplotype differs,T2b4_152!,T2b4_152!,16296T,,unstable (parenthesized) mutation missing in MToolBox
T2b4f,T2b4f,haplotype differs,T2b4_152!,T2b4_152!,16296T,,unstable (parenthesized) mutation missing in MToolBox
T2b4g,T2b4g,haplotype differs,T2b4_152!,T2b4_152!,16296T,,unstable (parenthesized) mutation missing in MToolBox
T2b4h,T2b4h,haplotype differs,T2b4_152!,T2b4_152!,16296T,,unstable (parenthesized) mutation missing in MToolBox
T2b5,T2b5,haplotype differs,T2b,T2b,16296T,,unstable (parenthesized) mutation missing in MToolBox
T2b5a,T2b5a,haplotype differs,T2b5,T2b5,16296T,,unstable (parenthesized) mutation missing in MToolBox
T2b5a1,T2b5a1,haplotype differs,T2b5a,T2b5a,573.XC 16296T,,insertion of unspecified length (.X) missing in MToolBox; unstable (parenthesized) mutation missing in MToolBox
T2b6,T2b6,haplotype differs,T2b,T2b,16296T,,unstable (parenthesized) mutation missing in MToolBox
T2b6a,T2b6a,haplotype differs,T2b6,T2b6,16296T,,unstable (parenthesized) mutation missing in MToolBox
T2b6+146,T2b6_146!,haplotype differs,T2b6,T2b6,16296T,,unstable (parenthesized) mutation missing in MToolBox
T2b6b,T2b6b,haplotype differs,T2b6_146!,T2b6_146!,16296T,,unstable (parenthesized) mutation missing in MToolBox
T2b7,T2b7,haplotype differs,T2b,T2b,16296T,,unstable (parenthesized) mutation missing in MToolBox
T2b7a,T2b7a,haplotype differs,T2b7,T2b7,16296T,,unstable (parenthesized) mutation missing in MToolBox
T2b7a1,T2b7a1,haplotype differs,T2b7a,T2b7a,16296T,,unstable (parenthesized) mutation missing in MToolBox
T2b7a2,T2b7a2,haplotype differs,T2b7a,T2b7a,16296T,,unstable (parenthesized) mutation missing in MToolBox
T2b7a3,T2b7a3,haplotype differs,T2b7a,T2b7a,16296T,,unstable (parenthesized) mutation missing in MToolBox
T2b8,T2b8,haplotype differs,T2b,T2b,16296T,,unstable (parenthesized) mutation missing in MToolBox
T2b+150,T2b_150,haplotype differs,T2b,T2b,16296T,,unstable (parenthesized) mutation missing in MToolBox
T2b9,T2b9,haplotype differs,T2b_150,T2b_150,16296T,,unstable (parenthesized) mutation missing in MToolBox
T2b11,T2b11,haplotype differs,T2b,T2b,16296T,,unstable (parenthesized) mutation missing in MToolBox
T2b13,T2b13,haplotype differs,T2b,T2b,16296T,,unstable (parenthesized) mutation missing in MToolBox
T2b13a,T2b13a,haplotype differs,T2b13,T2b13,16296T,,unstable (parenthesized) mutation missing in MToolBox
T2b13b,T2b13b,haplotype differs,T2b13,T2b13,16296T,,unstable (parenthesized) mutation missing in MToolBox
T2b15,T2b15,haplotype differs,T2b,T2b,16296T,,unstable (parenthesized) mutation missing in MToolBox
T2b+16362,T2b_16362,haplotype differs,T2b,T2b,16296T,,unstable (parenthesized) mutation missing in MToolBox
T2b16,T2b16,haplotype differs,T2b_16362,T2b_16362,16296T,,unstable (parenthesized) mutation missing in MToolBox
T2b17,T2b17,haplotype differs,T2b,T2b,16296T,,unstable (parenthesized) mutation missing in MToolBox
T2b17a,T2b17a,haplotype differs,T2b17,T2b17,16296T,,unstable (parenthesized) mutation missing in MToolBox
T2b19,T2b19,haplotype differs,T2b,T2b,16296T,,unstable (parenthesized) mutation missing in MToolBox
T2b19b,T2b19b,haplotype differs,T2b19,T2b19,16296T,,unstable (parenthesized) mutation missing in MToolBox
T2b+152,T2b_152!,haplotype differs,T2b,T2b,16296T,,unstable (parenthesized) mutation missing in MToolBox
T2b21,T2b21,haplotype differs,T2b_152!,T2b_152!,16296T,,unstable (parenthesized) mutation missing in MToolBox
T2b21a,T2b21a,haplotype differs,T2b21,T2b21,16296T,,unstable (parenthesized) mutation missing in MToolBox
T2b21b,T2b21b,haplotype differs,T2b21,T2b21,16296T,,unstable (parenthesized) mutation missing in MToolBox
T2b22,T2b22,haplotype differs,T2b_152!,T2b_152!,16296T,,unstable (parenthesized) mutation missing in MToolBox
T2b23,T2b23,haplotype differs,T2b,T2b,16296T,,unstable (parenthesized) mutation missing in MToolBox
T2b23a,T2b23a,haplotype differs,T2b23,T2b23,16296T,,unstable (parenthesized) mutation missing in MToolBox
T2b24,T2b24,haplotype differs,T2b,T2b,16296T,,unstable (parenthesized) mutation missing in MToolBox
T2b24a,T2b24a,haplotype differs,T2b24,T2b24,16296T,,unstable (parenthesized) mutation missing in MToolBox
T2b25,T2b25,haplotype differs,T2b,T2b,16296T,,unstable (parenthesized) mutation missing in MToolBox
T2b26,T2b26,haplotype differs,T2b,T2b,16296T,,unstable (parenthesized) mutation missing in MToolBox
T2b27,T2b27,haplotype differs,T2b,T2b,16296T,,unstable (parenthesized) mutation missing in MToolBox
T2b28,T2b28,haplotype differs,T2b,T2b,16296T,,unstable (parenthesized) mutation missing in MToolBox
T2b29,T2b29,haplotype differs,T2b,T2b,16296T,,unstable (parenthesized) mutation missing in MToolBox
T2b30,T2b30,haplotype differs,T2b,T2b,16296T,,unstable (parenthesized) mutation missing in MToolBox
T2b31,T2b31,haplotype differs,T2b,T2b,16296T,,unstable (parenthesized) mutation missing in MToolBox
T2b32,T2b32,haplotype differs,T2b,T2b,16296T,,unstable (parenthesized) mutation missing in MToolBox
T2b33,T2b33,haplotype differs,T2b,T2b,16296T,,unstable (parenthesized) mutation missing in MToolBox
T2b34,T2b34,haplotype differs,T2b,T2b,16296T,,unstable (parenthesized) mutation missing in MToolBox
T2b35,T2b35,haplotype differs,T2b,T2b,16296T,,unstable (parenthesized) mutation missing in MToolBox
T2b36,T2b36,haplotype differs,T2b,T2b,16296T,,unstable (parenthesized) mutation missing in MToolBox
T2b37,T2b37,haplotype differs,T2b,T2b,16296T,,unstable (parenthesized) mutation missing in MToolBox
T2c,T2c,haplotype differs,T2,T2,16296T,,unstable (parenthesized) mutation missing in MToolBox
T2c1,T2c1,haplotype differs,T2c,T2c,16296T,,unstable (parenthesized) mutation missing in MToolBox
T2c1a,T2c1a,haplotype differs,T2c1,T2c1,573.XC 16296T,,insertion of unspecified length (.X) missing in MToolBox; unstable (parenthesized) mutation missing in MToolBox
T2c1a1,T2c1a1,haplotype differs,T2c1a,T2c1a,573.XC 16296T,,insertion of unspecified length (.X) missing in MToolBox; unstable (parenthesized) mutation missing in MToolBox
T2c1a2,T2c1a2,haplotype differs,T2c1a,T2c1a,573.XC 16296T,,insertion of unspecified length (.X) missing in MToolBox; unstable (parenthesized) mutation missing in MToolBox
T2c1a3,T2c1a3,haplotype differs,T2c1a,T2c1a,573.XC 16296T,,insertion of unspecified length (.X) missing in MToolBox; unstable (parenthesized) mutation missing in MToolBox
T2c1c,T2c1c,haplotype differs,T2c1,T2c1,16296T,,unstable (parenthesized) mutation missing in MToolBox
T2c1c1,T2c1c1,haplotype differs,T2c1c,T2c1c,16296T,,unstable (parenthesized) mutation missing in MToolBox
T2c1c2,T2c1c2,haplotype differs,T2c1c,T2c1c,16296T,,unstable (parenthesized) mutation missing in MToolBox
T2c1+146,T2c1_146!,haplotype differs,T2c1,T2c1,16296T,,unstable (parenthesized) mutation missing in MToolBox
T2c1d,T2c1d,haplotype differs,T2c1_146!,T2c1_146!,16296T,,unstable (parenthesized) mutation missing in MToolBox
T2c1d1,T2c1d1,haplotype differs,T2c1d,T2c1d,16296T,,unstable (parenthesized) mutation missing in MToolBox
T2c1d1a,T2c1d1a,haplotype differs,T2c1d1,T2c1d1,16296T,,unstable (parenthesized) mutation missing in MToolBox
T2c1d+152,T2c1d_152!,haplotype differs,T2c1d,T2c1d,16296T,,unstable (parenthesized) mutation missing in MToolBox
T2c1d2,T2c1d2,haplotype differs,T2c1d_152!,T2c1d_152!,16296T,,unstable (parenthesized) mutation missing in MToolBox
T2c1d2a,T2c1d2a,haplotype differs,T2c1d2,T2c1d2,16296T,,unstable (parenthesized) mutation missing in MToolBox
T2c1e,T2c1e,haplotype differs,T2c1_146!,T2c1_146!,16296T,,unstable (parenthesized) mutation missing in MToolBox
T2c1f,T2c1f,haplotype differs,T2c1_146!,T2c1_146!,16296T,,unstable (parenthesized) mutation missing in MToolBox
T2d,T2d,haplotype differs,T2,T2,16296T,,unstable (parenthesized) mutation missing in MToolBox
T2d1,T2d1,haplotype differs,T2d,T2d,16296T,,unstable (parenthesized) mutation missing in MToolBox
T2d1a,T2d1a,haplotype differs,T2d1,T2d1,16296T,,unstable (parenthesized) mutation missing in MToolBox
T2d1b,T2d1b,haplotype differs,T2d1,T2d1,16296T,,unstable (parenthesized) mutation missing in MToolBox
T2d1b1,T2d1b1,haplotype differs,T2d1b,T2d1b,16296T,,unstable (parenthesized) mutation missing in MToolBox
T2d1b2,T2d1b2,haplotype differs,T2d1b,T2d1b,16296T,,unstable (parenthesized) mutation missing in MToolBox
T2d2,T2d2,haplotype differs,T2d,T2d,16296T,,unstable (parenthesized) mutation missing in MToolBox
T2+150,T2_150,haplotype differs,T2,T2,16296T,,unstable (parenthesized) mutation missing in MToolBox
T2e,T2e,haplotype differs,T2_150,T2_150,16296T,,unstable (parenthesized) mutation missing in MToolBox
T2e1,T2e1,haplotype differs,T2e,T2e,16296T,,unstable (parenthesized) mutation missing in MToolBox
T2e1a,T2e1a,haplotype differs,T2e1,T2e1,16296T,,unstable (parenthesized) mutation missing in MToolBox
T2e1a1,T2e1a1,haplotype differs,T2e1a,T2e1a,16296T,,unstable (parenthesized) mutation missing in MToolBox
T2e1a1a,T2e1a1a,haplotype differs,T2e1a1,T2e1a1,16114T 16296T,,unstable (parenthesized) mutation missing in MToolBox
T2e1a1b,T2e1a1b,haplotype differs,T2e1a1,T2e1a1,16296T,,unstable (parenthesized) mutation missing in MToolBox
T2e1a1b1,T2e1a1b1,haplotype differs,T2e1a1b,T2e1a1b,16296T,,unstable (parenthesized) mutation missing in MToolBox
T2e1b,T2e1b,haplotype differs,T2e1,T2e1,16296T,,unstable (parenthesized) mutation missing in MToolBox
T2e1b1,T2e1b1,haplotype differs,T2e1b,T2e1b,16296T,,unstable (parenthesized) mutation missing in MToolBox
T2e2,T2e2,haplotype differs,T2e,T2e,16296T,,unstable (parenthesized) mutation missing in MToolBox
T2e2a,T2e2a,haplotype differs,T2e2,T2e2,16296T,,unstable (parenthesized) mutation missing in MToolBox
T2e5,T2e5,haplotype differs,T2e,T2e,16296T,,unstable (parenthesized) mutation missing in MToolBox
T2e6,T2e6,haplotype differs,T2e,T2e,16296T,,unstable (parenthesized) mutation missing in MToolBox
T2e+152,T2e_152!,haplotype differs,T2e,T2e,16296T,,unstable (parenthesized) mutation missing in MToolBox
T2e7,T2e7,haplotype differs,T2e_152!,T2e_152!,16296T,,unstable (parenthesized) mutation missing in MToolBox
T2m,T2m,haplotype differs,T2_150,T2_150,16296T,,unstable (parenthesized) mutation missing in MToolBox
T2+16189,T2_16189!,haplotype differs,T2,T2,16296T,,unstable (parenthesized) mutation missing in MToolBox
T2f,T2f,haplotype differs,T2_16189!,T2_16189!,16296T,,unstable (parenthesized) mutation missing in MToolBox
T2f1,T2f1,haplotype differs,T2f,T2f,16296T,,unstable (parenthesized) mutation missing in MToolBox
T2f1a,T2f1a,haplotype differs,T2f1,T2f1,16296T,,unstable (parenthesized) mutation missing in MToolBox
T2f1a1,T2f1a1,haplotype differs,T2f1a,T2f1a,16296T,,unstable (parenthesized) mutation missing in MToolBox
T2f2,T2f2,haplotype differs,T2f,T2f,16296T,,unstable (parenthesized) mutation missing in MToolBox
T2f3,T2f3,haplotype differs,T2f,T2f,16296T,,unstable (parenthesized) mutation missing in MToolBox
T2f4,T2f4,haplotype differs,T2f,T2f,16296T,,unstable (parenthesized) mutation missing in MToolBox
T2f5,T2f5,haplotype differs,T2f,T2f,16296T,,unstable (parenthesized) mutation missing in MToolBox
T2f6,T2f6,haplotype differs,T2f,T2f,16296T,,unstable (parenthesized) mutation missing in MToolBox
T2f7,T2f7,haplotype differs,T2f,T2f,16296T,,unstable (parenthesized) mutation missing in MToolBox
T2f7a,T2f7a,haplotype differs,T2f7,T2f7,16296T,,unstable (parenthesized) mutation missing in MToolBox
T2f8,T2f8,haplotype differs,T2f,T2f,16296T,,unstable (parenthesized) mutation missing in MToolBox
T2f8a,T2f8a,haplotype differs,T2f8,T2f8,16296T,,unstable (parenthesized) mutation missing in MToolBox
T2g,T2g,haplotype differs,T2,T2,16296T,,unstable (parenthesized) mutation missing in MToolBox
T2g1,T2g1,haplotype differs,T2g,T2g,200G 16296T,,unstable (parenthesized) mutation missing in MToolBox
T2g1a,T2g1a,haplotype differs,T2g1,T2g1,200G 16296T,,unstable (parenthesized) mutation missing in MToolBox
T2g1a1,T2g1a1,haplotype differs,T2g1a,T2g1a,200G 16296T,,unstable (parenthesized) mutation missing in MToolBox
T2g1b,T2g1b,haplotype differs,T2g1,T2g1,200G 16296T,,unstable (parenthesized) mutation missing in MToolBox
T2g2,T2g2,haplotype differs,T2g,T2g,16296T,,unstable (parenthesized) mutation missing in MToolBox
T2g2a,T2g2a,haplotype differs,T2g2,T2g2,16296T,,unstable (parenthesized) mutation missing in MToolBox
T2h,T2h,haplotype differs,T2,T2,16296T,,unstable (parenthesized) mutation missing in MToolBox
T2h1,T2h1,haplotype differs,T2h,T2h,16296T,,unstable (parenthesized) mutation missing in MToolBox
T2h2,T2h2,haplotype differs,T2h,T2h,16296T,,unstable (parenthesized) mutation missing in MToolBox
T2i,T2i,haplotype differs,T2,T2,16296T,,unstable (parenthesized) mutation missing in MToolBox
T2i1,T2i1,haplotype differs,T2i,T2i,16296T,,unstable (parenthesized) mutation missing in MToolBox
T2i2,T2i2,haplotype differs,T2i,T2i,16296T,,unstable (parenthesized) mutation missing in MToolBox
T2j,T2j,haplotype differs,T2,T2,16296T,,unstable (parenthesized) mutation missing in MToolBox
T2j1,T2j1,haplotype differs,T2j,T2j,16296T,,unstable (parenthesized) mutation missing in MToolBox
T2k,T2k,haplotype differs,T2,T2,16296T,,unstable (parenthesized) mutation missing in MToolBox
T2l,T2l,haplotype differs,T2,T2,16296T,,unstable (parenthesized) mutation missing in MToolBox
T2n,T2n,haplotype differs,T2,T2,16296T,,unstable (parenthesized) mutation missing in MToolBox
R6,R6,haplotype differs,R,R,195C 16266T,,unstable (parenthesized) mutation missing in MToolBox
R6+16129,R6_16129!,haplotype differs,R6,R6,195C 16266T,,unstable (parenthesized) mutation missing in MToolBox
R6a,R6a,haplotype differs,R6_16129!,R6_16129!,195C 16266T,,unstable (parenthesized) mutation missing in MToolBox
R6a1,R6a1,haplotype differs,R6a,R6a,195C 16266T,,unstable (parenthesized) mutation missing in MToolBox
R6a2,R6a2,haplotype differs,R6a,R6a,195C 16266T,,unstable (parenthesized) mutation missing in MToolBox
R6b,R6b,haplotype differs,R6,R6,195C 16266T 16278T,,unstable (parenthesized) mutation missing in MToolBox
F3b1b,F3b1b,haplotype differs,F3b1,F3b1,5899.XC,,insertion of unspecified length (.X) missing in MToolBox
F3b1b1,F3b1b1,haplotype differs,F3b1b,F3b1b,5899.XC,,insertion of unspecified length (.X) missing in MToolBox
F4b,F4b,haplotype differs,F4,F4,573.XC,,insertion of unspecified length (.X) missing in MToolBox
F4b1,F4b1,haplotype differs,F4b,F4b,573.XC,,insertion of unspecified length (.X) missing in MToolBox
R11,R11,haplotype differs,R11'B6,R11'B6,8278.XC,,insertion of unspecified length (.X) missing in MToolBox
R11a,R11a,haplotype differs,R11,R11,8278.XC 16365T,,insertion of unspecified length (.X) missing in MToolBox; unstable (parenthesized) mutation missing in MToolBox
R11b,R11b,haplotype differs,R11,R11,8278.XC,,insertion of unspecified length (.X) missing in MToolBox
R11b1,R11b1,haplotype differs,R11b,R11b,8278.XC,,insertion of unspecified length (.X) missing in MToolBox
R11b1a,R11b1a,haplotype differs,R11b1,R11b1,8278.XC,,insertion of unspecified length (.X) missing in MToolBox
R11b1b,R11b1b,haplotype differs,R11b1,R11b1,8278.XC,,insertion of unspecified length (.X) missing in MToolBox
B4a1a1,B4a1a1,haplotype differs,B4a1a,B4a1a,16247G,,unstable (parenthesized) mutation missing in MToolBox
B4a1a1a,B4a1a1a,haplotype differs,B4a1a1,B4a1a1,16247G,,unstable (parenthesized) mutation missing in MToolBox
B4a1a1a1,B4a1a1a1,haplotype differs,B4a1a1a,B4a1a1a,16247G,,unstable (parenthesized) mutation missing in MToolBox
B4a1a1a1a,B4a1a1a1a,haplotype differs,B4a1a1a1,B4a1a1a1,16247G,,unstable (parenthesized) mutation missing in MToolBox
B4a1a1a1a1,B4a1a1a1a1,haplotype differs,B4a1a1a1a,B4a1a1a1a,16247G,,unstable (parenthesized) mutation missing in MToolBox
B4a1a1a1b,B4a1a1a1b,haplotype differs,B4a1a1a1,B4a1a1a1,16247G,,unstable (parenthesized) mutation missing in MToolBox
B4a1a1a1c,B4a1a1a1c,haplotype differs,B4a1a1a1,B4a1a1a1,16247G,,unstable (parenthesized) mutation missing in MToolBox
B4a1a1a1d,B4a1a1a1d,haplotype differs,B4a1a1a1,B4a1a1a1,16247G,,unstable (parenthesized) mutation missing in MToolBox
B4a1a1a2,B4a1a1a2,haplotype differs,B4a1a1a,B4a1a1a,16247G,,unstable (parenthesized) mutation missing in MToolBox
B4a1a1a2a,B4a1a1a2a,haplotype differs,B4a1a1a2,B4a1a1a2,16247G,,unstable (parenthesized) mutation missing in MToolBox
B4a1a1a2b,B4a1a1a2b,haplotype differs,B4a1a1a2,B4a1a1a2,16247G,,unstable (parenthesized) mutation missing in MToolBox
B4a1a1a3,B4a1a1a3,haplotype differs,B4a1a1a,B4a1a1a,16247G,,unstable (parenthesized) mutation missing in MToolBox
B4a1a1a4,B4a1a1a4,haplotype differs,B4a1a1a,B4a1a1a,16247G,,unstable (parenthesized) mutation missing in MToolBox
B4a1a1a5,B4a1a1a5,haplotype differs,B4a1a1a,B4a1a1a,16247G,,unstable (parenthesized) mutation missing in MToolBox
B4a1a1a6,B4a1a1a6,haplotype differs,B4a1a1a,B4a1a1a,16247G,,unstable (parenthesized) mutation missing in MToolBox
B4a1a1a7,B4a1a1a7,haplotype differs,B4a1a1a,B4a1a1a,16093C 16247G,,unstable (parenthesized) mutation missing in MToolBox
B4a1a1a8,B4a1a1a8,haplotype differs,B4a1a1a,B4a1a1a,16247G,,unstable (parenthesized) mutation missing in MToolBox
B4a1a1a9,B4a1a1a9,haplotype differs,B4a1a1a,B4a1a1a,16247G,,unstable (parenthesized) mutation missing in MToolBox
B4a1a1a10,B4a1a1a10,haplotype differs,B4a1a1a,B4a1a1a,16247G,,unstable (parenthesized) mutation missing in MToolBox
B4a1a1a11,B4a1a1a11,haplotype differs,B4a1a1a,B4a1a1a,16247G,,unstable (parenthesized) mutation missing in MToolBox
B4a1a1a11a,B4a1a1a11a,haplotype differs,B4a1a1a11,B4a1a1a11,16247G,,unstable (parenthesized) mutation missing in MToolBox
B4a1a1a11b,B4a1a1a11b,haplotype differs,B4a1a1a11,B4a1a1a11,16247G,,unstable (parenthesized) mutation missing in MToolBox
B4a1a1a12,B4a1a1a12,haplotype differs,B4a1a1a,B4a1a1a,16247G,,unstable (parenthesized) mutation missing in MToolBox
B4a1a1a13,B4a1a1a13,haplotype differs,B4a1a1a,B4a1a1a,16247G,,unstable (parenthesized) mutation missing in MToolBox
B4a1a1a14,B4a1a1a14,haplotype differs,B4a1a1a,B4a1a1a,16247G,,unstable (parenthesized) mutation missing in MToolBox
B4a1a1a15,B4a1a1a15,haplotype differs,B4a1a1a,B4a1a1a,16247G,,unstable (parenthesized) mutation missing in MToolBox
B4a1a1a16,B4a1a1a16,haplotype differs,B4a1a1a,B4a1a1a,16247G,,unstable (parenthesized) mutation missing in MToolBox
B4a1a1a17,B4a1a1a17,haplotype differs,B4a1a1a,B4a1a1a,16247G,,unstable (parenthesized) mutation missing in MToolBox
B4a1a1a18,B4a1a1a18,haplotype differs,B4a1a1a,B4a1a1a,16247G,,unstable (parenthesized) mutation missing in MToolBox
B4a1a1a19,B4a1a1a19,haplotype differs,B4a1a1a,B4a1a1a,16247G,,unstable (parenthesized) mutation missing in MToolBox
B4a1a1a20,B4a1a1a20,haplotype differs,B4a1a1a,B4a1a1a,16247G,,unstable (parenthesized) mutation missing in MToolBox
B4a1a1a21,B4a1a1a21,haplotype differs,B4a1a1a,B4a1a1a,16247G,,unstable (parenthesized) mutation missing in MToolBox
B4a1a1a22,B4a1a1a22,haplotype differs,B4a1a1a,B4a1a1a,16247G,,unstable (parenthesized) mutation missing in MToolBox
B4a1a1a+195,B4a1a1a_195!,haplotype differs,B4a1a1a,B4a1a1a,16247G,,unstable (parenthesized) mutation missing in MToolBox
B4a1a1a23,B4a1a1a23,haplotype differs,B4a1a1a_195!,B4a1a1a_195!,16247G,,unstable (parenthesized) mutation missing in MToolBox
B4a1a1b,B4a1a1b,haplotype differs,B4a1a1,B4a1a1,16247G,,unstable (parenthesized) mutation missing in MToolBox
B4a1a1c,B4a1a1c,haplotype differs,B4a1a1,B4a1a1,16247G,,unstable (parenthesized) mutation missing in MToolBox
B4a1a1d,B4a1a1d,haplotype differs,B4a1a1,B4a1a1,16247G,,unstable (parenthesized) mutation missing in MToolBox
B4a1a1e,B4a1a1e,haplotype differs,B4a1a1,B4a1a1,16247G,,unstable (parenthesized) mutation missing in MToolBox
B4a1a1f,B4a1a1f,haplotype differs,B4a1a1,B4a1a1,16247G,,unstable (parenthesized) mutation missing in MToolBox
B4a1a1g,B4a1a1g,haplotype differs,B4a1a1,B4a1a1,16247G,,unstable (parenthesized) mutation missing in MToolBox
B4a1a1h,B4a1a1h,haplotype differs,B4a1a1,B4a1a1,16247G,,unstable (parenthesized) mutation missing in MToolBox
B4a1a1i,B4a1a1i,haplotype differs,B4a1a1,B4a1a1,16247G,,unstable (parenthesized) mutation missing in MToolBox
B4a1a1j,B4a1a1j,haplotype differs,B4a1a1,B4a1a1,16247G,,unstable (parenthesized) mutation missing in MToolBox
B4a1a1k,B4a1a1k,haplotype differs,B4a1a1,B4a1a1,16247G,,unstable (parenthesized) mutation missing in MToolBox
B4a1a1k1,B4a1a1k1,haplotype differs,B4a1a1k,B4a1a1k,16247G,,unstable (parenthesized) mutation missing in MToolBox
B4a1a1+151,B4a1a1_151,haplotype differs,B4a1a1,B4a1a1,16247G,,unstable (parenthesized) mutation missing in MToolBox
B4a1a1m,B4a1a1m,haplotype differs,B4a1a1_151,B4a1a1_151,16247G,,unstable (parenthesized) mutation missing in MToolBox
B4a1a1m1,B4a1a1m1,haplotype differs,B4a1a1m,B4a1a1m,16247G,,unstable (parenthesized) mutation missing in MToolBox
B4a1a1n,B4a1a1n,haplotype differs,B4a1a1,B4a1a1,16247G,,unstable (parenthesized) mutation missing in MToolBox
B4a1a1+152,B4a1a1_152!,haplotype differs,B4a1a1,B4a1a1,16247G,,unstable (parenthesized) mutation missing in MToolBox
B4a1a1o,B4a1a1o,haplotype differs,B4a1a1_152!,B4a1a1_152!,16247G,,unstable (parenthesized) mutation missing in MToolBox
B4a1a1p,B4a1a1p,haplotype differs,B4a1a1,B4a1a1,16247G,,unstable (parenthesized) mutation missing in MToolBox
B4a1a1q,B4a1a1q,haplotype differs,B4a1a1,B4a1a1,16247G,,unstable (parenthesized) mutation missing in MToolBox
B4a1a1+16126,B4a1a1_16126,haplotype differs,B4a1a1,B4a1a1,16247G,,unstable (parenthesized) mutation missing in MToolBox
B4a1a1r,B4a1a1r,haplotype differs,B4a1a1_16126,B4a1a1_16126,16247G,,unstable (parenthesized) mutation missing in MToolBox
B4a1a1s,B4a1a1s,haplotype differs,B4a1a1,B4a1a1,16247G,,unstable (parenthesized) mutation missing in MToolBox
B4a1a1t,B4a1a1t,haplotype differs,B4a1a1,B4a1a1,16247G,,unstable (parenthesized) mutation missing in MToolBox
B4a1a1u,B4a1a1u,haplotype differs,B4a1a1,B4a1a1,16247G,,unstable (parenthesized) mutation missing in MToolBox
B4a1a1v,B4a1a1v,haplotype differs,B4a1a1,B4a1a1,16247G,,unstable (parenthesized) mutation missing in MToolBox
B4a1a1w,B4a1a1w,haplotype differs,B4a1a1,B4a1a1,16247G,,unstable (parenthesized) mutation missing in MToolBox
B4a1a1x,B4a1a1x,haplotype differs,B4a1a1,B4a1a1,16247G,,unstable (parenthesized) mutation missing in MToolBox
B4a1a1y,B4a1a1y,haplotype differs,B4a1a1,B4a1a1,16247G,,unstable (parenthesized) mutation missing in MToolBox
B4a1a1z,B4a1a1z,haplotype differs,B4a1a1,B4a1a1,16247G,,unstable (parenthesized) mutation missing in MToolBox
B4a1a1aa,B4a1a1aa,haplotype differs,B4a1a1,B4a1a1,16247G,,unstable (parenthesized) mutation missing in MToolBox
B4a1a1ab,B4a1a1ab,haplotype differs,B4a1a1,B4a1a1,16247G,,unstable (parenthesized) mutation missing in MToolBox
B4a1a1ac,B4a1a1ac,haplotype differs,B4a1a1,B4a1a1,16247G,,unstable (parenthesized) mutation missing in MToolBox
B4a1a1ad,B4a1a1ad,haplotype differs,B4a1a1,B4a1a1,16247G,,unstable (parenthesized) mutation missing in MToolBox
B4a1a1ae,B4a1a1ae,haplotype differs,B4a1a1,B4a1a1,16247G,,unstable (parenthesized) mutation missing in MToolBox
B4a1a1af,B4a1a1af,haplotype differs,B4a1a1,B4a1a1,16247G,,unstable (parenthesized) mutation missing in MToolBox
B4a1a5a,B4a1a5a,haplotype differs,B4a1a5,B4a1a5,,146C,unstable (parenthesized) mutation handled differently
B2b4,B2b4,haplotype differs,B2b,B2b,159C 195C 16239T 16353T,16189C,unstable (parenthesized) mutation handled differently; unstable (parenthesized) mutation missing in MToolBox
B4b1a2a,B4b1a2a,haplotype differs,B4b1a2,B4b1a2,5899.XC,,insertion of unspecified length (.X) missing in MToolBox
B4f,B4f,haplotype differs,B4,B4,573.XC,,insertion of unspecified length (.X) missing in MToolBox
B4f1,B4f1,haplotype differs,B4f,B4f,573.XC,,insertion of unspecified length (.X) missing in MToolBox
B5a2a2a,B5a2a2a,haplotype differs,B5a2a2,B5a2a2,204C,,unstable (parenthesized) mutation missing in MToolBox
B5a2a2a1,B5a2a2a1,haplotype differs,B5a2a2a,B5a2a2a,204C,,unstable (parenthesized) mutation missing in MToolBox
B5a2a2a2,B5a2a2a2,haplotype differs,B5a2a2a,B5a2a2a,204C,,unstable (parenthesized) mutation missing in MToolBox
B5b1,B5b1,haplotype differs,B5b,B5b,960.C,,unstable (parenthesized) mutation missing in MToolBox
B5b1a,B5b1a,haplotype differs,B5b1,B5b1,960.C,,unstable (parenthesized) mutation missing in MToolBox
B5b1a1,B5b1a1,haplotype differs,B5b1a,B5b1a,960.C,,unstable (parenthesized) mutation missing in MToolBox
B5b1a2,B5b1a2,haplotype differs,B5b1a,B5b1a,960.C,,unstable (parenthesized) mutation missing in MToolBox
B5b1a2a,B5b1a2a,haplotype differs,B5b1a2,B5b1a2,960.C,,unstable (parenthesized) mutation missing in MToolBox
B5b1c,B5b1c,haplotype differs,B5b1,B5b1,960.C,,unstable (parenthesized) mutation missing in MToolBox
B5b1c1,B5b1c1,haplotype differs,B5b1c,B5b1c,960.C,,unstable (parenthesized) mutation missing in MToolBox
B5b1c1a,B5b1c1a,haplotype differs,B5b1c1,B5b1c1,960.C,,unstable (parenthesized) mutation missing in MToolBox
R14,R14,haplotype differs,R,R,573.XC,,insertion of unspecified length (.X) missing in MToolBox
R30a1,R30a1,haplotype differs,R30a,R30a,152C,,unstable (parenthesized) mutation missing in MToolBox
R30a1a,R30a1a,haplotype differs,R30a1,R30a1,152C,,unstable (parenthesized) mutation missing in MToolBox
R30a1b,R30a1b,haplotype differs,R30a1,R30a1,152C,,unstable (parenthesized) mutation missing in MToolBox
R30a1b1,R30a1b1,haplotype differs,R30a1b,R30a1b,152C,,unstable (parenthesized) mutation missing in MToolBox
R30a1c,R30a1c,haplotype differs,R30a1,R30a1,152C,,unstable (parenthesized) mutation missing in MToolBox
R31,R31,haplotype differs,R,R,16362C,,unstable (parenthesized) mutation missing in MToolBox
R31a,R31a,haplotype differs,R31,R31,16362C,,unstable (parenthesized) mutation missing in MToolBox
R31a1,R31a1,haplotype differs,R31a,R31a,16362C,,unstable (parenthesized) mutation missing in MToolBox
R31b,R31b,haplotype differs,R31,R31,16362C,,unstable (parenthesized) mutation missing in MToolBox
P3,P3,haplotype differs,P,P,573.XC,,insertion of unspecified length (.X) missing in MToolBox
P3a,P3a,haplotype differs,P3,P3,573.XC,,insertion of unspecified length (.X) missing in MToolBox
P3b,P3b,haplotype differs,P3,P3,573.XC,,insertion of unspecified length (.X) missing in MToolBox
P3b1,P3b1,haplotype differs,P3b,P3b,573.XC,,insertion of unspecified length (.X) missing in MToolBox
U1a1a1,U1a1a1,haplotype differs,U1a1a,U1a1a,573.XC,,insertion of unspecified length (.X) missing in MToolBox
U1a1a1a,U1a1a1a,haplotype differs,U1a1a1,U1a1a1,573.XC,,insertion of unspecified length (.X) missing in MToolBox
U1b,U1b,haplotype differs,U1,U1,16111T,,unstable (parenthesized) mutation missing in MToolBox
U1b1,U1b1,haplotype differs,U1b,U1b,16111T,,unstable (parenthesized) mutation missing in MToolBox
U1b2,U1b2,haplotype differs,U1b,U1b,16111T,,unstable (parenthesized) mutation missing in MToolBox
U1b3,U1b3,haplotype differs,U1b,U1b,16111T,,unstable (parenthesized) mutation missing in MToolBox
U5a1a2,U5a1a2,haplotype differs,U5a1a,U5a1a,573.XC,,insertion of unspecified length (.X) missing in MToolBox
U5a1a2a,U5a1a2a,haplotype differs,U5a1a2,U5a1a2,573.XC,,insertion of unspecified length (.X) missing in MToolBox
U5a1a2a1,U5a1a2a1,haplotype differs,U5a1a2a,U5a1a2a,573.XC,,insertion of unspecified length (.X) missing in MToolBox
U5a1a2a1a,U5a1a2a1a,haplotype differs,U5a1a2a1,U5a1a2a1,573.XC,,insertion of unspecified length (.X) missing in MToolBox
U5a1a2b,U5a1a2b,haplotype differs,U5a1a2,U5a1a2,573.XC,,insertion of unspecified length (.X) missing in MToolBox
U5a1a2b1,U5a1a2b1,haplotype differs,U5a1a2b,U5a1a2b,573.XC,,insertion of unspecified length (.X) missing in MToolBox
U5a1d2,U5a1d2,haplotype differs,U5a1d,U5a1d,573.XC,,insertion of unspecified length (.X) missing in MToolBox
U5a1d2a,U5a1d2a,haplotype differs,U5a1d2,U5a1d2,573.XC,,insertion of unspecified length (.X) missing in MToolBox
U5a1d2a1,U5a1d2a1,haplotype differs,U5a1d2a,U5a1d2a,573.XC,,insertion of unspecified length (.X) missing in MToolBox
U5a1d2b,U5a1d2b,haplotype differs,U5a1d2,U5a1d2,573.XC,,insertion of unspecified length (.X) missing in MToolBox
U5a2b1,U5a2b1,haplotype differs,U5a2b,U5a2b,960.XC,,insertion of unspecified length (.X) missing in MToolBox
U5a2b1a,U5a2b1a,haplotype differs,U5a2b1,U5a2b1,960.XC,,insertion of unspecified length (.X) missing in MToolBox
U5a2b1b,U5a2b1b,haplotype differs,U5a2b1,U5a2b1,960.XC,,insertion of unspecified length (.X) missing in MToolBox
U5a2b1c,U5a2b1c,haplotype differs,U5a2b1,U5a2b1,960.XC,,insertion of unspecified length (.X) missing in MToolBox
U5a2b1d,U5a2b1d,haplotype differs,U5a2b1,U5a2b1,960.XC,,insertion of unspecified length (.X) missing in MToolBox
U5b1b2,U5b1b2,haplotype differs,U5b1b,U5b1b,573.XC,,insertion of unspecified length (.X) missing in MToolBox
U5b1b2a,U5b1b2a,haplotype differs,U5b1b2,U5b1b2,573.XC,,insertion of unspecified length (.X) missing in MToolBox
U5b1b2b,U5b1b2b,haplotype differs,U5b1b2,U5b1b2,573.XC,,insertion of unspecified length (.X) missing in MToolBox
U5b1g,U5b1g,haplotype differs,U5b1,U5b1,573.XC,,insertion of unspecified length (.X) missing in MToolBox
U5b1i,U5b1i,haplotype differs,U5b1,U5b1,16311C,,unstable (parenthesized) mutation missing in MToolBox
U5b2c,U5b2c,haplotype differs,U5b2,U5b2,960.XC,,insertion of unspecified length (.X) missing in MToolBox
U5b2c1,U5b2c1,haplotype differs,U5b2c,U5b2c,960.XC,,insertion of unspecified length (.X) missing in MToolBox
U5b2c2,U5b2c2,haplotype differs,U5b2c,U5b2c,960.XC,,insertion of unspecified length (.X) missing in MToolBox
U5b2c2a,U5b2c2a,haplotype differs,U5b2c2,U5b2c2,960.XC,,insertion of unspecified length (.X) missing in MToolBox
U5b2c2b,U5b2c2b,haplotype differs,U5b2c2,U5b2c2,960.XC,,insertion of unspecified length (.X) missing in MToolBox
U5b3,U5b3,haplotype differs,U5b,U5b,228A,,unstable (parenthesized) mutation missing in MToolBox
U5b3a,U5b3a,haplotype differs,U5b3,U5b3,228A,,unstable (parenthesized) mutation missing in MToolBox
U5b3a1,U5b3a1,haplotype differs,U5b3a,U5b3a,228A,,unstable (parenthesized) mutation missing in MToolBox
U5b3a1a,U5b3a1a,haplotype differs,U5b3a1,U5b3a1,228A,,unstable (parenthesized) mutation missing in MToolBox
U5b3a1b,U5b3a1b,haplotype differs,U5b3a1,U5b3a1,228A,,unstable (parenthesized) mutation missing in MToolBox
U5b3a2,U5b3a2,haplotype differs,U5b3a,U5b3a,228A,,unstable (parenthesized) mutation missing in MToolBox
U5b3b,U5b3b,haplotype differs,U5b3,U5b3,228A,,unstable (parenthesized) mutation missing in MToolBox
U5b3b1,U5b3b1,haplotype differs,U5b3b,U5b3b,228A,,unstable (parenthesized) mutation missing in MToolBox
U5b3b2,U5b3b2,haplotype differs,U5b3b,U5b3b,228A,,unstable (parenthesized) mutation missing in MToolBox
U5b3c,U5b3c,haplotype differs,U5b3,U5b3,228A,,unstable (parenthesized) mutation missing in MToolBox
U5b3d,U5b3d,haplotype differs,U5b3,U5b3,228A,,unstable (parenthesized) mutation missing in MToolBox
U5b3e,U5b3e,haplotype differs,U5b3,U5b3,228A,,unstable (parenthesized) mutation missing in MToolBox
U5b3f,U5b3f,haplotype differs,U5b3,U5b3,228A,,unstable (parenthesized) mutation missing in MToolBox
U5b3g,U5b3g,haplotype differs,U5b3,U5b3,228A,,unstable (parenthesized) mutation missing in MToolBox
U5b3h,U5b3h,haplotype differs,U5b3,U5b3,228A,,unstable (parenthesized) mutation missing in MToolBox
U6a2,U6a2,parent differs;haplotype differs,U6a+16189+(103),U6a_16189!_s7,103A,,unstable (parenthesized) mutation missing in MToolBox
U6a2a,U6a2a,haplotype differs,U6a2,U6a2,103A,,unstable (parenthesized) mutation missing in MToolBox
U6a2a1,U6a2a1,haplotype differs,U6a2a,U6a2a,103A,,unstable (parenthesized) mutation missing in MToolBox
U6a2a2,U6a2a2,haplotype differs,U6a2a,U6a2a,103A,,unstable (parenthesized) mutation missing in MToolBox
U6a2a2a,U6a2a2a,haplotype differs,U6a2a2,U6a2a2,103A,,unstable (parenthesized) mutation missing in MToolBox
U6a2b,U6a2b,haplotype differs,U6a2,U6a2,103A,,unstable (parenthesized) mutation missing in MToolBox
U6a2b1,U6a2b1,haplotype differs,U6a2b,U6a2b,103A,,unstable (parenthesized) mutation missing in MToolBox
U6a2+195,U6a2_195!,haplotype differs,U6a2,U6a2,103A,,unstable (parenthesized) mutation missing in MToolBox
U6a2c,U6a2c,haplotype differs,U6a2_195!,U6a2_195!,103A,,unstable (parenthesized) mutation missing in MToolBox
U6a8,U6a8,parent differs;haplotype differs,U6a+16189+(103),U6a_16189!_s7,103A,,unstable (parenthesized) mutation missing in MToolBox
U6a8a,U6a8a,haplotype differs,U6a8,U6a8,103A,,unstable (parenthesized) mutation missing in MToolBox
U6a8b,U6a8b,haplotype differs,U6a8,U6a8,103A,,unstable (parenthesized) mutation missing in MToolBox
U6a6b,U6a6b,haplotype differs,U6a6,U6a6,10685A,,unstable (parenthesized) mutation missing in MToolBox
U6a6b1,U6a6b1,haplotype differs,U6a6b,U6a6b,10685A,,unstable (parenthesized) mutation missing in MToolBox
U6a6b2,U6a6b2,haplotype differs,U6a6b,U6a6b,10685A,,unstable (parenthesized) mutation missing in MToolBox
U2a1,U2a1,haplotype differs,U2a,U2a,195C,,unstable (parenthesized) mutation missing in MToolBox
U2a1a,U2a1a,haplotype differs,U2a1,U2a1,195C,,unstable (parenthesized) mutation missing in MToolBox
U2a1b,U2a1b,haplotype differs,U2a1,U2a1,195C,,unstable (parenthesized) mutation missing in MToolBox
U2b1,U2b1,haplotype differs,U2b,U2b,16168T,,unstable (parenthesized) mutation missing in MToolBox
U2b1a,U2b1a,haplotype differs,U2b1,U2b1,16168T,,unstable (parenthesized) mutation missing in MToolBox
U2e2,U2e2,haplotype differs,U2e1'2'3,U2e1'2'3,16092C,,unstable (parenthesized) mutation missing in MToolBox
U2e2a,U2e2a,haplotype differs,U2e2,U2e2,16092C,,unstable (parenthesized) mutation missing in MToolBox
U2e2a1,U2e2a1,haplotype differs,U2e2a,U2e2a,16092C,,unstable (parenthesized) mutation missing in MToolBox
U2e2a1a,U2e2a1a,haplotype differs,U2e2a1,U2e2a1,16092C,,unstable (parenthesized) mutation missing in MToolBox
U2e2a1a1,U2e2a1a1,haplotype differs,U2e2a1a,U2e2a1a,16092C,,unstable (parenthesized) mutation missing in MToolBox
U2e2a1a2,U2e2a1a2,haplotype differs,U2e2a1a,U2e2a1a,16092C,,unstable (parenthesized) mutation missing in MToolBox
U2e2a1b,U2e2a1b,haplotype differs,U2e2a1,U2e2a1,16092C,,unstable (parenthesized) mutation missing in MToolBox
U2e2a1c,U2e2a1c,haplotype differs,U2e2a1,U2e2a1,16092C,,unstable (parenthesized) mutation missing in MToolBox
U2e2a1d,U2e2a1d,haplotype differs,U2e2a1,U2e2a1,16092C,,unstable (parenthesized) mutation missing in MToolBox
U4a1a1,U4a1a1,haplotype differs,U4a1a,U4a1a,965.XC,,insertion of unspecified length (.X) missing in MToolBox
U4b1b,U4b1b,parent differs,U4b1+146  152,U4b1_146!,,,
U4d3,U4d3,haplotype differs,U4d,U4d,573.XC,,insertion of unspecified length (.X) missing in MToolBox
U9b1,U9b1,haplotype differs,U9b,U9b,573.XC,,insertion of unspecified length (.X) missing in MToolBox
U7,U7,haplotype differs,U2'3'4'7'8'9,U2'3'4'7'8'9,16309G,,unstable (parenthesized) mutation missing in MToolBox
U7a,U7a,haplotype differs,U7,U7,16309G,,unstable (parenthesized) mutation missing in MToolBox
U7a1,U7a1,haplotype differs,U7a,U7a,16309G,,unstable (parenthesized) mutation missing in MToolBox
U7a1a,U7a1a,haplotype differs,U7a1,U7a1,16309G,,unstable (parenthesized) mutation missing in MToolBox
U7a2,U7a2,haplotype differs,U7a,U7a,16309G,,unstable (parenthesized) mutation missing in MToolBox
U7a2a,U7a2a,haplotype differs,U7a2,U7a2,16309G,,unstable (parenthesized) mutation missing in MToolBox
U7a3,U7a3,haplotype differs,U7a,U7a,16309G,,unstable (parenthesized) mutation missing in MToolBox
U7a3a,U7a3a,haplotype differs,U7a3,U7a3,16309G,,unstable (parenthesized) mutation missing in MToolBox
U7a3b,U7a3b,haplotype differs,U7a3,U7a3,16309G,,unstable (parenthesized) mutation missing in MToolBox
U7a4,U7a4,haplotype differs,U7a,U7a,16309G,,unstable (parenthesized) mutation missing in MToolBox
U7a4a,U7a4a,haplotype differs,U7a4,U7a4,16309G,,unstable (parenthesized) mutation missing in MToolBox
U7a4a1,U7a4a1,haplotype differs,U7a4a,U7a4a,16309G,,unstable (parenthesized) mutation missing in MToolBox
U7a4a1a,U7a4a1a,haplotype differs,U7a4a1,U7a4a1,16309G,,unstable (parenthesized) mutation missing in MToolBox
U7a5,U7a5,haplotype differs,U7a,U7a,573.XC 16309G,,insertion of unspecified length (.X) missing in MToolBox; unstable (parenthesized) mutation missing in MToolBox
U7b,U7b,haplotype differs,U7,U7,16309G,,unstable (parenthesized) mutation missing in MToolBox
U7b1,U7b1,haplotype differs,U7b,U7b,16309G,,unstable (parenthesized) mutation missing in MToolBox
U7b2,U7b2,haplotype differs,U7b,U7b,16309G,,unstable (parenthesized) mutation missing in MToolBox
U8a1a,U8a1a,haplotype differs,U8a1,U8a1,16146G,,unstable (parenthesized) mutation missing in MToolBox
U8a1a1,U8a1a1,haplotype differs,U8a1a,U8a1a,16146G,,unstable (parenthesized) mutation missing in MToolBox
U8a1a1a,U8a1a1a,haplotype differs,U8a1a1,U8a1a1,16146G,,unstable (parenthesized) mutation missing in MToolBox
U8a1a1a1,U8a1a1a1,haplotype differs,U8a1a1a,U8a1a1a,16146G,,unstable (parenthesized) mutation missing in MToolBox
U8a1a1b,U8a1a1b,haplotype differs,U8a1a1,U8a1a1,16146G,,unstable (parenthesized) mutation missing in MToolBox
U8a1a1b1,U8a1a1b1,haplotype differs,U8a1a1b,U8a1a1b,16146G,,unstable (parenthesized) mutation missing in MToolBox
U8a1a2,U8a1a2,haplotype differs,U8a1a,U8a1a,16146G,,unstable (parenthesized) mutation missing in MToolBox
U8a1a3,U8a1a3,haplotype differs,U8a1a,U8a1a,16146G,,unstable (parenthesized) mutation missing in MToolBox
U8a1a4,U8a1a4,haplotype differs,U8a1a,U8a1a,16146G,,unstable (parenthesized) mutation missing in MToolBox
K1a,K1a,haplotype differs,K1,K1,16093C,,unstable (parenthesized) mutation missing in MToolBox
K1a1,K1a1,haplotype differs,K1a,K1a,114T 16093C,,unstable (parenthesized) mutation missing in MToolBox
K1a1a,K1a1a,haplotype differs,K1a1,K1a1,114T 16093C,,unstable (parenthesized) mutation missing in MToolBox
K1a1a1,K1a1a1,haplotype differs,K1a1a,K1a1a,114T 16093C,,unstable (parenthesized) mutation missing in MToolBox
K1a1a2,K1a1a2,haplotype differs,K1a1a,K1a1a,114T 16093C,,unstable (parenthesized) mutation missing in MToolBox
K1a1a2a,K1a1a2a,haplotype differs,K1a1a2,K1a1a2,114T 16093C,,unstable (parenthesized) mutation missing in MToolBox
K1a1a2a1,K1a1a2a1,haplotype differs,K1a1a2a,K1a1a2a,114T 16093C,,unstable (parenthesized) mutation missing in MToolBox
K1a1b,K1a1b,haplotype differs,K1a1,K1a1,114T 16093C,,unstable (parenthesized) mutation missing in MToolBox
K1a1b1,K1a1b1,haplotype differs,K1a1b,K1a1b,114T 16093C,,unstable (parenthesized) mutation missing in MToolBox
K1a1b1a,K1a1b1a,haplotype differs,K1a1b1,K1a1b1,114T 16093C,,unstable (parenthesized) mutation missing in MToolBox
K1a1b1b,K1a1b1b,haplotype differs,K1a1b1,K1a1b1,114T 16093C,,unstable (parenthesized) mutation missing in MToolBox
K1a1b1b1,K1a1b1b1,haplotype differs,K1a1b1b,K1a1b1b,114T 16093C,,unstable (parenthesized) mutation missing in MToolBox
K1a1b1c,K1a1b1c,haplotype differs,K1a1b1,K1a1b1,114T 16093C,,unstable (parenthesized) mutation missing in MToolBox
K1a1b1d,K1a1b1d,haplotype differs,K1a1b1,K1a1b1,114T 16093C,,unstable (parenthesized) mutation missing in MToolBox
K1a1b1e,K1a1b1e,haplotype differs,K1a1b1,K1a1b1,114T 16093C,,unstable (parenthesized) mutation missing in MToolBox
K1a1b1f,K1a1b1f,haplotype differs,K1a1b1,K1a1b1,114T 16093C,,unstable (parenthesized) mutation missing in MToolBox
K1a1b1g,K1a1b1g,haplotype differs,K1a1b1,K1a1b1,114T 16093C,,unstable (parenthesized) mutation missing in MToolBox
K1a1b2,K1a1b2,haplotype differs,K1a1b,K1a1b,114T 16093C,,unstable (parenthesized) mutation missing in MToolBox
K1a1b2a,K1a1b2a,haplotype differs,K1a1b2,K1a1b2,114T 16093C,,unstable (parenthesized) mutation missing in MToolBox
K1a1b2a1,K1a1b2a1,haplotype differs,K1a1b2a,K1a1b2a,114T 16093C,,unstable (parenthesized) mutation missing in MToolBox
K1a1b2a1a,K1a1b2a1a,haplotype differs,K1a1b2a1,K1a1b2a1,114T 16093C,,unstable (parenthesized) mutation missing in MToolBox
K1a1b2b,K1a1b2b,haplotype differs,K1a1b2,K1a1b2,114T 16093C,,unstable (parenthesized) mutation missing in MToolBox
K1a1c,K1a1c,haplotype differs,K1a1,K1a1,114T 16093C,,unstable (parenthesized) mutation missing in MToolBox
K1a2,K1a2,haplotype differs,K1a,K1a,16093C,,unstable (parenthesized) mutation missing in MToolBox
K1a2a,K1a2a,haplotype differs,K1a2,K1a2,16093C,,unstable (parenthesized) mutation missing in MToolBox
K1a2a1,K1a2a1,haplotype differs,K1a2a,K1a2a,16093C,,unstable (parenthesized) mutation missing in MToolBox
K1a2a2,K1a2a2,haplotype differs,K1a2a,K1a2a,16093C,,unstable (parenthesized) mutation missing in MToolBox
K1a2b,K1a2b,haplotype differs,K1a2,K1a2,16093C,,unstable (parenthesized) mutation missing in MToolBox
K1a2c,K1a2c,haplotype differs,K1a2,K1a2,16093C,,unstable (parenthesized) mutation missing in MToolBox
K1a3,K1a3,haplotype differs,K1a,K1a,16093C,,unstable (parenthesized) mutation missing in MToolBox
K1a3a,K1a3a,haplotype differs,K1a3,K1a3,16093C,,unstable (parenthesized) mutation missing in MToolBox
K1a3a1,K1a3a1,haplotype differs,K1a3a,K1a3a,16093C,,unstable (parenthesized) mutation missing in MToolBox
K1a3a1a,K1a3a1a,haplotype differs,K1a3a1,K1a3a1,16093C,,unstable (parenthesized) mutation missing in MToolBox
K1a3a1b,K1a3a1b,haplotype differs,K1a3a1,K1a3a1,16093C,,unstable (parenthesized) mutation missing in MToolBox
K1a3a2,K1a3a2,haplotype differs,K1a3a,K1a3a,16093C,,unstable (parenthesized) mutation missing in MToolBox
K1a3a3,K1a3a3,haplotype differs,K1a3a,K1a3a,16093C,,unstable (parenthesized) mutation missing in MToolBox
K1a3a4,K1a3a4,haplotype differs,K1a3a,K1a3a,16093C,,unstable (parenthesized) mutation missing in MToolBox
K1a4,K1a4,haplotype differs,K1a,K1a,16093C,,unstable (parenthesized) mutation missing in MToolBox
K1a4a,K1a4a,haplotype differs,K1a4,K1a4,16093C,,unstable (parenthesized) mutation missing in MToolBox
K1a4a1,K1a4a1,haplotype differs,K1a4a,K1a4a,16093C,,unstable (parenthesized) mutation missing in MToolBox
K1a4a1a,K1a4a1a,haplotype differs,K1a4a1,K1a4a1,16093C,,unstable (parenthesized) mutation missing in MToolBox
K1a4a1a+195,K1a4a1a_195!,haplotype differs,K1a4a1a,K1a4a1a,16093C,,unstable (parenthesized) mutation missing in MToolBox
K1a4a1a1,K1a4a1a1,haplotype differs,K1a4a1a_195!,K1a4a1a_195!,16093C,,unstable (parenthesized) mutation missing in MToolBox
K1a4a1a3,K1a4a1a3,haplotype differs,K1a4a1a_195!,K1a4a1a_195!,16093C,,unstable (parenthesized) mutation missing in MToolBox
K1a4a1a2,K1a4a1a2,haplotype differs,K1a4a1a,K1a4a1a,16093C,,unstable (parenthesized) mutation missing in MToolBox
K1a4a1a2a,K1a4a1a2a,haplotype differs,K1a4a1a2,K1a4a1a2,16093C,,unstable (parenthesized) mutation missing in MToolBox
K1a4a1a2b,K1a4a1a2b,haplotype differs,K1a4a1a2,K1a4a1a2,16093C,,unstable (parenthesized) mutation missing in MToolBox
K1a4a1b,K1a4a1b,haplotype differs,K1a4a1,K1a4a1,16093C,,unstable (parenthesized) mutation missing in MToolBox
K1a4a1b1,K1a4a1b1,haplotype differs,K1a4a1b,K1a4a1b,16093C,,unstable (parenthesized) mutation missing in MToolBox
K1a4a1b2,K1a4a1b2,haplotype differs,K1a4a1b,K1a4a1b,16093C,,unstable (parenthesized) mutation missing in MToolBox
K1a4a1c,K1a4a1c,haplotype differs,K1a4a1,K1a4a1,16093C,,unstable (parenthesized) mutation missing in MToolBox
K1a4a1c1,K1a4a1c1,haplotype differs,K1a4a1c,K1a4a1c,16093C,,unstable (parenthesized) mutation missing in MToolBox
K1a4a1d,K1a4a1d,haplotype differs,K1a4a1,K1a4a1,16093C,,unstable (parenthesized) mutation missing in MToolBox
K1a4a1e,K1a4a1e,haplotype differs,K1a4a1,K1a4a1,16093C,,unstable (parenthesized) mutation missing in MToolBox
K1a4a1f,K1a4a1f,haplotype differs,K1a4a1,K1a4a1,16093C,,unstable (parenthesized) mutation missing in MToolBox
K1a4a1f1,K1a4a1f1,haplotype differs,K1a4a1f,K1a4a1f,16093C,,unstable (parenthesized) mutation missing in MToolBox
K1a4a1g,K1a4a1g,haplotype differs,K1a4a1,K1a4a1,16093C,,unstable (parenthesized) mutation missing in MToolBox
K1a4a1h,K1a4a1h,haplotype differs,K1a4a1,K1a4a1,16093C,,unstable (parenthesized) mutation missing in MToolBox
K1a4a1i,K1a4a1i,haplotype differs,K1a4a1,K1a4a1,16093C,,unstable (parenthesized) mutation missing in MToolBox
K1a4b,K1a4b,haplotype differs,K1a4,K1a4,16093C,,unstable (parenthesized) mutation missing in MToolBox
K1a4b1,K1a4b1,haplotype differs,K1a4b,K1a4b,16093C,,unstable (parenthesized) mutation missing in MToolBox
K1a4c,K1a4c,haplotype differs,K1a4,K1a4,16093C,,unstable (parenthesized) mutation missing in MToolBox
K1a4c1,K1a4c1,haplotype differs,K1a4c,K1a4c,16093C,,unstable (parenthesized) mutation missing in MToolBox
K1a4d,K1a4d,haplotype differs,K1a4,K1a4,16093C,,unstable (parenthesized) mutation missing in MToolBox
K1a4e,K1a4e,haplotype differs,K1a4,K1a4,16093C,,unstable (parenthesized) mutation missing in MToolBox
K1a4f,K1a4f,haplotype differs,K1a4,K1a4,16093C,,unstable (parenthesized) mutation missing in MToolBox
K1a4f1,K1a4f1,haplotype differs,K1a4f,K1a4f,16093C,,unstable (parenthesized) mutation missing in MToolBox
K1a4g,K1a4g,haplotype differs,K1a4,K1a4,16093C,,unstable (parenthesized) mutation missing in MToolBox
K1a4h,K1a4h,haplotype differs,K1a4,K1a4,16093C,,unstable (parenthesized) mutation missing in MToolBox
K1a4h1,K1a4h1,haplotype differs,K1a4h,K1a4h,16093C,,unstable (parenthesized) mutation missing in MToolBox
K1a4i,K1a4i,haplotype differs,K1a4,K1a4,16093C,,unstable (parenthesized) mutation missing in MToolBox
K1a4+146,K1a4_146!,haplotype differs,K1a4,K1a4,16093C,,unstable (parenthesized) mutation missing in MToolBox
K1a4j,K1a4j,haplotype differs,K1a4_146!,K1a4_146!,16093C,,unstable (parenthesized) mutation missing in MToolBox
K1a4j1,K1a4j1,haplotype differs,K1a4j,K1a4j,16093C,,unstable (parenthesized) mutation missing in MToolBox
K1a5,K1a5,haplotype differs,K1a,K1a,16093C,,unstable (parenthesized) mutation missing in MToolBox
K1a5a,K1a5a,haplotype differs,K1a5,K1a5,16093C,,unstable (parenthesized) mutation missing in MToolBox
K1a5b,K1a5b,haplotype differs,K1a5,K1a5,16093C,,unstable (parenthesized) mutation missing in MToolBox
K1a6,K1a6,haplotype differs,K1a,K1a,16093C,,unstable (parenthesized) mutation missing in MToolBox
K1a7,K1a7,haplotype differs,K1a,K1a,16093C,,unstable (parenthesized) mutation missing in MToolBox
K1a8,K1a8,haplotype differs,K1a,K1a,16093C,,unstable (parenthesized) mutation missing in MToolBox
K1a8a,K1a8a,haplotype differs,K1a8,K1a8,16093C,,unstable (parenthesized) mutation missing in MToolBox
K1a8a1,K1a8a1,haplotype differs,K1a8a,K1a8a,16093C,,unstable (parenthesized) mutation missing in MToolBox
K1a8b,K1a8b,haplotype differs,K1a8,K1a8,16093C,,unstable (parenthesized) mutation missing in MToolBox
K1a+195,K1a_195!,haplotype differs,K1a,K1a,16093C,,unstable (parenthesized) mutation missing in MToolBox
K1a9,K1a9,haplotype differs,K1a_195!,K1a_195!,16093C,,unstable (parenthesized) mutation missing in MToolBox
K1a10,K1a10,haplotype differs,K1a_195!,K1a_195!,16093C,,unstable (parenthesized) mutation missing in MToolBox
K1a10a,K1a10a,haplotype differs,K1a10,K1a10,16093C,,unstable (parenthesized) mutation missing in MToolBox
K1a13,K1a13,haplotype differs,K1a_195!,K1a_195!,16093C,,unstable (parenthesized) mutation missing in MToolBox
K1a13a,K1a13a,haplotype differs,K1a13,K1a13,16093C,,unstable (parenthesized) mutation missing in MToolBox
K1a14,K1a14,haplotype differs,K1a_195!,K1a_195!,16093C,,unstable (parenthesized) mutation missing in MToolBox
K1a15,K1a15,haplotype differs,K1a_195!,K1a_195!,16093C,,unstable (parenthesized) mutation missing in MToolBox
K1a16,K1a16,haplotype differs,K1a_195!,K1a_195!,16093C,,unstable (parenthesized) mutation missing in MToolBox
K1a26,K1a26,haplotype differs,K1a_195!,K1a_195!,16093C,,unstable (parenthesized) mutation missing in MToolBox
K1a+150,K1a_150,haplotype differs,K1a,K1a,16093C,,unstable (parenthesized) mutation missing in MToolBox
K1a11,K1a11,haplotype differs,K1a_150,K1a_150,16093C,,unstable (parenthesized) mutation missing in MToolBox
K1a11a,K1a11a,haplotype differs,K1a11,K1a11,16093C,,unstable (parenthesized) mutation missing in MToolBox
K1a11a1,K1a11a1,haplotype differs,K1a11a,K1a11a,16093C,,unstable (parenthesized) mutation missing in MToolBox
K1a11b,K1a11b,haplotype differs,K1a11,K1a11,16093C,,unstable (parenthesized) mutation missing in MToolBox
K1a24,K1a24,haplotype differs,K1a_150,K1a_150,16093C,,unstable (parenthesized) mutation missing in MToolBox
K1a24a,K1a24a,haplotype differs,K1a24,K1a24,16093C,,unstable (parenthesized) mutation missing in MToolBox
K1a30,K1a30,haplotype differs,K1a_150,K1a_150,16093C,,unstable (parenthesized) mutation missing in MToolBox
K1a30a,K1a30a,haplotype differs,K1a30,K1a30,16093C,,unstable (parenthesized) mutation missing in MToolBox
K1a31,K1a31,haplotype differs,K1a_150,K1a_150,16093C,,unstable (parenthesized) mutation missing in MToolBox
K1a12,K1a12,haplotype differs,K1a,K1a,16093C,,unstable (parenthesized) mutation missing in MToolBox
K1a12a,K1a12a,haplotype differs,K1a12,K1a12,16093C,,unstable (parenthesized) mutation missing in MToolBox
K1a12a1,K1a12a1,haplotype differs,K1a12a,K1a12a,16093C,,unstable (parenthesized) mutation missing in MToolBox
K1a12a1a,K1a12a1a,haplotype differs,K1a12a1,K1a12a1,16093C,,unstable (parenthesized) mutation missing in MToolBox
K1a17,K1a17,haplotype differs,K1a,K1a,16093C,,unstable (parenthesized) mutation missing in MToolBox
K1a17a,K1a17a,haplotype differs,K1a17,K1a17,16093C,,unstable (parenthesized) mutation missing in MToolBox
K1a18,K1a18,haplotype differs,K1a,K1a,16093C,,unstable (parenthesized) mutation missing in MToolBox
K1a19,K1a19,haplotype differs,K1a,K1a,16093C,,unstable (parenthesized) mutation missing in MToolBox
K1a19a,K1a19a,haplotype differs,K1a19,K1a19,16093C,,unstable (parenthesized) mutation missing in MToolBox
K1a23,K1a23,haplotype differs,K1a,K1a,16093C,,unstable (parenthesized) mutation missing in MToolBox
K1a25,K1a25,haplotype differs,K1a,K1a,16093C,,unstable (parenthesized) mutation missing in MToolBox
K1a27,K1a27,haplotype differs,K1a,K1a,16093C,,unstable (parenthesized) mutation missing in MToolBox
K1a28,K1a28,haplotype differs,K1a,K1a,16093C,,unstable (parenthesized) mutation missing in MToolBox
K1a29,K1a29,haplotype differs,K1a,K1a,16093C,,unstable (parenthesized) mutation missing in MToolBox
K1a29a,K1a29a,haplotype differs,K1a29,K1a29,16093C,,unstable (parenthesized) mutation missing in MToolBox
K1b1a,K1b1a,parent differs;haplotype differs,K1b1+(16093),K1b1_s8,16093C,,unstable (parenthesized) mutation missing in MToolBox
K1b1a1,K1b1a1,haplotype differs,K1b1a,K1b1a,16093C,,unstable (parenthesized) mutation missing in MToolBox
K1b1a1+199,K1b1a1_199,haplotype differs,K1b1a1,K1b1a1,16093C,,unstable (parenthesized) mutation missing in MToolBox
K1b1a1a,K1b1a1a,haplotype differs,K1b1a1_199,K1b1a1_199,16093C,,unstable (parenthesized) mutation missing in MToolBox
K1b1a1b,K1b1a1b,haplotype differs,K1b1a1_199,K1b1a1_199,16093C 16189C,,unstable (parenthesized) mutation missing in MToolBox
K1b1a1c,K1b1a1c,haplotype differs,K1b1a1,K1b1a1,16093C,,unstable (parenthesized) mutation missing in MToolBox
K1b1a1c1,K1b1a1c1,haplotype differs,K1b1a1c,K1b1a1c,16093C,,unstable (parenthesized) mutation missing in MToolBox
K1b1a1d,K1b1a1d,haplotype differs,K1b1a1,K1b1a1,16093C,,unstable (parenthesized) mutation missing in MToolBox
K1b1a1d1,K1b1a1d1,haplotype differs,K1b1a1d,K1b1a1d,16093C,,unstable (parenthesized) mutation missing in MToolBox
K1b1a2,K1b1a2,haplotype differs,K1b1a,K1b1a,16093C,,unstable (parenthesized) mutation missing in MToolBox
K1b1b,K1b1b,parent differs;haplotype differs,K1b1+(16093),K1b1_s8,16093C,,unstable (parenthesized) mutation missing in MToolBox
K1b1b1,K1b1b1,haplotype differs,K1b1b,K1b1b,16093C,,unstable (parenthesized) mutation missing in MToolBox
K1d,K1d,haplotype differs,K1_16362,K1_16362,573.XC,,insertion of unspecified length (.X) missing in MToolBox
K1d1,K1d1,haplotype differs,K1d,K1d,573.XC,,insertion of unspecified length (.X) missing in MToolBox
N1a1,N1a1,haplotype differs,N1a1'2,N1a1'2,573.XC,,insertion of unspecified length (.X) missing in MToolBox
N1a1a,N1a1a,haplotype differs,N1a1,N1a1,573.XC,,insertion of unspecified length (.X) missing in MToolBox
N1a1a+152,N1a1a_152!,haplotype differs,N1a1a,N1a1a,573.XC,,insertion of unspecified length (.X) missing in MToolBox
N1a1a1,N1a1a1,haplotype differs,N1a1a_152!,N1a1a_152!,573.XC,,insertion of unspecified length (.X) missing in MToolBox
N1a1a1a,N1a1a1a,haplotype differs,N1a1a1,N1a1a1,573.XC,,insertion of unspecified length (.X) missing in MToolBox
N1a1a1a1,N1a1a1a1,haplotype differs,N1a1a1a,N1a1a1a,573.XC,,insertion of unspecified length (.X) missing in MToolBox
N1a1a1a1a,N1a1a1a1a,haplotype differs,N1a1a1a1,N1a1a1a1,573.XC,,insertion of unspecified length (.X) missing in MToolBox
N1a1a1a2,N1a1a1a2,haplotype differs,N1a1a1a,N1a1a1a,573.XC,,insertion of unspecified length (.X) missing in MToolBox
N1a1a1a3,N1a1a1a3,haplotype differs,N1a1a1a,N1a1a1a,573.XC,,insertion of unspecified length (.X) missing in MToolBox
N1a1a1b,N1a1a1b,haplotype differs,N1a1a1,N1a1a1,573.XC,,insertion of unspecified length (.X) missing in MToolBox
N1a1a2,N1a1a2,haplotype differs,N1a1a_152!,N1a1a_152!,573.XC,,insertion of unspecified length (.X) missing in MToolBox
N1a1a3,N1a1a3,haplotype differs,N1a1a,N1a1a,573.XC,,insertion of unspecified length (.X) missing in MToolBox
N1a1b,N1a1b,haplotype differs,N1a1,N1a1,573.XC,,insertion of unspecified length (.X) missing in MToolBox
N1a1b1,N1a1b1,haplotype differs,N1a1b,N1a1b,573.XC,,insertion of unspecified length (.X) missing in MToolBox
I,I,haplotype differs,N1a1b,N1a1b,573.XC,,insertion of unspecified length (.X) missing in MToolBox
I1,I1,haplotype differs,I,I,573.XC,,insertion of unspecified length (.X) missing in MToolBox
I1a,I1a,haplotype differs,I1,I1,573.XC,,insertion of unspecified length (.X) missing in MToolBox
I1a1,I1a1,haplotype differs,I1a,I1a,573.XC,,insertion of unspecified length (.X) missing in MToolBox
I1a1a,I1a1a,haplotype differs,I1a1,I1a1,573.XC,,insertion of unspecified length (.X) missing in MToolBox
I1a1a1,I1a1a1,haplotype differs,I1a1a,I1a1a,573.XC,,insertion of unspecified length (.X) missing in MToolBox
I1a1a2,I1a1a2,haplotype differs,I1a1a,I1a1a,573.XC,,insertion of unspecified length (.X) missing in MToolBox
I1a1a3,I1a1a3,haplotype differs,I1a1a,I1a1a,573.XC,,insertion of unspecified length (.X) missing in MToolBox
I1a1a3a,I1a1a3a,haplotype differs,I1a1a3,I1a1a3,573.XC,,insertion of unspecified length (.X) missing in MToolBox
I1a1b,I1a1b,haplotype differs,I1a1,I1a1,573.XC,,insertion of unspecified length (.X) missing in MToolBox
I1a1c,I1a1c,haplotype differs,I1a1,I1a1,573.XC,,insertion of unspecified length (.X) missing in MToolBox
I1a1d,I1a1d,haplotype differs,I1a1,I1a1,573.XC,,insertion of unspecified length (.X) missing in MToolBox
I1a1e,I1a1e,haplotype differs,I1a1,I1a1,573.XC,,insertion of unspecified length (.X) missing in MToolBox
I1b,I1b,haplotype differs,I1,I1,573.XC,,insertion of unspecified length (.X) missing in MToolBox
I1c,I1c,haplotype differs,I1,I1,573.XC,,insertion of unspecified length (.X) missing in MToolBox
I1c1,I1c1,haplotype differs,I1c,I1c,573.XC,,insertion of unspecified length (.X) missing in MToolBox
I1c1a,I1c1a,haplotype differs,I1c1,I1c1,573.XC,,insertion of unspecified length (.X) missing in MToolBox
I1d,I1d,haplotype differs,I1,I1,573.XC,,insertion of unspecified length (.X) missing in MToolBox
I1e,I1e,haplotype differs,I1,I1,573.XC,,insertion of unspecified length (.X) missing in MToolBox
I1f,I1f,haplotype differs,I1,I1,573.XC,,insertion of unspecified length (.X) missing in MToolBox
I2'3,I2'3,haplotype differs,I,I,573.XC,,insertion of unspecified length (.X) missing in MToolBox
I2,I2,haplotype differs,I2'3,I2'3,573.XC,,insertion of unspecified length (.X) missing in MToolBox
I2a,I2a,haplotype differs,I2,I2,573.XC,,insertion of unspecified length (.X) missing in MToolBox
I2a1,I2a1,haplotype differs,I2a,I2a,573.XC,,insertion of unspecified length (.X) missing in MToolBox
I2a1a,I2a1a,haplotype differs,I2a1,I2a1,573.XC,,insertion of unspecified length (.X) missing in MToolBox
I2a2,I2a2,haplotype differs,I2a,I2a,573.XC,,insertion of unspecified length (.X) missing in MToolBox
I2a3,I2a3,haplotype differs,I2a,I2a,573.XC,,insertion of unspecified length (.X) missing in MToolBox
I2b,I2b,haplotype differs,I2,I2,573.XC,,insertion of unspecified length (.X) missing in MToolBox
I2c,I2c,haplotype differs,I2,I2,573.XC,,insertion of unspecified length (.X) missing in MToolBox
I2d,I2d,haplotype differs,I2,I2,573.XC,,insertion of unspecified length (.X) missing in MToolBox
I2e,I2e,haplotype differs,I2,I2,573.XC,,insertion of unspecified length (.X) missing in MToolBox
I2f,I2f,haplotype differs,I2,I2,573.XC,,insertion of unspecified length (.X) missing in MToolBox
I3,I3,haplotype differs,I2'3,I2'3,573.XC,,insertion of unspecified length (.X) missing in MToolBox
I3a,I3a,haplotype differs,I3,I3,573.XC,,insertion of unspecified length (.X) missing in MToolBox
I3a1,I3a1,haplotype differs,I3a,I3a,573.XC,,insertion of unspecified length (.X) missing in MToolBox
I3b,I3b,haplotype differs,I3,I3,573.XC,,insertion of unspecified length (.X) missing in MToolBox
I3c,I3c,haplotype differs,I3,I3,573.XC,,insertion of unspecified length (.X) missing in MToolBox
I3d,I3d,haplotype differs,I3,I3,573.XC,,insertion of unspecified length (.X) missing in MToolBox
I3d1,I3d1,haplotype differs,I3d,I3d,573.XC,,insertion of unspecified length (.X) missing in MToolBox
I4,I4,haplotype differs,I,I,573.XC,,insertion of unspecified length (.X) missing in MToolBox
I4a,I4a,haplotype differs,I4,I4,573.XC,,insertion of unspecified length (.X) missing in MToolBox
I4a1,I4a1,haplotype differs,I4a,I4a,573.XC,,insertion of unspecified length (.X) missing in MToolBox
I4a2,I4a2,haplotype differs,I4a,I4a,573.XC,,insertion of unspecified length (.X) missing in MToolBox
I4b,I4b,haplotype differs,I4,I4,573.XC,,insertion of unspecified length (.X) missing in MToolBox
I5,I5,haplotype differs,I,I,573.XC,,insertion of unspecified length (.X) missing in MToolBox
I5a,I5a,haplotype differs,I5,I5,573.XC,,insertion of unspecified length (.X) missing in MToolBox
I5a1,I5a1,haplotype differs,I5a,I5a,573.XC,,insertion of unspecified length (.X) missing in MToolBox
I5a1a,I5a1a,haplotype differs,I5a1,I5a1,573.XC,,insertion of unspecified length (.X) missing in MToolBox
I5a1b,I5a1b,haplotype differs,I5a1,I5a1,573.XC,,insertion of unspecified length (.X) missing in MToolBox
I5a1c,I5a1c,haplotype differs,I5a1,I5a1,573.XC,,insertion of unspecified length (.X) missing in MToolBox
I5a2,I5a2,haplotype differs,I5a,I5a,573.XC,,insertion of unspecified length (.X) missing in MToolBox
I5a2+16086,I5a2_16086,haplotype differs,I5a2,I5a2,573.XC,,insertion of unspecified length (.X) missing in MToolBox
I5a2a,I5a2a,haplotype differs,I5a2_16086,I5a2_16086,573.XC,,insertion of unspecified length (.X) missing in MToolBox
I5a3,I5a3,haplotype differs,I5a,I5a,573.XC,,insertion of unspecified length (.X) missing in MToolBox
I5a4,I5a4,haplotype differs,I5a,I5a,573.XC,,insertion of unspecified length (.X) missing in MToolBox
I5b,I5b,haplotype differs,I5,I5,573.XC,,insertion of unspecified length (.X) missing in MToolBox
I5b1,I5b1,haplotype differs,I5b,I5b,573.XC,,insertion of unspecified length (.X) missing in MToolBox
I5c,I5c,haplotype differs,I5,I5,573.XC,,insertion of unspecified length (.X) missing in MToolBox
I5c1,I5c1,haplotype differs,I5c,I5c,573.XC,,insertion of unspecified length (.X) missing in MToolBox
I6,I6,haplotype differs,I,I,573.XC,,insertion of unspecified length (.X) missing in MToolBox
I6a,I6a,haplotype differs,I6,I6,203A 573.XC 16293C,,insertion of unspecified length (.X) missing in MToolBox; unstable (parenthesized) mutation missing in MToolBox
I6b,I6b,haplotype differs,I6,I6,573.XC,,insertion of unspecified length (.X) missing in MToolBox
I7,I7,haplotype differs,I,I,573.XC,,insertion of unspecified length (.X) missing in MToolBox
N5,N5,haplotype differs,N1'5,N1'5,13434G,,unstable (parenthesized) mutation missing in MToolBox
N5a,N5a,haplotype differs,N5,N5,13434G 13830C,,unstable (parenthesized) mutation missing in MToolBox
W3a1d,W3a1d,haplotype differs,W3a1_199,W3a1_199,10398G,,other
W4,W4,haplotype differs,W_194,W_194,16286T,,unstable (parenthesized) mutation missing in MToolBox
W4a,W4a,haplotype differs,W4,W4,16286T,,unstable (parenthesized) mutation missing in MToolBox
W4a1,W4a1,haplotype differs,W4a,W4a,16286T,,unstable (parenthesized) mutation missing in MToolBox
W4b,W4b,haplotype differs,W4,W4,16286T,,unstable (parenthesized) mutation missing in MToolBox
W4c,W4c,haplotype differs,W4,W4,16286T,,unstable (parenthesized) mutation missing in MToolBox
W4d,W4d,haplotype differs,W4,W4,16286T,,unstable (parenthesized) mutation missing in MToolBox
W6,W6,haplotype differs,W_194,W_194,16192T,,unstable (parenthesized) mutation missing in MToolBox
W6a,W6a,haplotype differs,W6,W6,16192T,,unstable (parenthesized) mutation missing in MToolBox
W6b,W6b,haplotype differs,W6,W6,16192T,,unstable (parenthesized) mutation missing in MToolBox
W6b1,W6b1,haplotype differs,W6b,W6b,16192T,,unstable (parenthesized) mutation missing in MToolBox
W6c,W6c,haplotype differs,W6,W6,16192T,,unstable (parenthesized) mutation missing in MToolBox
W6c1,W6c1,haplotype differs,W6c,W6c,16192T,,unstable (parenthesized) mutation missing in MToolBox
W6c1a,W6c1a,haplotype differs,W6c1,W6c1,16192T,,unstable (parenthesized) mutation missing in MToolBox
W6d,W6d,haplotype differs,W6,W6,16192T,,unstable (parenthesized) mutation missing in MToolBox
N7,N7,haplotype differs,N,N,16318G,,unstable (parenthesized) mutation missing in MToolBox
N7a,N7a,haplotype differs,N7,N7,16318G,,unstable (parenthesized) mutation missing in MToolBox
N7a1,N7a1,haplotype differs,N7a,N7a,16318G,,unstable (parenthesized) mutation missing in MToolBox
N7a2,N7a2,haplotype differs,N7a,N7a,16318G,,unstable (parenthesized) mutation missing in MToolBox
N7b,N7b,haplotype differs,N7,N7,16318G,,unstable (parenthesized) mutation missing in MToolBox
Y1,Y1,haplotype differs,Y,Y,16266T,,unstable (parenthesized) mutation missing in MToolBox
Y1a,Y1a,haplotype differs,Y1,Y1,16266T,,unstable (parenthesized) mutation missing in MToolBox
Y1a1,Y1a1,haplotype differs,Y1a,Y1a,16266T,,unstable (parenthesized) mutation missing in MToolBox
Y1a+16189,Y1a_16189!,haplotype differs,Y1a,Y1a,16266T,,unstable (parenthesized) mutation missing in MToolBox
Y1a2,Y1a2,haplotype differs,Y1a_16189!,Y1a_16189!,16266T,,unstable (parenthesized) mutation missing in MToolBox
Y1b,Y1b,haplotype differs,Y1,Y1,16266T,,unstable (parenthesized) mutation missing in MToolBox
Y1b1,Y1b1,haplotype differs,Y1b,Y1b,16266T,,unstable (parenthesized) mutation missing in MToolBox
Y1b1a,Y1b1a,haplotype differs,Y1b1,Y1b1,16266T,,unstable (parenthesized) mutation missing in MToolBox
A2c,A2c,parent differs;haplotype differs,A2+(64),A2_s3,64T,,unstable (parenthesized) mutation missing in MToolBox
A2d,A2d,parent differs;haplotype differs,A2+(64),A2_s3,64T,,unstable (parenthesized) mutation missing in MToolBox
A2d1,A2d1,haplotype differs,A2d,A2d,64T,,unstable (parenthesized) mutation missing in MToolBox
A2d1a,A2d1a,haplotype differs,A2d1,A2d1,64T,,unstable (parenthesized) mutation missing in MToolBox
A2d2,A2d2,haplotype differs,A2d,A2d,64T,,unstable (parenthesized) mutation missing in MToolBox
A2e,A2e,parent differs;haplotype differs,A2+(64)+@153,A2_s3_153!,64T,,unstable (parenthesized) mutation missing in MToolBox
A2ao,A2ao,parent differs;haplotype differs,A2+(64)+@153,A2_s3_153!,64T,,unstable (parenthesized) mutation missing in MToolBox
A2ao1,A2ao1,haplotype differs,A2ao,A2ao,64T,,unstable (parenthesized) mutation missing in MToolBox
A2f,A2f,parent differs;haplotype differs,A2+(64),A2_s3,64T,,unstable (parenthesized) mutation missing in MToolBox
A2f1,A2f1,haplotype differs,A2f,A2f,64T 16192T,,unstable (parenthesized) mutation missing in MToolBox
A2f1a,A2f1a,haplotype differs,A2f1,A2f1,64T 16192T,,unstable (parenthesized) mutation missing in MToolBox
A2f2,A2f2,haplotype differs,A2f,A2f,64T,,unstable (parenthesized) mutation missing in MToolBox
A2f3,A2f3,haplotype differs,A2f,A2f,64T,,unstable (parenthesized) mutation missing in MToolBox
A2g,A2g,parent differs;haplotype differs,A2+(64),A2_s3,64T,,unstable (parenthesized) mutation missing in MToolBox
A2g1,A2g1,haplotype differs,A2g,A2g,64T,,unstable (parenthesized) mutation missing in MToolBox
A2h,A2h,parent differs;haplotype differs,A2+(64),A2_s3,64T,,unstable (parenthesized) mutation missing in MToolBox
A2h1,A2h1,haplotype differs,A2h,A2h,64T,,unstable (parenthesized) mutation missing in MToolBox
A2i,A2i,parent differs;haplotype differs,A2+(64),A2_s3,64T 960.XC,,insertion of unspecified length (.X) missing in MToolBox; unstable (parenthesized) mutation missing in MToolBox
A2j,A2j,parent differs;haplotype differs,A2+(64),A2_s3,64T,,unstable (parenthesized) mutation missing in MToolBox
A2j1,A2j1,haplotype differs,A2j,A2j,64T,,unstable (parenthesized) mutation missing in MToolBox
A2k,A2k,parent differs;haplotype differs,A2+(64),A2_s3,64T,,unstable (parenthesized) mutation missing in MToolBox
A2k1,A2k1,haplotype differs,A2k,A2k,64T,,unstable (parenthesized) mutation missing in MToolBox
A2k1a,A2k1a,haplotype differs,A2k1,A2k1,64T,,unstable (parenthesized) mutation missing in MToolBox
A2l,A2l,parent differs;haplotype differs,A2+(64)+@16111,A2_s3_16111!,64T,,unstable (parenthesized) mutation missing in MToolBox
A2m,A2m,parent differs;haplotype differs,A2+(64)+@16111,A2_s3_16111!,64T,,unstable (parenthesized) mutation missing in MToolBox
A2n,A2n,parent differs;haplotype differs,A2+(64)+@16111,A2_s3_16111!,64T,,unstable (parenthesized) mutation missing in MToolBox
A2o,A2o,parent differs;haplotype differs,A2+(64)+@16111,A2_s3_16111!,64T,,unstable (parenthesized) mutation missing in MToolBox
A2ai,A2ai,parent differs;haplotype differs,A2+(64)+@16111,A2_s3_16111!,64T,,unstable (parenthesized) mutation missing in MToolBox
A2aj,A2aj,parent differs;haplotype differs,A2+(64)+@16111,A2_s3_16111!,64T,,unstable (parenthesized) mutation missing in MToolBox
A2p,A2p,parent differs;haplotype differs,A2+(64)+16129,A2_s3_16129!,64T,,unstable (parenthesized) mutation missing in MToolBox
A2p1,A2p1,haplotype differs,A2p,A2p,64T,,unstable (parenthesized) mutation missing in MToolBox
A2p2,A2p2,haplotype differs,A2p,A2p,64T 16178G 16209C 16274A,,unstable (parenthesized) mutation missing in MToolBox
A2am,A2am,parent differs;haplotype differs,A2+(64)+16129,A2_s3_16129!,64T,,unstable (parenthesized) mutation missing in MToolBox
A2q,A2q,parent differs;haplotype differs,A2+(64),A2_s3,64T,,unstable (parenthesized) mutation missing in MToolBox
A2q1,A2q1,haplotype differs,A2q,A2q,64T,,unstable (parenthesized) mutation missing in MToolBox
A2t,A2t,parent differs;haplotype differs,A2+(64),A2_s3,64T,,unstable (parenthesized) mutation missing in MToolBox
A2u,A2u,parent differs;haplotype differs,A2+(64),A2_s3,64T,,unstable (parenthesized) mutation missing in MToolBox
A2u1,A2u1,haplotype differs,A2u,A2u,64T,,unstable (parenthesized) mutation missing in MToolBox
A2u2,A2u2,haplotype differs,A2u,A2u,64T,,unstable (parenthesized) mutation missing in MToolBox
A2v,A2v,parent differs;haplotype differs,A2+(64),A2_s3,64T,,unstable (parenthesized) mutation missing in MToolBox
A2v1,A2v1,haplotype differs,A2v,A2v,64T,,unstable (parenthesized) mutation missing in MToolBox
A2v1+152,A2v1_152!,haplotype differs,A2v1,A2v1,64T,,unstable (parenthesized) mutation missing in MToolBox
A2v1a,A2v1a,haplotype differs,A2v1_152!,A2v1_152!,64T,,unstable (parenthesized) mutation missing in MToolBox
A2v1b,A2v1b,haplotype differs,A2v1_152!,A2v1_152!,64T,,unstable (parenthesized) mutation missing in MToolBox
A2w,A2w,parent differs;haplotype differs,A2+(64),A2_s3,64T,,unstable (parenthesized) mutation missing in MToolBox
A2w1,A2w1,haplotype differs,A2w,A2w,64T 573.XC,,insertion of unspecified length (.X) missing in MToolBox; unstable (parenthesized) mutation missing in MToolBox
A2x,A2x,parent differs;haplotype differs,A2+(64),A2_s3,64T,,unstable (parenthesized) mutation missing in MToolBox
A2y,A2y,parent differs;haplotype differs,A2+(64),A2_s3,64T,,unstable (parenthesized) mutation missing in MToolBox
A2aa,A2aa,parent differs;haplotype differs,A2+(64),A2_s3,64T,,unstable (parenthesized) mutation missing in MToolBox
A2ab,A2ab,parent differs;haplotype differs,A2+(64),A2_s3,64T,,unstable (parenthesized) mutation missing in MToolBox
A2ac,A2ac,parent differs;haplotype differs,A2+(64),A2_s3,64T,,unstable (parenthesized) mutation missing in MToolBox
A2ac1,A2ac1,haplotype differs,A2ac,A2ac,64T,,unstable (parenthesized) mutation missing in MToolBox
A2ad,A2ad,parent differs;haplotype differs,A2+(64),A2_s3,64T,,unstable (parenthesized) mutation missing in MToolBox
A2ad1,A2ad1,haplotype differs,A2ad,A2ad,64T,,unstable (parenthesized) mutation missing in MToolBox
A2ad2,A2ad2,haplotype differs,A2ad,A2ad,64T,,unstable (parenthesized) mutation missing in MToolBox
A2ae,A2ae,parent differs;haplotype differs,A2+(64),A2_s3,64T 16284G,,unstable (parenthesized) mutation missing in MToolBox
A2af,A2af,parent differs;haplotype differs,A2+(64),A2_s3,64T,,unstable (parenthesized) mutation missing in MToolBox
A2af1,A2af1,haplotype differs,A2af,A2af,64T,,unstable (parenthesized) mutation missing in MToolBox
A2af1a,A2af1a,haplotype differs,A2af1,A2af1,64T,,unstable (parenthesized) mutation missing in MToolBox
A2af1a1,A2af1a1,haplotype differs,A2af1a,A2af1a,64T,,unstable (parenthesized) mutation missing in MToolBox
A2af1a2,A2af1a2,haplotype differs,A2af1a,A2af1a,64T,,unstable (parenthesized) mutation missing in MToolBox
A2af1b,A2af1b,haplotype differs,A2af1,A2af1,64T,,unstable (parenthesized) mutation missing in MToolBox
A2af1b1,A2af1b1,haplotype differs,A2af1b,A2af1b,64T,,unstable (parenthesized) mutation missing in MToolBox
A2af1b1a,A2af1b1a,haplotype differs,A2af1b1,A2af1b1,64T,,unstable (parenthesized) mutation missing in MToolBox
A2af1b1b,A2af1b1b,haplotype differs,A2af1b1,A2af1b1,64T,,unstable (parenthesized) mutation missing in MToolBox
A2af1b2,A2af1b2,haplotype differs,A2af1b,A2af1b,64T,,unstable (parenthesized) mutation missing in MToolBox
A2af2,A2af2,haplotype differs,A2af,A2af,64T,,unstable (parenthesized) mutation missing in MToolBox
A2ag,A2ag,parent differs;haplotype differs,A2+(64),A2_s3,64T,,unstable (parenthesized) mutation missing in MToolBox
A2ah,A2ah,parent differs;haplotype differs,A2+(64),A2_s3,64T,,unstable (parenthesized) mutation missing in MToolBox
A2ak,A2ak,parent differs;haplotype differs,A2+(64),A2_s3,64T,,unstable (parenthesized) mutation missing in MToolBox
A2al,A2al,parent differs;haplotype differs,A2+(64),A2_s3,64T,,unstable (parenthesized) mutation missing in MToolBox
A2an,A2an,parent differs;haplotype differs,A2+(64),A2_s3,64T,,unstable (parenthesized) mutation missing in MToolBox
A2ap,A2ap,parent differs;haplotype differs,A2+(64)+16189,A2_s3_16189!,64T,,unstable (parenthesized) mutation missing in MToolBox
A2aq,A2aq,parent differs;haplotype differs,A2+(64),A2_s3,64T,,unstable (parenthesized) mutation missing in MToolBox
A15,A15,haplotype differs,A_152!_16362,A_152!_16362,207A,,unstable (parenthesized) mutation missing in MToolBox
A15a,A15a,haplotype differs,A15,A15,207A,,unstable (parenthesized) mutation missing in MToolBox
A15b,A15b,haplotype differs,A15,A15,207A,,unstable (parenthesized) mutation missing in MToolBox
A15c,A15c,haplotype differs,A15,A15,207A,,unstable (parenthesized) mutation missing in MToolBox
A15c1,A15c1,haplotype differs,A15c,A15c,207A,,unstable (parenthesized) mutation missing in MToolBox
A26,A26,haplotype differs,A_152!_16362,A_152!_16362,13650T,,other
A11a,A11a,haplotype differs,A11,A11,5899.XC,,insertion of unspecified length (.X) missing in MToolBox
A5b,A5b,haplotype differs,A5,A5,965.XC,,insertion of unspecified length (.X) missing in MToolBox
A5b1,A5b1,haplotype differs,A5b,A5b,965.XC,,insertion of unspecified length (.X) missing in MToolBox
A5b1a,A5b1a,haplotype differs,A5b1,A5b1,965.XC,,insertion of unspecified length (.X) missing in MToolBox
A5b1b,A5b1b,haplotype differs,A5b1,A5b1,965.XC,,insertion of unspecified length (.X) missing in MToolBox
A5b1c,A5b1c,haplotype differs,A5b1,A5b1,965.XC,,insertion of unspecified length (.X) missing in MToolBox
A5b1c1,A5b1c1,haplotype differs,A5b1c,A5b1c,965.XC,,insertion of unspecified length (.X) missing in MToolBox
S3,S3,haplotype differs,S_152!,S_152!,8278.XC,,insertion of unspecified length (.X) missing in MToolBox
X1,X1,haplotype differs,X1'3,X1'3,16104T,,unstable (parenthesized) mutation missing in MToolBox
X1a,X1a,haplotype differs,X1,X1,16104T,,unstable (parenthesized) mutation missing in MToolBox
X1c,X1c,haplotype differs,X1,X1,16104T,,unstable (parenthesized) mutation missing in MToolBox
L3a,L3a,haplotype differs,L3,L3,16254G,,unstable (parenthesized) mutation missing in MToolBox
L3a1,L3a1,haplotype differs,L3a,L3a,16254G,,unstable (parenthesized) mutation missing in MToolBox
L3a1a,L3a1a,haplotype differs,L3a1,L3a1,16254G,,unstable (parenthesized) mutation missing in MToolBox
L3a1b,L3a1b,haplotype differs,L3a1,L3a1,16254G,,unstable (parenthesized) mutation missing in MToolBox
L3a+709,L3a_709,haplotype differs,L3a,L3a,16254G,,unstable (parenthesized) mutation missing in MToolBox
L3a2,L3a2,haplotype differs,L3a_709,L3a_709,16254G,,unstable (parenthesized) mutation missing in MToolBox
L3a2a,L3a2a,haplotype differs,L3a2,L3a2,16254G,,unstable (parenthesized) mutation missing in MToolBox
L3f1b,L3f1b,haplotype differs,L3f1,L3f1,200G,,unstable (parenthesized) mutation missing in MToolBox
L3f1b+16292,L3f1b_16292,haplotype differs,L3f1b,L3f1b,200G,,unstable (parenthesized) mutation missing in MToolBox
L3f1b1,L3f1b1,haplotype differs,L3f1b_16292,L3f1b_16292,200G,,unstable (parenthesized) mutation missing in MToolBox
L3f1b1a,L3f1b1a,haplotype differs,L3f1b1,L3f1b1,200G,,unstable (parenthesized) mutation missing in MToolBox
L3f1b1a1,L3f1b1a1,haplotype differs,L3f1b1a,L3f1b1a,200G,,unstable (parenthesized) mutation missing in MToolBox
L3f1b2,L3f1b2,haplotype differs,L3f1b_16292,L3f1b_16292,200G,,unstable (parenthesized) mutation missing in MToolBox
L3f1b2a,L3f1b2a,haplotype differs,L3f1b2,L3f1b2,200G,,unstable (parenthesized) mutation missing in MToolBox
L3f1b+16292+150,L3f1b_16292_150,haplotype differs,L3f1b_16292,L3f1b_16292,200G,,unstable (parenthesized) mutation missing in MToolBox
L3f1b3,L3f1b3,haplotype differs,L3f1b_16292_150,L3f1b_16292_150,200G,,unstable (parenthesized) mutation missing in MToolBox
L3f1b4,L3f1b4,haplotype differs,L3f1b_16292_150,L3f1b_16292_150,200G,,unstable (parenthesized) mutation missing in MToolBox
L3f1b4a,L3f1b4a,haplotype differs,L3f1b4,L3f1b4,200G,,unstable (parenthesized) mutation missing in MToolBox
L3f1b4a1,L3f1b4a1,haplotype differs,L3f1b4a,L3f1b4a,200G,,unstable (parenthesized) mutation missing in MToolBox
L3f1b4b,L3f1b4b,haplotype differs,L3f1b4,L3f1b4,200G,,unstable (parenthesized) mutation missing in MToolBox
L3f1b4c,L3f1b4c,haplotype differs,L3f1b4,L3f1b4,200G,,unstable (parenthesized) mutation missing in MToolBox
L3f1b5,L3f1b5,haplotype differs,L3f1b_16292,L3f1b_16292,200G,,unstable (parenthesized) mutation missing in MToolBox
L3f2,L3f2,haplotype differs,L3f,L3f,745.T,,unstable (parenthesized) mutation missing in MToolBox
L3f2a,L3f2a,haplotype differs,L3f2,L3f2,745.T,,unstable (parenthesized) mutation missing in MToolBox
L3f2a1,L3f2a1,haplotype differs,L3f2a,L3f2a,745.T,,unstable (parenthesized) mutation missing in MToolBox
L3f2a1a,L3f2a1a,haplotype differs,L3f2a1,L3f2a1,745.T,,unstable (parenthesized) mutation missing in MToolBox
L3f2b,L3f2b,haplotype differs,L3f2,L3f2,745.T,,unstable (parenthesized) mutation missing in MToolBox
L3d1d,L3d1d,haplotype differs,L3d1,L3d1,16256T 16368C,,unstable (parenthesized) mutation missing in MToolBox
L3d2a,L3d2a,haplotype differs,L3d2,L3d2,16189C,,unstable (parenthesized) mutation missing in MToolBox
L3d3a,L3d3a,haplotype differs,L3d3,L3d3,16189C 16278T 16304C 16311C,,unstable (parenthesized) mutation missing in MToolBox
L3d3a1,L3d3a1,haplotype differs,L3d3a,L3d3a,16189C 16278T 16304C 16311C,,unstable (parenthesized) mutation missing in MToolBox
L3d3a1a,L3d3a1a,haplotype differs,L3d3a1,L3d3a1,16189C 16278T 16304C 16311C,,unstable (parenthesized) mutation missing in MToolBox
L3d3a1b,L3d3a1b,haplotype differs,L3d3a1,L3d3a1,16189C 16278T 16304C 16311C,,unstable (parenthesized) mutation missing in MToolBox
L3e3a,L3e3a,haplotype differs,L3e3,L3e3,573.XC,,insertion of unspecified length (.X) missing in MToolBox
L3i1a,L3i1a,haplotype differs,L3i1,L3i1,16129A,16223T,unstable (parenthesized) mutation handled differently; unstable (parenthesized) mutation missing in MToolBox
L3x,L3x,haplotype differs,L3e'i'k'x,L3e'i'k'x,5899.XC,,insertion of unspecified length (.X) missing in MToolBox
L3x1,L3x1,haplotype differs,L3x,L3x,5899.XC,,insertion of unspecified length (.X) missing in MToolBox
L3x1a,L3x1a,haplotype differs,L3x1,L3x1,5899.XC,,insertion of unspecified length (.X) missing in MToolBox
L3x1a1,L3x1a1,haplotype differs,L3x1a,L3x1a,5899.XC,,insertion of unspecified length (.X) missing in MToolBox
L3x1a2,L3x1a2,haplotype differs,L3x1a,L3x1a,5899.XC,,insertion of unspecified length (.X) missing in MToolBox
L3x1+16311,L3x1_16311!,haplotype differs,L3x1,L3x1,5899.XC,,insertion of unspecified length (.X) missing in MToolBox
L3x1b,L3x1b,haplotype differs,L3x1_16311!,L3x1_16311!,5899.XC,,insertion of unspecified length (.X) missing in MToolBox
L3x2,L3x2,haplotype differs,L3x,L3x,200G 5899.XC,,insertion of unspecified length (.X) missing in MToolBox; unstable (parenthesized) mutation missing in MToolBox
L3x2a,L3x2a,haplotype differs,L3x2,L3x2,200G 5899.XC,,insertion of unspecified length (.X) missing in MToolBox; unstable (parenthesized) mutation missing in MToolBox
L3x2a1,L3x2a1,haplotype differs,L3x2a,L3x2a,200G 5899.XC,,insertion of unspecified length (.X) missing in MToolBox; unstable (parenthesized) mutation missing in MToolBox
L3x2a1a,L3x2a1a,haplotype differs,L3x2a1,L3x2a1,200G 5899.XC,,insertion of unspecified length (.X) missing in MToolBox; unstable (parenthesized) mutation missing in MToolBox
L3x2b,L3x2b,haplotype differs,L3x2,L3x2,200G 5899.XC,,insertion of unspecified length (.X) missing in MToolBox; unstable (parenthesized) mutation missing in MToolBox
M1a2a,M1a2a,haplotype differs,M1a2,M1a2,513A,,unstable (parenthesized) mutation missing in MToolBox
M30d,M30d,haplotype differs,M30,M30,16302G,,unstable (parenthesized) mutation missing in MToolBox
M30d1,M30d1,haplotype differs,M30d,M30d,16302G,,unstable (parenthesized) mutation missing in MToolBox
M30d2,M30d2,haplotype differs,M30d,M30d,16302G,,unstable (parenthesized) mutation missing in MToolBox
M63,M63,haplotype differs,"M4""67","M4""67",709A 16248T,,unstable (parenthesized) mutation missing in MToolBox
M5a1a,M5a1a,haplotype differs,M5a1,M5a1,185A 334C,,unstable (parenthesized) mutation missing in MToolBox
M7a1,M7a1,haplotype differs,M7a_16324,M7a_16324,5899.XC,,insertion of unspecified length (.X) missing in MToolBox
M7a1a,M7a1a,haplotype differs,M7a1,M7a1,5899.XC,,insertion of unspecified length (.X) missing in MToolBox
M7a1a1,M7a1a1,haplotype differs,M7a1a,M7a1a,5899.XC,,insertion of unspecified length (.X) missing in MToolBox
M7a1a1a,M7a1a1a,haplotype differs,M7a1a1,M7a1a1,5899.XC,,insertion of unspecified length (.X) missing in MToolBox
M7a1a2,M7a1a2,haplotype differs,M7a1a,M7a1a,5899.XC,,insertion of unspecified length (.X) missing in MToolBox
M7a1a3,M7a1a3,haplotype differs,M7a1a,M7a1a,5899.XC,,insertion of unspecified length (.X) missing in MToolBox
M7a1a4,M7a1a4,haplotype differs,M7a1a,M7a1a,5899.XC,,insertion of unspecified length (.X) missing in MToolBox
M7a1a4a,M7a1a4a,haplotype differs,M7a1a4,M7a1a4,5899.XC,,insertion of unspecified length (.X) missing in MToolBox
M7a1a5,M7a1a5,haplotype differs,M7a1a,M7a1a,5899.XC,,insertion of unspecified length (.X) missing in MToolBox
M7a1a5a,M7a1a5a,haplotype differs,M7a1a5,M7a1a5,5899.XC,,insertion of unspecified length (.X) missing in MToolBox
M7a1a6,M7a1a6,haplotype differs,M7a1a,M7a1a,5899.XC,,insertion of unspecified length (.X) missing in MToolBox
M7a1a6a,M7a1a6a,haplotype differs,M7a1a6,M7a1a6,5899.XC,,insertion of unspecified length (.X) missing in MToolBox
M7a1a7,M7a1a7,haplotype differs,M7a1a,M7a1a,5899.XC,,insertion of unspecified length (.X) missing in MToolBox
M7a1a8,M7a1a8,haplotype differs,M7a1a,M7a1a,5899.XC,,insertion of unspecified length (.X) missing in MToolBox
M7a1a9,M7a1a9,haplotype differs,M7a1a,M7a1a,5899.XC,,insertion of unspecified length (.X) missing in MToolBox
M7a1b,M7a1b,haplotype differs,M7a1,M7a1,5899.XC,,insertion of unspecified length (.X) missing in MToolBox
M7a1b1,M7a1b1,haplotype differs,M7a1b,M7a1b,5899.XC,,insertion of unspecified length (.X) missing in MToolBox
M7a1b2,M7a1b2,haplotype differs,M7a1b,M7a1b,5899.XC,,insertion of unspecified length (.X) missing in MToolBox
M7a2a2,M7a2a2,haplotype differs,M7a2a,M7a2a,965.XC,,insertion of unspecified length (.X) missing in MToolBox
M7b1a1a3,M7b1a1a3,haplotype differs,M7b1a1a,M7b1a1a,456T,,unstable (parenthesized) mutation missing in MToolBox
M7b1a1c,M7b1a1c,parent differs;haplotype differs,M7b1a1+(16192),M7b1a1_s0,16192T,,unstable (parenthesized) mutation missing in MToolBox
M7b1a1c1,M7b1a1c1,haplotype differs,M7b1a1c,M7b1a1c,16192T,,unstable (parenthesized) mutation missing in MToolBox
M7b1a1d,M7b1a1d,parent differs;haplotype differs,M7b1a1+(16192),M7b1a1_s0,16192T,,unstable (parenthesized) mutation missing in MToolBox
M7b1a1d1,M7b1a1d1,haplotype differs,M7b1a1d,M7b1a1d,16192T,,unstable (parenthesized) mutation missing in MToolBox
M7b1a1e,M7b1a1e,parent differs;haplotype differs,M7b1a1+(16192),M7b1a1_s0,16192T,,unstable (parenthesized) mutation missing in MToolBox
M7b1a1e1,M7b1a1e1,haplotype differs,M7b1a1e,M7b1a1e,16192T,,unstable (parenthesized) mutation missing in MToolBox
M7b1a1e2,M7b1a1e2,haplotype differs,M7b1a1e,M7b1a1e,16192T,,unstable (parenthesized) mutation missing in MToolBox
M7b1a1f,M7b1a1f,parent differs;haplotype differs,M7b1a1+(16192),M7b1a1_s0,16192T,,unstable (parenthesized) mutation missing in MToolBox
M7b1a1g,M7b1a1g,parent differs;haplotype differs,M7b1a1+(16192),M7b1a1_s0,16192T,,unstable (parenthesized) mutation missing in MToolBox
M7b1a1h,M7b1a1h,parent differs;haplotype differs,M7b1a1+(16192),M7b1a1_s0,16192T,,unstable (parenthesized) mutation missing in MToolBox
M7b1a1i,M7b1a1i,parent differs;haplotype differs,M7b1a1+(16192),M7b1a1_s0,16192T,,unstable (parenthesized) mutation missing in MToolBox
M7b1a1i1,M7b1a1i1,haplotype differs,M7b1a1i,M7b1a1i,16192T,,unstable (parenthesized) mutation missing in MToolBox
M7c1,M7c1,haplotype differs,M7c,M7c,16295T,,unstable (parenthesized) mutation missing in MToolBox
M7c1a,M7c1a,haplotype differs,M7c1,M7c1,16295T,,unstable (parenthesized) mutation missing in MToolBox
M7c1a1,M7c1a1,haplotype differs,M7c1a,M7c1a,16295T,,unstable (parenthesized) mutation missing in MToolBox
M7c1a1a,M7c1a1a,haplotype differs,M7c1a1,M7c1a1,16295T,,unstable (parenthesized) mutation missing in MToolBox
M7c1a1a1,M7c1a1a1,haplotype differs,M7c1a1a,M7c1a1a,16295T,,unstable (parenthesized) mutation missing in MToolBox
M7c1a1b,M7c1a1b,haplotype differs,M7c1a1,M7c1a1,16295T,,unstable (parenthesized) mutation missing in MToolBox
M7c1a1b1,M7c1a1b1,haplotype differs,M7c1a1b,M7c1a1b,16295T,,unstable (parenthesized) mutation missing in MToolBox
M7c1a2,M7c1a2,haplotype differs,M7c1a,M7c1a,16295T,,unstable (parenthesized) mutation missing in MToolBox
M7c1a2a,M7c1a2a,haplotype differs,M7c1a2,M7c1a2,16295T,,unstable (parenthesized) mutation missing in MToolBox
M7c1a2a1,M7c1a2a1,haplotype differs,M7c1a2a,M7c1a2a,16295T,,unstable (parenthesized) mutation missing in MToolBox
M7c1a3,M7c1a3,haplotype differs,M7c1a,M7c1a,16295T,,unstable (parenthesized) mutation missing in MToolBox
M7c1a3a,M7c1a3a,haplotype differs,M7c1a3,M7c1a3,16295T,,unstable (parenthesized) mutation missing in MToolBox
M7c1a4,M7c1a4,haplotype differs,M7c1a,M7c1a,16295T,,unstable (parenthesized) mutation missing in MToolBox
M7c1a4a,M7c1a4a,haplotype differs,M7c1a4,M7c1a4,16295T,,unstable (parenthesized) mutation missing in MToolBox
M7c1a4b,M7c1a4b,haplotype differs,M7c1a4,M7c1a4,16295T,,unstable (parenthesized) mutation missing in MToolBox
M7c1a5,M7c1a5,haplotype differs,M7c1a,M7c1a,16295T,,unstable (parenthesized) mutation missing in MToolBox
M7c1b,M7c1b,haplotype differs,M7c1,M7c1,16295T,,unstable (parenthesized) mutation missing in MToolBox
M7c1b1,M7c1b1,haplotype differs,M7c1b,M7c1b,16295T,,unstable (parenthesized) mutation missing in MToolBox
M7c1b2,M7c1b2,haplotype differs,M7c1b,M7c1b,16295T,,unstable (parenthesized) mutation missing in MToolBox
M7c1b2a,M7c1b2a,haplotype differs,M7c1b2,M7c1b2,16295T,,unstable (parenthesized) mutation missing in MToolBox
M7c1b2b,M7c1b2b,haplotype differs,M7c1b2,M7c1b2,16295T,,unstable (parenthesized) mutation missing in MToolBox
M7c1c,M7c1c,haplotype differs,M7c1,M7c1,16295T,,unstable (parenthesized) mutation missing in MToolBox
M7c1c1,M7c1c1,haplotype differs,M7c1c,M7c1c,16295T,,unstable (parenthesized) mutation missing in MToolBox
M7c1c1a,M7c1c1a,haplotype differs,M7c1c1,M7c1c1,16295T,,unstable (parenthesized) mutation missing in MToolBox
M7c1c1a1,M7c1c1a1,haplotype differs,M7c1c1a,M7c1c1a,16295T,,unstable (parenthesized) mutation missing in MToolBox
M7c1c2,M7c1c2,haplotype differs,M7c1c,M7c1c,16295T,,unstable (parenthesized) mutation missing in MToolBox
M7c1c2a,M7c1c2a,haplotype differs,M7c1c2,M7c1c2,16295T,,unstable (parenthesized) mutation missing in MToolBox
M7c1c3,M7c1c3,haplotype differs,M7c1c,M7c1c,16295T,,unstable (parenthesized) mutation missing in MToolBox
M7c1c3a,M7c1c3a,haplotype differs,M7c1c3,M7c1c3,16295T,,unstable (parenthesized) mutation missing in MToolBox
M7c1c3a1,M7c1c3a1,haplotype differs,M7c1c3a,M7c1c3a,16295T,,unstable (parenthesized) mutation missing in MToolBox
M7c1c3b,M7c1c3b,haplotype differs,M7c1c3,M7c1c3,16295T,,unstable (parenthesized) mutation missing in MToolBox
M7c1c3c,M7c1c3c,haplotype differs,M7c1c3,M7c1c3,16295T,,unstable (parenthesized) mutation missing in MToolBox
M7c1c3d,M7c1c3d,haplotype differs,M7c1c3,M7c1c3,16295T,,unstable (parenthesized) mutation missing in MToolBox
M7c1c3e,M7c1c3e,haplotype differs,M7c1c3,M7c1c3,16295T,,unstable (parenthesized) mutation missing in MToolBox
M7c1c3f,M7c1c3f,haplotype differs,M7c1c3,M7c1c3,16295T,,unstable (parenthesized) mutation missing in MToolBox
M7c1c3g,M7c1c3g,haplotype differs,M7c1c3,M7c1c3,16295T,,unstable (parenthesized) mutation missing in MToolBox
M7c1c3h,M7c1c3h,haplotype differs,M7c1c3,M7c1c3,16295T,,unstable (parenthesized) mutation missing in MToolBox
M7c1c3i,M7c1c3i,haplotype differs,M7c1c3,M7c1c3,16295T,,unstable (parenthesized) mutation missing in MToolBox
M8a1,M8a1,haplotype differs,M8a,M8a,16086C,,unstable (parenthesized) mutation missing in MToolBox
M8a1a,M8a1a,haplotype differs,M8a1,M8a1,16086C,,unstable (parenthesized) mutation missing in MToolBox
C1e,C1e,haplotype differs,C1,C1,5899.XC,,insertion of unspecified length (.X) missing in MToolBox
C4a1,C4a1,haplotype differs,C4a,C4a,16093C 16129A,,unstable (parenthesized) mutation missing in MToolBox
C4a1a,C4a1a,haplotype differs,C4a1,C4a1,16093C 16129A,,unstable (parenthesized) mutation missing in MToolBox
C4a1a1,C4a1a1,haplotype differs,C4a1a,C4a1a,16093C 16129A,2232.AA,other; unstable (parenthesized) mutation missing in MToolBox
C4a1a1a,C4a1a1a,haplotype differs,C4a1a1,C4a1a1,16093C 16129A,2232.AA,other; unstable (parenthesized) mutation missing in MToolBox
C4a1a+195,C4a1a_195!,haplotype differs,C4a1a,C4a1a,16093C 16129A,,unstable (parenthesized) mutation missing in MToolBox
C4a1a2,C4a1a2,haplotype differs,C4a1a_195!,C4a1a_195!,16093C 16129A,,unstable (parenthesized) mutation missing in MToolBox
C4a1a2a,C4a1a2a,haplotype differs,C4a1a2,C4a1a2,16093C 16129A,,unstable (parenthesized) mutation missing in MToolBox
C4a1a3,C4a1a3,haplotype differs,C4a1a_195!,C4a1a_195!,16093C 16129A,,unstable (parenthesized) mutation missing in MToolBox
C4a1a3a,C4a1a3a,haplotype differs,C4a1a3,C4a1a3,16093C 16129A,,unstable (parenthesized) mutation missing in MToolBox
C4a1a3a1,C4a1a3a1,haplotype differs,C4a1a3a,C4a1a3a,16093C 16129A,,unstable (parenthesized) mutation missing in MToolBox
C4a1a3b,C4a1a3b,haplotype differs,C4a1a3,C4a1a3,16093C 16129A,,unstable (parenthesized) mutation missing in MToolBox
C4a1a3c,C4a1a3c,haplotype differs,C4a1a3,C4a1a3,16093C 16129A,,unstable (parenthesized) mutation missing in MToolBox
C4a1a3d,C4a1a3d,haplotype differs,C4a1a3,C4a1a3,16093C 16129A,,unstable (parenthesized) mutation missing in MToolBox
C4a1a4,C4a1a4,haplotype differs,C4a1a_195!,C4a1a_195!,16093C 16129A,,unstable (parenthesized) mutation missing in MToolBox
C4a1a4a,C4a1a4a,haplotype differs,C4a1a4,C4a1a4,16093C 16129A,,unstable (parenthesized) mutation missing in MToolBox
C4a1a5,C4a1a5,haplotype differs,C4a1a,C4a1a,16093C 16129A,,unstable (parenthesized) mutation missing in MToolBox
C4a1a6,C4a1a6,haplotype differs,C4a1a,C4a1a,16093C 16129A,,unstable (parenthesized) mutation missing in MToolBox
C4a1b,C4a1b,haplotype differs,C4a1,C4a1,16093C 16129A,,unstable (parenthesized) mutation missing in MToolBox
M9a1a1c1b1,M9a1a1c1b1,haplotype differs,M9a1a1c1b,M9a1a1c1b,5899.XC,,insertion of unspecified length (.X) missing in MToolBox
M9a1a1c1b1a,M9a1a1c1b1a,haplotype differs,M9a1a1c1b1,M9a1a1c1b1,5899.XC,,insertion of unspecified length (.X) missing in MToolBox
M9a1a1c1b1a1,M9a1a1c1b1a1,haplotype differs,M9a1a1c1b1a,M9a1a1c1b1a,5899.XC,,insertion of unspecified length (.X) missing in MToolBox
M9a1a1c1b1a2,M9a1a1c1b1a2,haplotype differs,M9a1a1c1b1a,M9a1a1c1b1a,5899.XC,,insertion of unspecified length (.X) missing in MToolBox
M9a4a1,M9a4a1,haplotype differs,M9a4a,M9a4a,5899.XC,,insertion of unspecified length (.X) missing in MToolBox
M9b,M9b,haplotype differs,M9a'b,M9a'b,573.XC,,insertion of unspecified length (.X) missing in MToolBox
E1a2a,E1a2a,parent differs;haplotype differs,E1a2+(16261),E1a2_s1,16261T,,unstable (parenthesized) mutation missing in MToolBox
E1a2a1,E1a2a1,haplotype differs,E1a2a,E1a2a,16261T,,unstable (parenthesized) mutation missing in MToolBox
E1a2a2,E1a2a2,haplotype differs,E1a2a,E1a2a,16261T,,unstable (parenthesized) mutation missing in MToolBox
E1a2a3,E1a2a3,haplotype differs,E1a2a,E1a2a,16261T,,unstable (parenthesized) mutation missing in MToolBox
E1a2a4,E1a2a4,haplotype differs,E1a2a,E1a2a,16261T,,unstable (parenthesized) mutation missing in MToolBox
E2,E2,haplotype differs,E,E,16185T,,unstable (parenthesized) mutation missing in MToolBox
E2a,E2a,haplotype differs,E2,E2,16185T,,unstable (parenthesized) mutation missing in MToolBox
E2a1,E2a1,haplotype differs,E2a,E2a,16185T,,unstable (parenthesized) mutation missing in MToolBox
E2a1a,E2a1a,haplotype differs,E2a1,E2a1,16185T,,unstable (parenthesized) mutation missing in MToolBox
E2a2,E2a2,haplotype differs,E2a,E2a,16185T,,unstable (parenthesized) mutation missing in MToolBox
E2b,E2b,haplotype differs,E2,E2,16185T,,unstable (parenthesized) mutation missing in MToolBox
E2b1,E2b1,haplotype differs,E2b,E2b,16185T,,unstable (parenthesized) mutation missing in MToolBox
E2b2,E2b2,haplotype differs,E2b,E2b,16185T,,unstable (parenthesized) mutation missing in MToolBox
M10,M10,haplotype differs,M,M,573.XC,,insertion of unspecified length (.X) missing in MToolBox
M10a,M10a,haplotype differs,M10,M10,573.XC,,insertion of unspecified length (.X) missing in MToolBox
M10a1,M10a1,haplotype differs,M10a,M10a,573.XC,,insertion of unspecified length (.X) missing in MToolBox
M10a1+16129,M10a1_16129!,haplotype differs,M10a1,M10a1,573.XC,,insertion of unspecified length (.X) missing in MToolBox
M10a1a,M10a1a,haplotype differs,M10a1_16129!,M10a1_16129!,573.XC,,insertion of unspecified length (.X) missing in MToolBox
M10a1a1,M10a1a1,haplotype differs,M10a1a,M10a1a,573.XC,,insertion of unspecified length (.X) missing in MToolBox
M10a1a1a,M10a1a1a,haplotype differs,M10a1a1,M10a1a1,573.XC,,insertion of unspecified length (.X) missing in MToolBox
M10a1a1b,M10a1a1b,haplotype differs,M10a1a1,M10a1a1,573.XC,,insertion of unspecified length (.X) missing in MToolBox
M10a1a1b1,M10a1a1b1,haplotype differs,M10a1a1b,M10a1a1b,573.XC,,insertion of unspecified length (.X) missing in MToolBox
M10a1a1b2,M10a1a1b2,haplotype differs,M10a1a1b,M10a1a1b,573.XC,,insertion of unspecified length (.X) missing in MToolBox
M10a1b,M10a1b,haplotype differs,M10a1,M10a1,573.XC,,insertion of unspecified length (.X) missing in MToolBox
M10a2,M10a2,haplotype differs,M10a,M10a,573.XC,,insertion of unspecified length (.X) missing in MToolBox
M11a,M11a,haplotype differs,M11a'b,M11a'b,198T,,unstable (parenthesized) mutation missing in MToolBox
M11a1,M11a1,haplotype differs,M11a,M11a,198T,,unstable (parenthesized) mutation missing in MToolBox
M11a2,M11a2,haplotype differs,M11a,M11a,198T,,unstable (parenthesized) mutation missing in MToolBox
M12a2,M12a2,haplotype differs,M12a,M12a,573.XC,,insertion of unspecified length (.X) missing in MToolBox
G1b,G1b,haplotype differs,G1,G1,207A 16093C,,unstable (parenthesized) mutation missing in MToolBox
G1b1,G1b1,haplotype differs,G1b,G1b,207A 16093C,,unstable (parenthesized) mutation missing in MToolBox
G1b+16129,G1b_16129!,haplotype differs,G1b,G1b,207A 16093C,,unstable (parenthesized) mutation missing in MToolBox
G1b2,G1b2,haplotype differs,G1b_16129!,G1b_16129!,207A 16093C,,unstable (parenthesized) mutation missing in MToolBox
G1b3,G1b3,haplotype differs,G1b_16129!,G1b_16129!,207A 16093C,,unstable (parenthesized) mutation missing in MToolBox
G1b4,G1b4,haplotype differs,G1b_16129!,G1b_16129!,207A 16093C,,unstable (parenthesized) mutation missing in MToolBox
G2a,G2a,haplotype differs,G2a'c,G2a'c,16227G,,unstable (parenthesized) mutation missing in MToolBox
G2a1,G2a1,haplotype differs,G2a,G2a,16227G,,unstable (parenthesized) mutation missing in MToolBox
G2a1b,G2a1b,haplotype differs,G2a1,G2a1,16227G,,unstable (parenthesized) mutation missing in MToolBox
G2a1+16189,G2a1_16189!,haplotype differs,G2a1,G2a1,16227G,,unstable (parenthesized) mutation missing in MToolBox
G2a1+16189+16194,G2a1_16189!_16194,haplotype differs,G2a1_16189!,G2a1_16189!,16227G,,unstable (parenthesized) mutation missing in MToolBox
G2a1c,G2a1c,haplotype differs,G2a1_16189!_16194,G2a1_16189!_16194,16227G,,unstable (parenthesized) mutation missing in MToolBox
G2a1c1,G2a1c1,haplotype differs,G2a1c,G2a1c,16227G,,unstable (parenthesized) mutation missing in MToolBox
G2a1c2,G2a1c2,haplotype differs,G2a1c,G2a1c,16227G,,unstable (parenthesized) mutation missing in MToolBox
G2a1d,G2a1d,haplotype differs,G2a1_16189!,G2a1_16189!,16227G,,unstable (parenthesized) mutation missing in MToolBox
G2a1d1,G2a1d1,haplotype differs,G2a1d,G2a1d,16227G,,unstable (parenthesized) mutation missing in MToolBox
G2a1d1a,G2a1d1a,haplotype differs,G2a1d1,G2a1d1,16227G,,unstable (parenthesized) mutation missing in MToolBox
G2a1d2,G2a1d2,haplotype differs,G2a1d,G2a1d,16227G,,unstable (parenthesized) mutation missing in MToolBox
G2a1d2a,G2a1d2a,haplotype differs,G2a1d2,G2a1d2,16227G,,unstable (parenthesized) mutation missing in MToolBox
G2a1e,G2a1e,haplotype differs,G2a1,G2a1,16227G,,unstable (parenthesized) mutation missing in MToolBox
G2a1f,G2a1f,haplotype differs,G2a1,G2a1,16227G,,unstable (parenthesized) mutation missing in MToolBox
G2a1f1,G2a1f1,haplotype differs,G2a1f,G2a1f,16227G,,unstable (parenthesized) mutation missing in MToolBox
G2a1g,G2a1g,haplotype differs,G2a1,G2a1,16227G,,unstable (parenthesized) mutation missing in MToolBox
G2a1h,G2a1h,haplotype differs,G2a1,G2a1,16227G,,unstable (parenthesized) mutation missing in MToolBox
G2a+152,G2a_152!,haplotype differs,G2a,G2a,16227G,,unstable (parenthesized) mutation missing in MToolBox
G2a2,G2a2,haplotype differs,G2a_152!,G2a_152!,16227G,,unstable (parenthesized) mutation missing in MToolBox
G2a2a,G2a2a,haplotype differs,G2a2,G2a2,16227G,,unstable (parenthesized) mutation missing in MToolBox
G2a3,G2a3,haplotype differs,G2a_152!,G2a_152!,16227G,,unstable (parenthesized) mutation missing in MToolBox
G2a3a,G2a3a,haplotype differs,G2a3,G2a3,16227G,,unstable (parenthesized) mutation missing in MToolBox
G2a4,G2a4,haplotype differs,G2a_152!,G2a_152!,16227G,,unstable (parenthesized) mutation missing in MToolBox
G2a5,G2a5,haplotype differs,G2a_152!,G2a_152!,16227G,,unstable (parenthesized) mutation missing in MToolBox
G3a2a,G3a2a,haplotype differs,G3a2_152!,G3a2_152!,573.XC,,insertion of unspecified length (.X) missing in MToolBox
G4,G4,haplotype differs,G,G,16093C,,unstable (parenthesized) mutation missing in MToolBox
M21b1a,M21b1a,haplotype differs,M21b1,M21b1,16319A,,unstable (parenthesized) mutation missing in MToolBox
M21b2,M21b2,haplotype differs,M21b_210,M21b_210,965d,,unstable (parenthesized) mutation missing in MToolBox
M24,M24,haplotype differs,M24'41,M24'41,951A,,unstable (parenthesized) mutation missing in MToolBox
M24a,M24a,haplotype differs,M24,M24,951A,,unstable (parenthesized) mutation missing in MToolBox
M24b,M24b,haplotype differs,M24,M24,951A,,unstable (parenthesized) mutation missing in MToolBox
M27c,M27c,haplotype differs,M27,M27,151T 186T 204C,,unstable (parenthesized) mutation missing in MToolBox
Q3a1,Q3a1,parent differs,Q3a+61  62,Q3a_61,,,
M31b'c,M31b'c,haplotype differs,M31,M31,16093C,,unstable (parenthesized) mutation missing in MToolBox
M31b,M31b,haplotype differs,M31b'c,M31b'c,16093C,,unstable (parenthesized) mutation missing in MToolBox
M31b1,M31b1,haplotype differs,M31b,M31b,16093C,,unstable (parenthesized) mutation missing in MToolBox
M31b2,M31b2,haplotype differs,M31b,M31b,16093C,,unstable (parenthesized) mutation missing in MToolBox
M31c,M31c,haplotype differs,M31b'c,M31b'c,16093C,,unstable (parenthesized) mutation missing in MToolBox
M33a1a,M33a1a,haplotype differs,M33a1,M33a1,573.XC,,insertion of unspecified length (.X) missing in MToolBox
M33b1,M33b1,haplotype differs,M33b,M33b,6092C,,unstable (parenthesized) mutation missing in MToolBox
M33d,M33d,haplotype differs,M33,M33,15924G,,unstable (parenthesized) mutation missing in MToolBox
M39,M39,haplotype differs,M39'70,M39'70,66T,,unstable (parenthesized) mutation missing in MToolBox
M39a,M39a,haplotype differs,M39,M39,66T,,unstable (parenthesized) mutation missing in MToolBox
M39a1,M39a1,haplotype differs,M39a,M39a,66T,,unstable (parenthesized) mutation missing in MToolBox
M39a2,M39a2,haplotype differs,M39a,M39a,66T,,unstable (parenthesized) mutation missing in MToolBox
M39b,M39b,haplotype differs,M39,M39,66T,,unstable (parenthesized) mutation missing in MToolBox
M39b1,M39b1,haplotype differs,M39b,M39b,66T,,unstable (parenthesized) mutation missing in MToolBox
M39b2,M39b2,haplotype differs,M39b,M39b,66T,,unstable (parenthesized) mutation missing in MToolBox
M39c,M39c,haplotype differs,M39,M39,66T,,unstable (parenthesized) mutation missing in MToolBox
M52,M52,haplotype differs,M,M,6020T 16275G,,unstable (parenthesized) mutation missing in MToolBox
M52a,M52a,haplotype differs,M52,M52,573.XC 6020T 16275G,,insertion of unspecified length (.X) missing in MToolBox; unstable (parenthesized) mutation missing in MToolBox
M52a1,M52a1,haplotype differs,M52a,M52a,573.XC 6020T 16275G,,insertion of unspecified length (.X) missing in MToolBox; unstable (parenthesized) mutation missing in MToolBox
M52a1a,M52a1a,haplotype differs,M52a1,M52a1,573.XC 6020T 16275G,,insertion of unspecified length (.X) missing in MToolBox; unstable (parenthesized) mutation missing in MToolBox
M52a1b,M52a1b,haplotype differs,M52a1,M52a1,573.XC 6020T 16275G,,insertion of unspecified length (.X) missing in MToolBox; unstable (parenthesized) mutation missing in MToolBox
M52a1b1,M52a1b1,haplotype differs,M52a1b,M52a1b,573.XC 6020T 16275G,,insertion of unspecified length (.X) missing in MToolBox; unstable (parenthesized) mutation missing in MToolBox
M52b,M52b,haplotype differs,M52,M52,6020T 16275G,,unstable (parenthesized) mutation missing in MToolBox
M52b1,M52b1,haplotype differs,M52b,M52b,6020T 16275G,,unstable (parenthesized) mutation missing in MToolBox
M52b1a,M52b1a,haplotype differs,M52b1,M52b1,6020T 16275G,,unstable (parenthesized) mutation missing in MToolBox
D1a2,D1a2,haplotype differs,D1a,D1a,114T 143A,,unstable (parenthesized) mutation missing in MToolBox
D1f3,D1f3,haplotype differs,D1f_16189!,D1f_16189!,5460A,,unstable (parenthesized) mutation missing in MToolBox
D4b2b,D4b2b,haplotype differs,D4b2,D4b2,194T,,unstable (parenthesized) mutation missing in MToolBox
D4b2b1,D4b2b1,haplotype differs,D4b2b,D4b2b,194T,,unstable (parenthesized) mutation missing in MToolBox
D4b2b1a,D4b2b1a,haplotype differs,D4b2b1,D4b2b1,194T,,unstable (parenthesized) mutation missing in MToolBox
D4b2b1b,D4b2b1b,haplotype differs,D4b2b1,D4b2b1,194T,,unstable (parenthesized) mutation missing in MToolBox
D4b2b1c,D4b2b1c,haplotype differs,D4b2b1,D4b2b1,194T,,unstable (parenthesized) mutation missing in MToolBox
D4b2b1+146,D4b2b1_146!,haplotype differs,D4b2b1,D4b2b1,194T,,unstable (parenthesized) mutation missing in MToolBox
D4b2b1d,D4b2b1d,haplotype differs,D4b2b1_146!,D4b2b1_146!,194T,,unstable (parenthesized) mutation missing in MToolBox
D4b2b2,D4b2b2,haplotype differs,D4b2b,D4b2b,194T,,unstable (parenthesized) mutation missing in MToolBox
D4b2b2a,D4b2b2a,haplotype differs,D4b2b2,D4b2b2,194T,,unstable (parenthesized) mutation missing in MToolBox
D4b2b2a1,D4b2b2a1,haplotype differs,D4b2b2a,D4b2b2a,194T,,unstable (parenthesized) mutation missing in MToolBox
D4b2b2b,D4b2b2b,haplotype differs,D4b2b2,D4b2b2,194T,,unstable (parenthesized) mutation missing in MToolBox
D4b2b2c,D4b2b2c,haplotype differs,D4b2b2,D4b2b2,194T,,unstable (parenthesized) mutation missing in MToolBox
D4b2b3,D4b2b3,haplotype differs,D4b2b,D4b2b,194T,,unstable (parenthesized) mutation missing in MToolBox
D4b2b4,D4b2b4,haplotype differs,D4b2b,D4b2b,194T,,unstable (parenthesized) mutation missing in MToolBox
D4b2b5,D4b2b5,haplotype differs,D4b2b,D4b2b,194T,,unstable (parenthesized) mutation missing in MToolBox
D4b2b6,D4b2b6,haplotype differs,D4b2b,D4b2b,194T,,unstable (parenthesized) mutation missing in MToolBox
D4b2b7,D4b2b7,haplotype differs,D4b2b,D4b2b,194T,,unstable (parenthesized) mutation missing in MToolBox
D4e1,D4e1,haplotype differs,D4e1'3,D4e1'3,16092C,,unstable (parenthesized) mutation missing in MToolBox
D4e1a,D4e1a,haplotype differs,D4e1,D4e1,16092C,,unstable (parenthesized) mutation missing in MToolBox
D4e1a1,D4e1a1,haplotype differs,D4e1a,D4e1a,16092C,,unstable (parenthesized) mutation missing in MToolBox
D4e1a2,D4e1a2,haplotype differs,D4e1a,D4e1a,16092C,,unstable (parenthesized) mutation missing in MToolBox
D4e1a2a,D4e1a2a,haplotype differs,D4e1a2,D4e1a2,16092C,,unstable (parenthesized) mutation missing in MToolBox
D4e1a3,D4e1a3,haplotype differs,D4e1a,D4e1a,16092C,,unstable (parenthesized) mutation missing in MToolBox
D4e1c,D4e1c,haplotype differs,D4e1,D4e1,16092C,,unstable (parenthesized) mutation missing in MToolBox
D2,D2,haplotype differs,D4e1,D4e1,16092C,,unstable (parenthesized) mutation missing in MToolBox
D2a'b,D2a'b,haplotype differs,D2,D2,16092C,,unstable (parenthesized) mutation missing in MToolBox
D2a,D2a,haplotype differs,D2a'b,D2a'b,16092C,,unstable (parenthesized) mutation missing in MToolBox
D2a1,D2a1,haplotype differs,D2a,D2a,16092C,,unstable (parenthesized) mutation missing in MToolBox
D2a1a,D2a1a,haplotype differs,D2a1,D2a1,16092C,,unstable (parenthesized) mutation missing in MToolBox
D2a1b,D2a1b,haplotype differs,D2a1,D2a1,16092C,,unstable (parenthesized) mutation missing in MToolBox
D2a2,D2a2,haplotype differs,D2a,D2a,16092C,,unstable (parenthesized) mutation missing in MToolBox
D2b,D2b,haplotype differs,D2a'b,D2a'b,16092C,,unstable (parenthesized) mutation missing in MToolBox
D2b1,D2b1,haplotype differs,D2b,D2b,16092C,,unstable (parenthesized) mutation missing in MToolBox
D2b1a,D2b1a,haplotype differs,D2b1,D2b1,16092C,,unstable (parenthesized) mutation missing in MToolBox
D2b2,D2b2,haplotype differs,D2b,D2b,16092C,,unstable (parenthesized) mutation missing in MToolBox
D2c,D2c,haplotype differs,D2,D2,16092C,,unstable (parenthesized) mutation missing in MToolBox
D4e2a,D4e2a,haplotype differs,D4e2,D4e2,573.XC,,insertion of unspecified length (.X) missing in MToolBox
D4e5a,D4e5a,haplotype differs,D4e5,D4e5,573.XC,,insertion of unspecified length (.X) missing in MToolBox
D4g1,D4g1,haplotype differs,D4g,D4g,573.XC,,insertion of unspecified length (.X) missing in MToolBox
D4g1a,D4g1a,haplotype differs,D4g1,D4g1,573.XC,,insertion of unspecified length (.X) missing in MToolBox
D4g1b,D4g1b,haplotype differs,D4g1,D4g1,573.XC,,insertion of unspecified length (.X) missing in MToolBox
D4g1c,D4g1c,haplotype differs,D4g1,D4g1,573.XC,,insertion of unspecified length (.X) missing in MToolBox
D4h3a2,D4h3a2,haplotype differs,D4h3a,D4h3a,573.XC,,insertion of unspecified length (.X) missing in MToolBox
D4j9,D4j9,parent differs;haplotype differs,D4j+(16286),D4j_s2,16286T,,unstable (parenthesized) mutation missing in MToolBox
L4a1a,L4a1a,haplotype differs,L4a1,L4a1,150T,,unstable (parenthesized) mutation missing in MToolBox
L2a1a3,L2a1a3,haplotype differs,L2a1a,L2a1a,16093C,,unstable (parenthesized) mutation missing in MToolBox
L2a1a3a,L2a1a3a,haplotype differs,L2a1a3,L2a1a3,16093C,,unstable (parenthesized) mutation missing in MToolBox
L2a1a3b,L2a1a3b,haplotype differs,L2a1a3,L2a1a3,16093C,,unstable (parenthesized) mutation missing in MToolBox
L2a1a3c,L2a1a3c,haplotype differs,L2a1a3,L2a1a3,16093C,,unstable (parenthesized) mutation missing in MToolBox
L2a1b,L2a1b,parent differs;haplotype differs,L2a1+16189  (16192),L2a1_16189!,16192T,,unstable (parenthesized) mutation missing in MToolBox
L2a1b1,L2a1b1,haplotype differs,L2a1b,L2a1b,16192T,,unstable (parenthesized) mutation missing in MToolBox
L2a1b1a,L2a1b1a,haplotype differs,L2a1b1,L2a1b1,16192T,,unstable (parenthesized) mutation missing in MToolBox
L2a1b2,L2a1b2,haplotype differs,L2a1b,L2a1b,16192T,,unstable (parenthesized) mutation missing in MToolBox
L2a1b+143,L2a1b_143,haplotype differs,L2a1b,L2a1b,16192T,,unstable (parenthesized) mutation missing in MToolBox
L2a1b3,L2a1b3,haplotype differs,L2a1b_143,L2a1b_143,16192T,,unstable (parenthesized) mutation missing in MToolBox
L2a1f,L2a1f,parent differs;haplotype differs,L2a1+16189  (16192),L2a1_16189!,16192T,,unstable (parenthesized) mutation missing in MToolBox
L2a1f1,L2a1f1,haplotype differs,L2a1f,L2a1f,16192T,,unstable (parenthesized) mutation missing in MToolBox
L2a1f1a,L2a1f1a,haplotype differs,L2a1f1,L2a1f1,16192T,,unstable (parenthesized) mutation missing in MToolBox
L2a1f2,L2a1f2,haplotype differs,L2a1f,L2a1f,16192T,,unstable (parenthesized) mutation missing in MToolBox
L2a1f3,L2a1f3,haplotype differs,L2a1f,L2a1f,16192T,,unstable (parenthesized) mutation missing in MToolBox
L2a1g,L2a1g,parent differs;haplotype differs,L2a1+16189  (16192),L2a1_16189!,16192T,,unstable (parenthesized) mutation missing in MToolBox
L2a1i,L2a1i,parent differs;haplotype differs,L2a1+143+16189  (16192)+@16309,L2a1_143_16189!_16309!,16192T,,unstable (parenthesized) mutation missing in MToolBox
L2a1i1,L2a1i1,haplotype differs,L2a1i,L2a1i,16192T,,unstable (parenthesized) mutation missing in MToolBox
L2a1q,L2a1q,parent differs;haplotype differs,L2a1+143+16189  (16192)+@16309,L2a1_143_16189!_16309!,16192T,,unstable (parenthesized) mutation missing in MToolBox
L2a1j,L2a1j,parent differs;haplotype differs,L2a1+143+16189  (16192),L2a1_143_16189!,16192T,,unstable (parenthesized) mutation missing in MToolBox
L2a1k,L2a1k,parent differs;haplotype differs,L2a1+143+16189  (16192),L2a1_143_16189!,16192T,,unstable (parenthesized) mutation missing in MToolBox
L2a1l,L2a1l,parent differs;haplotype differs,L2a1+143+16189  (16192),L2a1_143_16189!,16192T,,unstable (parenthesized) mutation missing in MToolBox
L2a1l1,L2a1l1,haplotype differs,L2a1l,L2a1l,16192T,,unstable (parenthesized) mutation missing in MToolBox
L2a1l1a,L2a1l1a,haplotype differs,L2a1l1,L2a1l1,16192T,,unstable (parenthesized) mutation missing in MToolBox
L2a1l1a1,L2a1l1a1,haplotype differs,L2a1l1a,L2a1l1a,16192T,,unstable (parenthesized) mutation missing in MToolBox
L2a1l1a2,L2a1l1a2,haplotype differs,L2a1l1a,L2a1l1a,16192T,,unstable (parenthesized) mutation missing in MToolBox
L2a1l1b,L2a1l1b,haplotype differs,L2a1l1,L2a1l1,16192T,,unstable (parenthesized) mutation missing in MToolBox
L2a1l2,L2a1l2,haplotype differs,L2a1l,L2a1l,16192T,,unstable (parenthesized) mutation missing in MToolBox
L2a1l2a,L2a1l2a,haplotype differs,L2a1l2,L2a1l2,16192T,,unstable (parenthesized) mutation missing in MToolBox
L2a1l2a1,L2a1l2a1,haplotype differs,L2a1l2a,L2a1l2a,16192T,,unstable (parenthesized) mutation missing in MToolBox
L2a1l3,L2a1l3,haplotype differs,L2a1l,L2a1l,16192T,,unstable (parenthesized) mutation missing in MToolBox
L2a1m,L2a1m,parent differs;haplotype differs,L2a1+143+16189  (16192),L2a1_143_16189!,16192T,,unstable (parenthesized) mutation missing in MToolBox
L2a1m1,L2a1m1,haplotype differs,L2a1m,L2a1m,16192T,,unstable (parenthesized) mutation missing in MToolBox
L2a1m1a,L2a1m1a,haplotype differs,L2a1m1,L2a1m1,16192T,,unstable (parenthesized) mutation missing in MToolBox
L2a1n,L2a1n,parent differs;haplotype differs,L2a1+143+16189  (16192),L2a1_143_16189!,16192T,,unstable (parenthesized) mutation missing in MToolBox
L2a1o,L2a1o,parent differs;haplotype differs,L2a1+143+16189  (16192),L2a1_143_16189!,16192T,,unstable (parenthesized) mutation missing in MToolBox
L2a1p,L2a1p,parent differs;haplotype differs,L2a1+143+16189  (16192),L2a1_143_16189!,16192T,,unstable (parenthesized) mutation missing in MToolBox
L2a4a,L2a4a,haplotype differs,L2a4,L2a4,573.XC,,insertion of unspecified length (.X) missing in MToolBox
L5,L5,parent differs,L2'3'4'6,L2'3'4'5'6,,,
L5a1,L5a1,haplotype differs,L5a,L5a,,455.TT,other
L5a1a,L5a1a,haplotype differs,L5a1,L5a1,,455.TT,other
L5a1b,L5a1b,haplotype differs,L5a1,L5a1,,455.TT,other
L5a1c,L5a1c,haplotype differs,L5a1,L5a1,,455.TT,other
L5b2,L5b2,haplotype differs,L5b,L5b,7972G,,other
L1,L1,parent differs,L2'3'4'5'6,L1'2'3'4'5'6,,,
L1b,L1b,haplotype differs,L1,L1,16293G,,unstable (parenthesized) mutation missing in MToolBox
L1b1,L1b1,haplotype differs,L1b,L1b,16293G,,unstable (parenthesized) mutation missing in MToolBox
L1b1a,L1b1a,haplotype differs,L1b1,L1b1,16293G,,unstable (parenthesized) mutation missing in MToolBox
L1b1a1'4,L1b1a1'4,haplotype differs,L1b1a,L1b1a,16293G,,unstable (parenthesized) mutation missing in MToolBox
L1b1a1,L1b1a1,haplotype differs,L1b1a1'4,L1b1a1'4,16293G,,unstable (parenthesized) mutation missing in MToolBox
L1b1a4,L1b1a4,haplotype differs,L1b1a1'4,L1b1a1'4,16293G,,unstable (parenthesized) mutation missing in MToolBox
L1b1a4a,L1b1a4a,haplotype differs,L1b1a4,L1b1a4,16293G,,unstable (parenthesized) mutation missing in MToolBox
L1b1a2,L1b1a2,haplotype differs,L1b1a,L1b1a,16293G,,unstable (parenthesized) mutation missing in MToolBox
L1b1a2a,L1b1a2a,haplotype differs,L1b1a2,L1b1a2,16293G,,unstable (parenthesized) mutation missing in MToolBox
L1b1a+189,L1b1a_189,haplotype differs,L1b1a,L1b1a,16293G,,unstable (parenthesized) mutation missing in MToolBox
L1b1a3,L1b1a3,haplotype differs,L1b1a_189,L1b1a_189,16293G,,unstable (parenthesized) mutation missing in MToolBox
L1b1a3a,L1b1a3a,haplotype differs,L1b1a3,L1b1a3,16293G,,unstable (parenthesized) mutation missing in MToolBox
L1b1a3a1,L1b1a3a1,haplotype differs,L1b1a3a,L1b1a3a,16293G,,unstable (parenthesized) mutation missing in MToolBox
L1b1a3b,L1b1a3b,haplotype differs,L1b1a3,L1b1a3,16293G,,unstable (parenthesized) mutation missing in MToolBox
L1b1a9,L1b1a9,haplotype differs,L1b1a_189,L1b1a_189,16293G,,unstable (parenthesized) mutation missing in MToolBox
L1b1a15,L1b1a15,haplotype differs,L1b1a_189,L1b1a_189,16293G,,unstable (parenthesized) mutation missing in MToolBox
L1b1a15a,L1b1a15a,haplotype differs,L1b1a15,L1b1a15,16293G,,unstable (parenthesized) mutation missing in MToolBox
L1b1a17,L1b1a17,haplotype differs,L1b1a_189,L1b1a_189,16293G,,unstable (parenthesized) mutation missing in MToolBox
L1b1a18,L1b1a18,haplotype differs,L1b1a_189,L1b1a_189,16293G,,unstable (parenthesized) mutation missing in MToolBox
L1b1a5,L1b1a5,haplotype differs,L1b1a,L1b1a,16293G,,unstable (parenthesized) mutation missing in MToolBox
L1b1a6,L1b1a6,haplotype differs,L1b1a,L1b1a,16293G,,unstable (parenthesized) mutation missing in MToolBox
L1b1a7,L1b1a7,haplotype differs,L1b1a,L1b1a,16293G,,unstable (parenthesized) mutation missing in MToolBox
L1b1a7a,L1b1a7a,haplotype differs,L1b1a7,L1b1a7,16293G,,unstable (parenthesized) mutation missing in MToolBox
L1b1a8,L1b1a8,haplotype differs,L1b1a,L1b1a,16293G,,unstable (parenthesized) mutation missing in MToolBox
L1b1a10,L1b1a10,haplotype differs,L1b1a,L1b1a,16293G,,unstable (parenthesized) mutation missing in MToolBox
L1b1a10a,L1b1a10a,haplotype differs,L1b1a10,L1b1a10,16293G,,unstable (parenthesized) mutation missing in MToolBox
L1b1a10b,L1b1a10b,haplotype differs,L1b1a10,L1b1a10,16293G,,unstable (parenthesized) mutation missing in MToolBox
L1b1a12,L1b1a12,haplotype differs,L1b1a,L1b1a,16293G,,unstable (parenthesized) mutation missing in MToolBox
L1b1a12a,L1b1a12a,haplotype differs,L1b1a12,L1b1a12,16293G,,unstable (parenthesized) mutation missing in MToolBox
L1b1a12b,L1b1a12b,haplotype differs,L1b1a12,L1b1a12,16293G,,unstable (parenthesized) mutation missing in MToolBox
L1b1a13,L1b1a13,haplotype differs,L1b1a,L1b1a,16293G,,unstable (parenthesized) mutation missing in MToolBox
L1b1a14,L1b1a14,haplotype differs,L1b1a,L1b1a,16293G,,unstable (parenthesized) mutation missing in MToolBox
L1b1a16,L1b1a16,haplotype differs,L1b1a,L1b1a,16293G,,unstable (parenthesized) mutation missing in MToolBox
L1b2'3,L1b2'3,haplotype differs,L1b,L1b,16293G,,unstable (parenthesized) mutation missing in MToolBox
L1b2,L1b2,haplotype differs,L1b2'3,L1b2'3,16293G,,unstable (parenthesized) mutation missing in MToolBox
L1b2a,L1b2a,haplotype differs,L1b2,L1b2,16293G,,unstable (parenthesized) mutation missing in MToolBox
L1b3,L1b3,haplotype differs,L1b2'3,L1b2'3,16293G,,unstable (parenthesized) mutation missing in MToolBox
L1c2a2,L1c2a2,haplotype differs,L1c2a,L1c2a,,5899.C,other
L1c2b,L1c2b,haplotype differs,L1c2,L1c2,16093C 16286T,16286G,unstable (parenthesized) mutation handled differently; unstable (parenthesized) mutation missing in MToolBox
L1c2b1,L1c2b1,haplotype differs,L1c2b,L1c2b,16093C 16286T,16286G,unstable (parenthesized) mutation handled differently; unstable (parenthesized) mutation missing in MToolBox
L1c2b1a'b,L1c2b1a'b,haplotype differs,L1c2b1,L1c2b1,16093C 16286T,16286G,unstable (parenthesized) mutation handled differently; unstable (parenthesized) mutation missing in MToolBox
L1c2b1a,L1c2b1a,haplotype differs,L1c2b1a'b,L1c2b1a'b,16093C 16286T,16286G,unstable (parenthesized) mutation handled differently; unstable (parenthesized) mutation missing in MToolBox
L1c2b1a1,L1c2b1a1,haplotype differs,L1c2b1a,L1c2b1a,16093C 16286T,16286G,unstable (parenthesized) mutation handled differently; unstable (parenthesized) mutation missing in MToolBox
L1c2b1b,L1c2b1b,haplotype differs,L1c2b1a'b,L1c2b1a'b,16093C 16286T,16286G,unstable (parenthesized) mutation handled differently; unstable (parenthesized) mutation missing in MToolBox
L1c2b1b1,L1c2b1b1,haplotype differs,L1c2b1b,L1c2b1b,16093C 16286T,16286G,unstable (parenthesized) mutation handled differently; unstable (parenthesized) mutation missing in MToolBox
L1c2b1c,L1c2b1c,haplotype differs,L1c2b1,L1c2b1,16093C 16286T,16286G,unstable (parenthesized) mutation handled differently; unstable (parenthesized) mutation missing in MToolBox
L1c2b2,L1c2b2,haplotype differs,L1c2b,L1c2b,16093C 16286T,16286G,unstable (parenthesized) mutation handled differently; unstable (parenthesized) mutation missing in MToolBox
L1c5,L1c5,haplotype differs,L1c1'2'4'5'6,L1c1'2'4'5'6,16114A,,unstable (parenthesized) mutation missing in MToolBox
L0a'b'g,L0a'b'g,haplotype differs,L0a'b'f'g,L0a'b'f'g,95C,,unstable (parenthesized) mutation missing in MToolBox
L0a'g,L0a'g,haplotype differs,L0a'b'g,L0a'b'g,95C,,unstable (parenthesized) mutation missing in MToolBox
L0a,L0a,haplotype differs,L0a'g,L0a'g,95C,,unstable (parenthesized) mutation missing in MToolBox
L0a1'4,L0a1'4,haplotype differs,L0a,L0a,95C,,unstable (parenthesized) mutation missing in MToolBox
L0a1,L0a1,haplotype differs,L0a1'4,L0a1'4,95C,,unstable (parenthesized) mutation missing in MToolBox
L0a1a,L0a1a,haplotype differs,L0a1,L0a1,64T 95C,,unstable (parenthesized) mutation missing in MToolBox
L0a1a+200,L0a1a_200,haplotype differs,L0a1a,L0a1a,64T 95C,,unstable (parenthesized) mutation missing in MToolBox
L0a1a1,L0a1a1,haplotype differs,L0a1a_200,L0a1a_200,64T 95C,,unstable (parenthesized) mutation missing in MToolBox
L0a1a2,L0a1a2,haplotype differs,L0a1a_200,L0a1a_200,64T 95C,,unstable (parenthesized) mutation missing in MToolBox
L0a1a3,L0a1a3,haplotype differs,L0a1a_200,L0a1a_200,64T 95C,,unstable (parenthesized) mutation missing in MToolBox
L0a1+16293,L0a1_16293,haplotype differs,L0a1,L0a1,95C,,unstable (parenthesized) mutation missing in MToolBox
L0a1b,L0a1b,haplotype differs,L0a1_16293,L0a1_16293,95C,,unstable (parenthesized) mutation missing in MToolBox
L0a1b1,L0a1b1,haplotype differs,L0a1b,L0a1b,95C,,unstable (parenthesized) mutation missing in MToolBox
L0a1b1a,L0a1b1a,haplotype differs,L0a1b1,L0a1b1,95C,,unstable (parenthesized) mutation missing in MToolBox
L0a1b1a1,L0a1b1a1,haplotype differs,L0a1b1a,L0a1b1a,95C,,unstable (parenthesized) mutation missing in MToolBox
L0a1b1a1a,L0a1b1a1a,haplotype differs,L0a1b1a1,L0a1b1a1,95C,,unstable (parenthesized) mutation missing in MToolBox
L0a1b2,L0a1b2,haplotype differs,L0a1b,L0a1b,95C,,unstable (parenthesized) mutation missing in MToolBox
L0a1b2a,L0a1b2a,haplotype differs,L0a1b2,L0a1b2,95C,,unstable (parenthesized) mutation missing in MToolBox
L0a1c,L0a1c,haplotype differs,L0a1_16293,L0a1_16293,95C,,unstable (parenthesized) mutation missing in MToolBox
L0a1c1,L0a1c1,haplotype differs,L0a1c,L0a1c,95C,,unstable (parenthesized) mutation missing in MToolBox
L0a1d,L0a1d,haplotype differs,L0a1_16293,L0a1_16293,95C,,unstable (parenthesized) mutation missing in MToolBox
L0a1e,L0a1e,haplotype differs,L0a1,L0a1,95C,,unstable (parenthesized) mutation missing in MToolBox
L0a4,L0a4,haplotype differs,L0a1'4,L0a1'4,95C,,unstable (parenthesized) mutation missing in MToolBox
L0a2,L0a2,haplotype differs,L0a,L0a,95C,,unstable (parenthesized) mutation missing in MToolBox
L0a2a,L0a2a,haplotype differs,L0a2,L0a2,95C,,unstable (parenthesized) mutation missing in MToolBox
L0a2a1,L0a2a1,haplotype differs,L0a2a,L0a2a,95C,,unstable (parenthesized) mutation missing in MToolBox
L0a2a1a,L0a2a1a,haplotype differs,L0a2a1,L0a2a1,95C,,unstable (parenthesized) mutation missing in MToolBox
L0a2a1a1,L0a2a1a1,haplotype differs,L0a2a1a,L0a2a1a,95C,,unstable (parenthesized) mutation missing in MToolBox
L0a2a1a2,L0a2a1a2,haplotype differs,L0a2a1a,L0a2a1a,95C,,unstable (parenthesized) mutation missing in MToolBox
L0a2a1b,L0a2a1b,haplotype differs,L0a2a1,L0a2a1,95C,,unstable (parenthesized) mutation missing in MToolBox
L0a2a2,L0a2a2,haplotype differs,L0a2a,L0a2a,95C,,unstable (parenthesized) mutation missing in MToolBox
L0a2a2a,L0a2a2a,haplotype differs,L0a2a2,L0a2a2,95C,,unstable (parenthesized) mutation missing in MToolBox
L0a2a2a1,L0a2a2a1,haplotype differs,L0a2a2a,L0a2a2a,95C,,unstable (parenthesized) mutation missing in MToolBox
L0a2a2a2,L0a2a2a2,haplotype differs,L0a2a2a,L0a2a2a,95C,,unstable (parenthesized) mutation missing in MToolBox
L0a2b,L0a2b,haplotype differs,L0a2,L0a2,95C,,unstable (parenthesized) mutation missing in MToolBox
L0a2b1,L0a2b1,haplotype differs,L0a2b,L0a2b,95C,,unstable (parenthesized) mutation missing in MToolBox
L0a2c,L0a2c,haplotype differs,L0a2,L0a2,95C,,unstable (parenthesized) mutation missing in MToolBox
L0a2d,L0a2d,haplotype differs,L0a2,L0a2,95C,,unstable (parenthesized) mutation missing in MToolBox
L0a3,L0a3,haplotype differs,L0a,L0a,95C,,unstable (parenthesized) mutation missing in MToolBox
L0g,L0g,haplotype differs,L0a'g,L0a'g,95C,,unstable (parenthesized) mutation missing in MToolBox
L0b,L0b,haplotype differs,L0a'b'g,L0a'b'g,95C,,unstable (parenthesized) mutation missing in MToolBox
L0f,L0f,haplotype differs,L0a'b'f'g,L0a'b'f'g,207A,,unstable (parenthesized) mutation missing in MToolBox
L0f1,L0f1,haplotype differs,L0f,L0f,207A,,unstable (parenthesized) mutation missing in MToolBox
L0f2,L0f2,haplotype differs,L0f,L0f,207A,,unstable (parenthesized) mutation missing in MToolBox
L0f2a,L0f2a,haplotype differs,L0f2,L0f2,207A,,unstable (parenthesized) mutation missing in MToolBox
L0f2a1,L0f2a1,haplotype differs,L0f2a,L0f2a,207A,,unstable (parenthesized) mutation missing in MToolBox
L0f2b,L0f2b,haplotype differs,L0f2,L0f2,207A,,unstable (parenthesized) mutation missing in MToolBox
L0d1a1,L0d1a1,haplotype differs,L0d1a,L0d1a,16266T,16266G,unstable (parenthesized) mutation handled differently; unstable (parenthesized) mutation missing in MToolBox
L0d1a1a,L0d1a1a,haplotype differs,L0d1a1,L0d1a1,16266T,16266G,unstable (parenthesized) mutation handled differently; unstable (parenthesized) mutation missing in MToolBox
L0d1a1a1,L0d1a1a1,haplotype differs,L0d1a1a,L0d1a1a,16266T,16266G,unstable (parenthesized) mutation handled differently; unstable (parenthesized) mutation missing in MToolBox
L0d1a1a2,L0d1a1a2,haplotype differs,L0d1a1a,L0d1a1a,16266T,16266G,unstable (parenthesized) mutation handled differently; unstable (parenthesized) mutation missing in MToolBox
L0d1a1a3,L0d1a1a3,haplotype differs,L0d1a1a,L0d1a1a,16266T,16266G,unstable (parenthesized) mutation handled differently; unstable (parenthesized) mutation missing in MToolBox
L0d1a1b,L0d1a1b,haplotype differs,L0d1a1,L0d1a1,16266T,16266G,unstable (parenthesized) mutation handled differently; unstable (parenthesized) mutation missing in MToolBox
L0d1a1b1,L0d1a1b1,haplotype differs,L0d1a1b,L0d1a1b,16266T,16266G,unstable (parenthesized) mutation handled differently; unstable (parenthesized) mutation missing in MToolBox
L0d1a1b1a,L0d1a1b1a,haplotype differs,L0d1a1b1,L0d1a1b1,16266T,16266G,unstable (parenthesized) mutation handled differently; unstable (parenthesized) mutation missing in MToolBox
L0d1a1b1b,L0d1a1b1b,haplotype differs,L0d1a1b1,L0d1a1b1,16266T,16266G,unstable (parenthesized) mutation handled differently; unstable (parenthesized) mutation missing in MToolBox
L0d1a1c,L0d1a1c,haplotype differs,L0d1a1,L0d1a1,16266T,16266G,unstable (parenthesized) mutation handled differently; unstable (parenthesized) mutation missing in MToolBox
L0d1a1d,L0d1a1d,haplotype differs,L0d1a1,L0d1a1,16266T,16266G,unstable (parenthesized) mutation handled differently; unstable (parenthesized) mutation missing in MToolBox
L0d1b2a,L0d1b2a,haplotype differs,L0d1b2,L0d1b2,16474T,,unstable (parenthesized) mutation missing in MToolBox
L0d1b2a1,L0d1b2a1,haplotype differs,L0d1b2a,L0d1b2a,16474T,,unstable (parenthesized) mutation missing in MToolBox
L0d1b2a2,L0d1b2a2,haplotype differs,L0d1b2a,L0d1b2a,16474T,,unstable (parenthesized) mutation missing in MToolBox
L0d1b2b2,L0d1b2b2,haplotype differs,L0d1b2b,L0d1b2b,573.XC,,insertion of unspecified length (.X) missing in MToolBox
L0d1b2b2a,L0d1b2b2a,haplotype differs,L0d1b2b2,L0d1b2b2,573.XC,,insertion of unspecified length (.X) missing in MToolBox
L0d1b2b2b,L0d1b2b2b,haplotype differs,L0d1b2b2,L0d1b2b2,573.XC,,insertion of unspecified length (.X) missing in MToolBox
L0d1b2b2b1,L0d1b2b2b1,haplotype differs,L0d1b2b2b,L0d1b2b2b,573.XC,,insertion of unspecified length (.X) missing in MToolBox
L0d1b2b2c,L0d1b2b2c,haplotype differs,L0d1b2b2,L0d1b2b2,573.XC,,insertion of unspecified length (.X) missing in MToolBox
L0d1b2b2c1,L0d1b2b2c1,haplotype differs,L0d1b2b2c,L0d1b2b2c,573.XC,,insertion of unspecified length (.X) missing in MToolBox
L0d1b2b2c2,L0d1b2b2c2,haplotype differs,L0d1b2b2c,L0d1b2b2c,573.XC,,insertion of unspecified length (.X) missing in MToolBox
L0d2c1a,L0d2c1a,haplotype differs,L0d2c1,L0d2c1,5899.XC,,insertion of unspecified length (.X) missing in MToolBox
L0d2c1a1,L0d2c1a1,haplotype differs,L0d2c1a,L0d2c1a,5899.XC,,insertion of unspecified length (.X) missing in MToolBox
H2a2a1,,only in Haplogrep XML,H2a2a,,,,
H2a2a+(16235),,only in Haplogrep XML,H2a2,,,,
H2a+152  16311,,only in Haplogrep XML,H2,,,,
H8+(114),,only in Haplogrep XML,H8,,,,
H8+(114)+152,,only in Haplogrep XML,H8+(114),,,,
H10+(16093),,only in Haplogrep XML,H10,,,,
H+73,,only in Haplogrep XML,HV,,,,
R0a+60.1T,,only in Haplogrep XML,R0a,,,,
U6a+16189+(103),,only in Haplogrep XML,U6a+16189,,,,
U2d2a,,only in Haplogrep XML,U2d2,,,,
U4b1+146  152,,only in Haplogrep XML,U4b1,,,,
K1b1+(16093),,only in Haplogrep XML,K1b1,,,,
A2+(64),,only in Haplogrep XML,A2,,,,
A2+(64)+@153,,only in Haplogrep XML,A2+(64),,,,
A2+(64)+@16111,,only in Haplogrep XML,A2+(64),,,,
A2+(64)+16129,,only in Haplogrep XML,A2+(64),,,,
A2+(64)+16189,,only in Haplogrep XML,A2+(64),,,,
M7b1a1+(16192),,only in Haplogrep XML,M7b1a1,,,,
E1a2+(16261),,only in Haplogrep XML,E1a2,,,,
Q3a+61  62,,only in Haplogrep XML,Q3a,,,,
D4j+(16286),,only in Haplogrep XML,D4j,,,,
L2a1+16189  (16192),,only in Haplogrep XML,L2a1,,,,
L2a1+143+16189  (16192),,only in Haplogrep XML,L2a1+143,,,,
L2a1+143+16189  (16192)+@16309,,only in Haplogrep XML,L2a1+143+16189  (16192),,,,
,L2a1_143_16189!,only in MToolBox,,L2a1_143,,,
,L2a1_143_16189!_16309!,only in MToolBox,,L2a1_143_16189!,,,
,L2a1_16189!,only in MToolBox,,L2a1,,,
,M7b1a1_s,only in MToolBox,,M7b1a1,,,
,M7b1a1_s0,only in MToolBox,,M7b1a1,,,
,E1a2_s,only in MToolBox,,E1a2,,,
,E1a2_s1,only in MToolBox,,E1a2,,,
,Q3a_61,only in MToolBox,,Q3a,,,
,D4j_s,only in MToolBox,,D4j,,,
,D4j_s2,only in MToolBox,,D4j,,,
,A2_s,only in MToolBox,,A2,,,
,A2_s_153!,only in MToolBox,,A2_s,,,
,A2_s_16111!,only in MToolBox,,A2_s,,,
,A2_s_16129!,only in MToolBox,,A2_s,,,
,A2_s_16189!,only in MToolBox,,A2_s,,,
,A2_s3,only in MToolBox,,A2,,,
,A2_s3_153!,only in MToolBox,,A2_s3,,,
,A2_s3_16111!,only in MToolBox,,A2_s3,,,
,A2_s3_16129!,only in MToolBox,,A2_s3,,,
,A2_s3_16189!,only in MToolBox,,A2_s3,,,
,P1e,only in MToolBox,,P1_152!,,,
,H2_152!,only in MToolBox,,H2,,,
,H2a2_s,only in MToolBox,,H2a2,,,
,H2a2_s4,only in MToolBox,,H2a2,,,
,H10_s,only in MToolBox,,H10,,,
,H10_s6,only in MToolBox,,H10,,,
,H8_s,only in MToolBox,,H8,,,
,H8_s_152!,only in MToolBox,,H8_s,,,
,H8_s5,only in MToolBox,,H8,,,
,H8_s5_152!,only in MToolBox,,H8_s5,,,
,HV_73!,only in MToolBox,,HV,,,
,R0a_60.T,only in MToolBox,,R0a,,,
,U4b1_146!,only in MToolBox,,U4b1,,,
,K1b1_s,only in MToolBox,,K1b1,,,
,K1b1_s8,only in MToolBox,,K1b1,,,
,U6a_16189!_s,only in MToolBox,,U6a_16189!,,,
,U6a_16189!_s7,only in MToolBox,,U6a_16189!,,,
