haplogroup	parent	depth	n_subclades	metagroup	mutations
mt-MRCA		0	2	FALSE	
L0	mt-MRCA	1	2	FALSE	263A 1048T 3516A 5442C 6185C 9042T 9347G 10589A 12007A 12720G
L0a'b'f'g'k	L0	2	2	TRUE	189G 4586C 9818T 16172C
L0a'b'f'g	L0a'b'f'g'k	3	2	TRUE	73A 185A 195T 263G! 2245G 5603T 11641G 15136T 15431A
L0a'b'g	L0a'b'f'g	4	2	TRUE	93G 236C 8428T 8566G 9755A 16148T
L0a'g	L0a'b'g	5	2	TRUE	11176A 16188G
L0a	L0a'g	6	3	FALSE	146T 5231A 5460A 14308C 16278C 16320T
L0a1'4	L0a	7	2	TRUE	16168T
L0a1	L0a1'4	8	3	FALSE	5096C
L0a1_16293	L0a1	9	3	FALSE	16293G
L0a1b	L0a1_16293	10	2	FALSE	5911T 14007G 16278T!
L0a1b1	L0a1b	11	1	FALSE	152T 8191G
L0a1b1a	L0a1b1	12	1	FALSE	12127A
L0a1b1a1	L0a1b1a	13	1	FALSE	961C
L0a1b1a1a	L0a1b1a1	14	0	FALSE	11017C 15381T
L0a1b2	L0a1b	11	1	FALSE	5563A 14106C 16093C
L0a1b2a	L0a1b2	12	0	FALSE	15099C
L0a1c	L0a1_16293	10	1	FALSE	14569A
L0a1c1	L0a1c	11	0	FALSE	8188G 16129G 16287T
L0a1d	L0a1_16293	10	0	FALSE	553T 12557T 16320C!
L0a1a	L0a1	9	1	FALSE	3866C
L0a1a_200	L0a1a	10	3	FALSE	200G
L0a1a1	L0a1a_200	11	0	FALSE	2759C
L0a1a2	L0a1a_200	11	0	FALSE	152T 2245C
L0a1a3	L0a1a_200	11	0	FALSE	9181G
L0a1e	L0a1	9	0	FALSE	152T 5147A 5608T 7568C 16168C!
L0a4	L0a1'4	8	0	FALSE	152T 2887C 3010A 5060T 7830A 8545A 8870C 11380G 11809C 12780G 14001G 14142T 16192T 16234T 16259A 16319A
L0a2	L0a	7	4	FALSE	64T 185G! 5147A 5711G 6257A 8281-8289d 8460G 11172G 16129G
L0a2a	L0a2	8	2	FALSE	11143T 14755G
L0a2a1	L0a2a	9	2	FALSE	14182C
L0a2a1a	L0a2a1	10	2	FALSE	4598C
L0a2a1a1	L0a2a1a	11	0	FALSE	8264T 9178A
L0a2a1a2	L0a2a1a	11	0	FALSE	7424G 15617A
L0a2a1b	L0a2a1	10	0	FALSE	3834A 5558G
L0a2a2	L0a2a	9	1	FALSE	204C 207A 9545G 9554A
L0a2a2a	L0a2a2	10	2	FALSE	13116T
L0a2a2a1	L0a2a2a	11	0	FALSE	8701A 14905A
L0a2a2a2	L0a2a2a	11	0	FALSE	9734T
L0a2b	L0a2	8	1	FALSE	152T 189A! 3372C 5237A 11269T 12172G 13281C 16188T 16242T 16390A
L0a2b1	L0a2b	9	0	FALSE	1598A
L0a2c	L0a2	8	0	FALSE	194T 3693A 3738T 4012G 8389G 11009C 11887A 13984T 14560A 16188T 16214T 16234T 16320C!
L0a2d	L0a2	8	0	FALSE	5581G 15317A
L0a3	L0a	7	0	FALSE	14581C
L0g	L0a'g	6	0	FALSE	195C! 198T 204C 207A 499A 1415A 4466G 4814T 4943G 5141T 5603C! 5656G 5782C 8047C 8224G 10039G 10427A 12528A 12705C 13431T 13767A 14002G 14110C 15803A 16169T
L0b	L0a'b'g	5	0	FALSE	6719C 15106A 15622C 16051G 16164G 16187C
L0f	L0a'b'f'g	4	2	FALSE	4964T 7148C 9581C 9620T 13470G 14109T 14620T 15852C 16169T 16327T 16368C
L0f1	L0f	5	0	FALSE	146T 151T 7364G 16187C 16354T
L0f2	L0f	5	2	FALSE	4194T 11287C 13680T 13928C
L0f2a	L0f2	6	1	FALSE	1719A 4562G 10790C
L0f2a1	L0f2a	7	0	FALSE	143A 978G 2772T 2789T 3852T 5321T 10143A 11299C 12720A! 13708A 16173T 16239T
L0f2b	L0f2	6	0	FALSE	152T 183G 184A 783G 3027C 3531A 3592A 6152C 6176C 7419A 8020A 8748T 9725C 11974G 12855G 13145A 13317A 14683G 15884A 15927A 16129G 16218T 16291T 16354T
L0k	L0a'b'f'g'k	3	2	FALSE	199C 850C 1243C 4541A 4907C 5811G 7257G 8911C 8922T 8994A 9136G 10499G 10876G 10920T 11296T 11299C 11653G 13590A 13819C 13928C 14020C 14182C 14371C 14374C 16129G 16166C 16214T 16291G
L0k1	L0k	4	2	FALSE	2836A 6938T 16209C
L0k1a	L0k1	5	3	FALSE	198T 199T! 10939T 12070A 12720A! 13020C
L0k1a1	L0k1a	6	4	FALSE	207A 8922C!
L0k1a1a	L0k1a1	7	0	FALSE	204C 8251A
L0k1a1b	L0k1a1	7	0	FALSE	14569A
L0k1a1c	L0k1a1	7	0	FALSE	2060G
L0k1a1d	L0k1a1	7	0	FALSE	5582G
L0k1a2	L0k1a	6	1	FALSE	8222C
L0k1a2a	L0k1a2	7	0	FALSE	10978G
L0k1a3	L0k1a	6	0	FALSE	16129A! 16242T 16269G 16274A
L0k1b	L0k1	5	0	FALSE	593C 3777C 10321C 14364A 15721C 15884A
L0k2	L0k	4	2	FALSE	204C 9347A! 9884T 15221A 16223C 16291T
L0k2a	L0k2	5	1	FALSE	4012G 9136A! 15299C 16527T
L0k2a1	L0k2a	6	1	FALSE	16171G
L0k2a1a	L0k2a1	7	0	FALSE	8838A 11893G 16360T
L0k2b	L0k2	5	0	FALSE	16287T
L0d	L0	2	2	FALSE	1438A 4232C 6815C 8113A 8152A 8251A 12121C 15466A 15930A 15941C 16243C
L0d1'2	L0d	3	2	TRUE	498d 3756G 9755A 16278C
L0d1	L0d1'2	4	2	FALSE	719A 2706A 3438A 6266G 13759A
L0d1a'c'd	L0d1	5	2	TRUE	16234T
L0d1a'd	L0d1a'c'd	6	2	TRUE	152T 16223C
L0d1a	L0d1a'd	7	1	FALSE	1243C 9950C 12142G 16266G
L0d1a1	L0d1a	8	4	FALSE	199C 12798T
L0d1a1a	L0d1a1	9	3	FALSE	7389C 12696C
L0d1a1a1	L0d1a1a	10	0	FALSE	199T!
L0d1a1a2	L0d1a1a	10	0	FALSE	318C
L0d1a1a3	L0d1a1a	10	0	FALSE	14750G
L0d1a1b	L0d1a1	9	1	FALSE	13855T 13967T
L0d1a1b1	L0d1a1b	10	2	FALSE	153G 16209C
L0d1a1b1a	L0d1a1b1	11	0	FALSE	10319G
L0d1a1b1b	L0d1a1b1	11	0	FALSE	14953T
L0d1a1c	L0d1a1	9	0	FALSE	152C! 195T 1719A 7283C 10237C 15924G
L0d1a1d	L0d1a1	9	0	FALSE	3849A 8793C
L0d1d	L0d1a'd	7	0	FALSE	2491.C 4688C 5104T 8270T 11447A 11611A 13506C 14560A 15459T 16129G 16172C 16187C 16218T
L0d1c	L0d1a'c'd	6	3	FALSE	456T 4197T 9150G 11437C 12235C 13129T 15951G 16129G
L0d1c1	L0d1c	7	1	FALSE	15550T 16242T
L0d1c1a	L0d1c1	8	2	FALSE	7828G 9438A
L0d1c1a1	L0d1c1a	9	2	FALSE	198T 16167T
L0d1c1a1a	L0d1c1a1	10	2	FALSE	3666A
L0d1c1a1a1	L0d1c1a1a	11	0	FALSE	294C 5460A 15731A
L0d1c1a1a2	L0d1c1a1a	11	0	FALSE	9105T
L0d1c1a1b	L0d1c1a1	10	0	FALSE	7967T
L0d1c1a2	L0d1c1a	9	0	FALSE	114A 5460A 13203G
L0d1c2	L0d1c	7	1	FALSE	16294G
L0d1c2a	L0d1c2	8	1	FALSE	200G 6929G 16256T 16294T
L0d1c2a1	L0d1c2a	9	0	FALSE	9180G 12609A 15470C 16274A
L0d1c3	L0d1c	7	0	FALSE	265C 3591A 15519C 16093C
L0d1b	L0d1	5	2	FALSE	3618C
L0d1b1	L0d1b	6	3	FALSE	188G 2484.C 4562C 10398A 16179T
L0d1b1_152	L0d1b1	7	1	FALSE	152T
L0d1b1c	L0d1b1_152	8	0	FALSE	731G 2285C 2758G 2882C 11016A 16390T
L0d1b1a	L0d1b1	7	1	FALSE	3531A 8027A 10707G 15217A 15479C
L0d1b1a1	L0d1b1a	8	0	FALSE	15314A
L0d1b1b	L0d1b1	7	1	FALSE	11341G
L0d1b1b1	L0d1b1b	8	0	FALSE	204C 207A 16140C 16293G
L0d1b2	L0d1b	6	2	FALSE	7283C 14315T 14659T 16294T
L0d1b2a	L0d1b2	7	2	FALSE	6692G 8790A 14280G 14560A 15449C 16153A
L0d1b2a1	L0d1b2a	8	0	FALSE	9887C
L0d1b2a2	L0d1b2a	8	0	FALSE	2951G 8388C 13062G
L0d1b2b	L0d1b2	7	2	FALSE	16239T
L0d1b2b1	L0d1b2b	8	2	FALSE	9111C 10920T
L0d1b2b1a	L0d1b2b1	9	0	FALSE	957T 5460A 8715C 8970T 11087C 12303T 14211T 15106A
L0d1b2b1b	L0d1b2b1	9	1	FALSE	6383A 12436T 15337T
L0d1b2b1b1	L0d1b2b1b	10	0	FALSE	10084C
L0d1b2b2	L0d1b2b	8	3	FALSE	8383C 15692G 16230A
L0d1b2b2a	L0d1b2b2	9	0	FALSE	2887C
L0d1b2b2b	L0d1b2b2	9	1	FALSE	15697C
L0d1b2b2b1	L0d1b2b2b	10	0	FALSE	12501A 16218T
L0d1b2b2c	L0d1b2b2	9	2	FALSE	5029C
L0d1b2b2c1	L0d1b2b2c	10	0	FALSE	8937C
L0d1b2b2c2	L0d1b2b2c	10	0	FALSE	3666A 12816T 16157C
L0d2	L0d1'2	4	2	FALSE	3981G 4025T 4044G 7154G 11854C 15766G
L0d2a'b'd	L0d2	5	3	TRUE	16212G
L0d2a	L0d2a'b'd	6	2	FALSE	5153G 12172G 14221C 16390A
L0d2a1	L0d2a	7	3	FALSE	198T 597T 4225G 8392A 12234G 12810G
L0d2a1a	L0d2a1	8	3	FALSE	8545A
L0d2a1a1	L0d2a1a	9	1	FALSE	2072G
L0d2a1a1a	L0d2a1a1	10	0	FALSE	16292T
L0d2a1a2	L0d2a1a	9	0	FALSE	4896C
L0d2a1a3	L0d2a1a	9	0	FALSE	16172C
L0d2a1b	L0d2a1	8	0	FALSE	463T 7861C 16187C
L0d2a1c	L0d2a1	8	0	FALSE	2609C 2623G 9656C 11150A
L0d2a2	L0d2a	7	0	FALSE	93G 95C 3105G 3290C 4574G 7412T 16256T 16289G
L0d2b	L0d2a'b'd	6	2	FALSE	152T 1386C 9932A 10084C 16069T 16169T
L0d2b1	L0d2b	7	2	FALSE	265C 4769A 5515G 8865A 8994A 13386C 14770T 16126C 16187C 16258C 16291T
L0d2b1a	L0d2b1	8	1	FALSE	709A 3756A!
L0d2b1a1	L0d2b1a	9	1	FALSE	8563G 9776T
L0d2b1a1a	L0d2b1a1	10	0	FALSE	15596A
L0d2b1b	L0d2b1	8	0	FALSE	13466C 14302C 14693G 15944d
L0d2b2	L0d2b	7	0	FALSE	794C 5054A 13768C 14326C
L0d2d	L0d2a'b'd	6	0	FALSE	125C 127C 150T 188G 5147A 5231A 6776C 8434T 9254G 9476G 10745T 14094C 15884A 16390T
L0d2c	L0d2	5	2	FALSE	294A 4038G 4204C 4937C 6644T 8284T 8420G 9230C 9305A 11974G 13827G 14007G 15346A
L0d2c1	L0d2c	6	2	FALSE	6249A
L0d2c1a	L0d2c1	7	1	FALSE	4052T 4395G
L0d2c1a1	L0d2c1a	8	0	FALSE	930A 2483C 6134T 9554A
L0d2c1b	L0d2c1	7	0	FALSE	12562T 16482G
L0d2c2	L0d2c	6	2	FALSE	94A 152T 8725G 8860A 9531G 10373A
L0d2c2a	L0d2c2	7	1	FALSE	4646C
L0d2c2a1	L0d2c2a	8	1	FALSE	12234G
L0d2c2a1a	L0d2c2a1	9	0	FALSE	14693G 15541C
L0d2c2b	L0d2c2	7	0	FALSE	9072G 9090A
L0d3	L0d	3	2	FALSE	150T 316A 721C 1243C 2755G 5460A 5773A 6377T 8459G 8598C 9027T 9488T 11061T 13359A 15236G 15312C 16290T 16300G
L0d3a	L0d3	4	0	FALSE	11653G 15461C 15586C 16399G
L0d3b	L0d3	4	2	FALSE	152T 6170T 7119A 8290A 10114C 10128A 16129G 16274A
L0d3b1	L0d3b	5	0	FALSE	12978G
L0d3b2	L0d3b	5	0	FALSE	6152C
L1'2'3'4'5'6	mt-MRCA	1	2	TRUE	146T 182T 4312C 10664C 10915T 11914G 13276A 16230A
L1	L1'2'3'4'5'6	2	2	FALSE	3666A 7055G 7389C 13789C 14178C 14560A
L1b	L1	3	2	FALSE	185T 357G 709A 710C 1438A 1738C 2352C 2768G 3308C 3693A 6548T 6827C 6989G 7867T 8248G 12519C 14769G 15115C 16126C 16129G 16264T 16270T
L1b1	L1b	4	1	FALSE	5036G 5046A 5655C 13880A 14203G
L1b1a	L1b1	5	12	FALSE	5393C
L1b1a1'4	L1b1a	6	2	TRUE	16114A
L1b1a1	L1b1a1'4	7	0	FALSE	264T 3396C 16215G
L1b1a4	L1b1a1'4	7	1	FALSE	8790A
L1b1a4a	L1b1a4	8	0	FALSE	13194A
L1b1a2	L1b1a	6	1	FALSE	7954C
L1b1a2a	L1b1a2	7	0	FALSE	16289G
L1b1a5	L1b1a	6	0	FALSE	14812T
L1b1a6	L1b1a	6	0	FALSE	9755A 14110C
L1b1a7	L1b1a	6	1	FALSE	6378C
L1b1a7a	L1b1a7	7	0	FALSE	228A 14053G
L1b1a8	L1b1a	6	0	FALSE	7298G
L1b1a10	L1b1a	6	2	FALSE	151T
L1b1a10a	L1b1a10	7	0	FALSE	15763G
L1b1a10b	L1b1a10	7	0	FALSE	11506C
L1b1a12	L1b1a	6	2	FALSE	1462A 16400T
L1b1a12a	L1b1a12	7	0	FALSE	11002G
L1b1a12b	L1b1a12	7	0	FALSE	7298G 16187C
L1b1a13	L1b1a	6	0	FALSE	5509C
L1b1a14	L1b1a	6	0	FALSE	12512T
L1b1a16	L1b1a	6	0	FALSE	185A 14016A 14040A
L1b1a_189	L1b1a	6	5	FALSE	189G
L1b1a3	L1b1a_189	7	2	FALSE	13980A
L1b1a3a	L1b1a3	8	1	FALSE	7915T
L1b1a3a1	L1b1a3a	9	0	FALSE	11254C
L1b1a3b	L1b1a3	8	0	FALSE	1719A 4216C
L1b1a9	L1b1a_189	7	0	FALSE	6446A
L1b1a15	L1b1a_189	7	1	FALSE	15077A 15103T
L1b1a15a	L1b1a15	8	0	FALSE	16355T
L1b1a17	L1b1a_189	7	0	FALSE	15629C
L1b1a18	L1b1a_189	7	0	FALSE	182C! 12609C 12696C
L1b2'3	L1b	4	2	TRUE	195T
L1b2	L1b2'3	5	1	FALSE	189G 12891T 13893G 14323A 16239T
L1b2a	L1b2	6	0	FALSE	146C! 12171G 16111T 16264C!
L1b3	L1b2'3	5	0	FALSE	723G 4562G 7972G 14800T
L1c	L1	3	2	FALSE	151T 186A 189C 316A 2395d 5951G 6071C 8027A 9072G 10586A 12810G 13485G 14000A 14911T 16294T 16360T
L1c1'2'4'5'6	L1c	4	2	TRUE	297G
L1c1'2'4'6	L1c1'2'4'5'6	5	3	TRUE	198T 10321C
L1c1	L1c1'2'4'6	6	2	FALSE	3796T 3843G 14148G 16293G
L1c1a'b'd	L1c1	7	2	TRUE	11899C
L1c1a	L1c1a'b'd	8	1	FALSE	4454A 8087C 14088C
L1c1a_198!	L1c1a	9	2	FALSE	198C!
L1c1a1	L1c1a_198!	10	2	FALSE	10398A 14034C 16223C
L1c1a1a	L1c1a1	11	2	FALSE	44.C 204C 11257T 16214T 16234T 16249C
L1c1a1a1	L1c1a1a	12	2	FALSE	182C! 467T 2308G 5984G 11167G 12930T 16274A
L1c1a1a1a	L1c1a1a1	13	0	FALSE	6182A 8928C 9311C 15663C 16293A!
L1c1a1a1b	L1c1a1a1	13	1	FALSE	204T! 16051G 16258G
L1c1a1a1b1	L1c1a1a1b	14	0	FALSE	5300T
L1c1a1a2	L1c1a1a	12	0	FALSE	4491A 10667C 13194A 16129G
L1c1a1b	L1c1a1	11	0	FALSE	195T 2141C 5277C 8769G 9580G 12164A 13174C 14040A 15777A 16129G 16184T 16360C!
L1c1a2	L1c1a_198!	10	3	FALSE	93G 95C 151C! 236C 2755G 2863C 3513T 3927G 4506G 7202G 9647C 12768G 16274A
L1c1a2a	L1c1a2	11	2	FALSE	4634C 9336G 12477C
L1c1a2a1	L1c1a2a	12	0	FALSE	7692C
L1c1a2a2	L1c1a2a	12	0	FALSE	15289C
L1c1a2b	L1c1a2	11	0	FALSE	152T 6752G 7660C 7693T 9272T
L1c1a2c	L1c1a2	11	0	FALSE	8266G 12007A 13879C
L1c1b'd	L1c1a'b'd	8	2	TRUE	16086C
L1c1b	L1c1b'd	9	1	FALSE	1291C 4688C 5553C 8619T 9861C 10084C 12681C 14393G 16241G
L1c1b1	L1c1b	10	0	FALSE	4824G 8277C 15025T 16291T 16293A!
L1c1d	L1c1b'd	9	1	FALSE	5460A 11914A! 15301A 15626T 16038G
L1c1d1	L1c1d	10	0	FALSE	5108C 7948T
L1c1c	L1c1	7	0	FALSE	198C! 249d 6267A 8387A 8389G 9233C 11335T 12879C 16172C 16187C 16294C!
L1c2'4	L1c1'2'4'6	6	2	TRUE	5899.C 12049T 13149G
L1c2	L1c2'4	7	2	FALSE	6150A 6253C 7076G 7337A 8784G 8877C 10792G 10793T 11654G 16265C 16286G 16527T
L1c2a	L1c2	8	3	FALSE	1420C 2156.A 15016T 15784C
L1c2a1	L1c2a	9	2	FALSE	16145A 16213A
L1c2a1a	L1c2a1	10	0	FALSE	7744C 8251A 13212T 13281C 14812T 16071T 16234T
L1c2a1b	L1c2a1	10	0	FALSE	3777C 5237A
L1c2a2	L1c2a	9	0	FALSE	709A 3438A 5899.CD! 7070T 7160T 7301G 8701A 9018C 13437C 16288C 16357C 16360C!
L1c2a3	L1c2a	9	1	FALSE	471C 6723A 11329G 14861A
L1c2a3a	L1c2a3	10	0	FALSE	385G 1048T 7741C 14127G 16129G 16172C
L1c2b	L1c2	8	2	FALSE	11164G
L1c2b1	L1c2b	9	2	FALSE	10031C
L1c2b1a'b	L1c2b1	10	2	TRUE	2220G
L1c2b1a	L1c2b1a'b	11	1	FALSE	5580C 6209T 14071G
L1c2b1a1	L1c2b1a	12	0	FALSE	3349G 7675T 12771A
L1c2b1b	L1c2b1a'b	11	1	FALSE	5087C 6480A 9108G 12669T
L1c2b1b1	L1c2b1b	12	0	FALSE	264T 3275G 6173T
L1c2b1c	L1c2b1	10	0	FALSE	633G 723G 3421A 3777C 5580C 5894d 10071C 15672C 16292T
L1c2b2	L1c2b	9	0	FALSE	8567C 13269G 16320T
L1c4	L1c2'4	7	2	FALSE	151C! 198C! 5196C 6629G 7673G 7960G 9266A 9545G 13741G 13879C 16184T 16301T
L1c4a	L1c4	8	0	FALSE	280T 1503A 4596A 4937C 4959A 5054A 11337G 11854C 12940A 14182C 15191C 16037G 16093C 16140C
L1c4b	L1c4	8	0	FALSE	4706G 11002G
L1c6	L1c1'2'4'6	6	0	FALSE	930A 2251G 5231A 14470C
L1c5	L1c1'2'4'5'6	5	0	FALSE	291T 709A 5390G 7762A 8143C 8281-8289d 9899C 11150A 12425G 12630A 13359A 13368A 15449C 15553A 15941C 16261T 16294C!
L1c3	L1c	4	2	FALSE	195T 6221A 6917A 7055A! 11302T 15226G 15905C 15978T
L1c3a	L1c3	5	1	FALSE	6260A 7498A 7789A 9966A 12019T 12501A 16187C 16215G
L1c3a1	L1c3a	6	2	FALSE	3105G
L1c3a1a	L1c3a1	7	0	FALSE	2387C 12616C
L1c3a1b	L1c3a1	7	0	FALSE	8668C 16355T
L1c3b'c	L1c3	5	2	TRUE	2283T 16293G
L1c3b	L1c3b'c	6	2	FALSE	8251A 13981T 14794T 16163G
L1c3b1	L1c3b	7	2	FALSE	629C 3210T 3434G 4755C 8417T 12400G 12542T 16017C
L1c3b1a	L1c3b1	8	0	FALSE	11317G 13708A 16209C
L1c3b1b	L1c3b1	8	0	FALSE	1686G 2083C
L1c3b2	L1c3b	7	0	FALSE	2283C! 3096C 6297C 6353G 7805A 7844G 14128G 14831A 15244G 15924G 16086C
L1c3c	L1c3b'c	6	0	FALSE	93G 195C! 248G 458T 745.T 3027C 3525T 3600T 4853A 11852A 11984C 12507G 14669G
L2'3'4'5'6	L1'2'3'4'5'6	2	2	TRUE	152T 2758G 2885T 7146A 8468C
L2'3'4'6	L2'3'4'5'6	3	2	TRUE	195T 247G 825T 8655C 10688G 10810T 13105A 13506C 15301A 16129G 16187C 16189T
L2	L2'3'4'6	4	2	FALSE	146C! 150T 152C! 2416C 8206A 9221G 10115C 13590A 16311T 16390A
L2a'b'c'd	L2	5	2	TRUE	195C! 11944C
L2a	L2a'b'c'd	6	2	FALSE	150C! 7175C
L2a1'2'3'4	L2a	7	2	TRUE	2789T 7274T 7771G 11914A! 13803G 14566G 16294T
L2a1	L2a1'2'3'4	8	3	FALSE	182C! 12693G 15784C 16309G
L2a1_143	L2a1	9	4	FALSE	143A
L2a1_143_16189!	L2a1_143	10	8	FALSE	16189C!
L2a1_143_16189!_16309!	L2a1_143_16189!	11	2	FALSE	16309A!
L2a1i	L2a1_143_16189!_16309!	12	1	FALSE	15229C 16362C
L2a1i1	L2a1i	13	0	FALSE	6164T 10920T
L2a1q	L2a1_143_16189!_16309!	12	0	FALSE	2746C 13917G 16245T
L2a1j	L2a1_143_16189!	11	0	FALSE	8764A 14464G
L2a1k	L2a1_143_16189!	11	0	FALSE	6722A 12903C 16218T
L2a1l	L2a1_143_16189!	11	3	FALSE	534T
L2a1l1	L2a1l	12	2	FALSE	12408C
L2a1l1a	L2a1l1	13	2	FALSE	5580C
L2a1l1a1	L2a1l1a	14	0	FALSE	11059T
L2a1l1a2	L2a1l1a	14	0	FALSE	3345C
L2a1l1b	L2a1l1	13	0	FALSE	15880G
L2a1l2	L2a1l	12	1	FALSE	5366A
L2a1l2a	L2a1l2	13	1	FALSE	143G! 14180C
L2a1l2a1	L2a1l2a	14	0	FALSE	3573A
L2a1l3	L2a1l	12	0	FALSE	14905A 16357C
L2a1m	L2a1_143_16189!	11	1	FALSE	13884G
L2a1m1	L2a1m	12	1	FALSE	8281-8289d
L2a1m1a	L2a1m1	13	0	FALSE	8553T
L2a1n	L2a1_143_16189!	11	0	FALSE	4317d 5147A
L2a1o	L2a1_143_16189!	11	0	FALSE	12438C
L2a1p	L2a1_143_16189!	11	0	FALSE	9410G 13818C 15626T
L2a1_143_16309!	L2a1_143	10	2	FALSE	16309A!
L2a1d	L2a1_143_16309!	11	2	FALSE	182T 5196C 9530C 11386C 12612G 13934T
L2a1d1	L2a1d	12	0	FALSE	12007A 13395G 16209C 16301T 16354T
L2a1d2	L2a1d	12	0	FALSE	9356T
L2a1h	L2a1_143_16309!	11	0	FALSE	3505G 4772C 12976T
L2a1c	L2a1_143	10	5	FALSE	3010A 6663G
L2a1c2	L2a1c	11	1	FALSE	10903T 15924G 16213A
L2a1c2a	L2a1c2	12	0	FALSE	513A 16193T 16239T
L2a1c3	L2a1c	11	2	FALSE	9932A
L2a1c3a	L2a1c3	12	1	FALSE	7858T
L2a1c3a1	L2a1c3a	13	0	FALSE	198T 5843G 15115C 16290T
L2a1c3b	L2a1c3	12	2	FALSE	16309A! 16355T
L2a1c3b1	L2a1c3b	13	0	FALSE	10410C
L2a1c3b2	L2a1c3b	13	0	FALSE	9854C 14384A 14965G 16311C!
L2a1c4	L2a1c	11	1	FALSE	12172G
L2a1c4a	L2a1c4	12	1	FALSE	12354C
L2a1c4a1	L2a1c4a	13	0	FALSE	5252A
L2a1c_16086	L2a1c	11	2	FALSE	16086C
L2a1c1	L2a1c_16086	12	1	FALSE	198T 930A 3308C 8604C
L2a1c1a	L2a1c1	13	2	FALSE	6311T
L2a1c1a1	L2a1c1a	14	0	FALSE	3338C
L2a1c1a2	L2a1c1a	14	0	FALSE	6164T
L2a1c6	L2a1c_16086	12	0	FALSE	189G 4164G 10954T 16169T
L2a1c_16129!	L2a1c	11	1	FALSE	16129A!
L2a1c5	L2a1c_16129!	12	0	FALSE	13260C
L2a1e	L2a1_143	10	1	FALSE	3495A 8790A 12630A
L2a1e1	L2a1e	11	0	FALSE	143G! 8541A 14599G
L2a1_16189!	L2a1	9	3	FALSE	16189C!
L2a1b	L2a1_16189!	10	3	FALSE	10143A
L2a1b1	L2a1b	11	1	FALSE	15735T
L2a1b1a	L2a1b1	12	0	FALSE	5090C 16290T
L2a1b2	L2a1b	11	0	FALSE	8116G
L2a1b_143	L2a1b	11	1	FALSE	143A
L2a1b3	L2a1b_143	12	0	FALSE	207A 1189C
L2a1f	L2a1_16189!	10	3	FALSE	5581G
L2a1f1	L2a1f	11	1	FALSE	731G
L2a1f1a	L2a1f1	12	0	FALSE	7394G
L2a1f2	L2a1f	11	0	FALSE	11692T
L2a1f3	L2a1f	11	0	FALSE	198T
L2a1g	L2a1_16189!	10	0	FALSE	8014G 14281T 16131C 16225T 16234T
L2a1a	L2a1	9	3	FALSE	3918A 5285G 15244G 15629C
L2a1a1	L2a1a	10	0	FALSE	6152C 15391T 16368C
L2a1a2	L2a1a	10	3	FALSE	16286T
L2a1a2a	L2a1a2	11	1	FALSE	10454C
L2a1a2a1	L2a1a2a	12	1	FALSE	15211T
L2a1a2a1a	L2a1a2a1	13	0	FALSE	15421G
L2a1a2b	L2a1a2	11	0	FALSE	3336C
L2a1a2c	L2a1a2	11	0	FALSE	5492C 8841T 13615G
L2a1a3	L2a1a	10	3	FALSE	143A
L2a1a3a	L2a1a3	11	0	FALSE	9165C
L2a1a3b	L2a1a3	11	0	FALSE	3316A
L2a1a3c	L2a1a3	11	0	FALSE	9449T 16256T
L2a2'3'4	L2a1'2'3'4	8	2	TRUE	146T 6752G 16189C! 16229C 16311C!
L2a2'3	L2a2'3'4	9	2	TRUE	709A 15939T 16291T
L2a2	L2a2'3	10	2	FALSE	9932A
L2a2a	L2a2	11	1	FALSE	9083C 9438A 15803A
L2a2a1	L2a2a	12	0	FALSE	8727T
L2a2b	L2a2	11	2	FALSE	195T 11767T 14118G
L2a2b1	L2a2b	12	1	FALSE	13827G
L2a2b1a	L2a2b1	13	0	FALSE	182C! 7664A 8721G 13068G 16172C
L2a2b2	L2a2b	12	0	FALSE	235G 6383A 9077C
L2a3	L2a2'3	10	0	FALSE	195T 257G 9797C 14894C 16086C 16215G
L2a4	L2a2'3'4	9	2	FALSE	513A 593A 9438A 13125T 16170G
L2a4a	L2a4	10	0	FALSE	5147A 6959T 7897A 8614C 12480T 15812A
L2a4b	L2a4	10	0	FALSE	195T 2780T 3834A 4703C 12612G 16264T
L2a5	L2a	7	0	FALSE	195T 2626C 3654T 5263T 6040C 6497C 12879C 14890G 16224C
L2b'c'd	L2a'b'c'd	6	2	TRUE	2332T
L2b'c	L2b'c'd	7	2	TRUE	198T 1442A 7624A 12236A 15110A 15217A
L2b	L2b'c	8	3	FALSE	204C 1706T 2358G 4158G 4370C 4767G 5027T 5331A 5814C 6713T 8080T 8387A 12948G 14059G 16114A 16129A! 16213A
L2b1	L2b	9	2	FALSE	418T 6026A 10828C 13924T 16362C
L2b1a	L2b1	10	3	FALSE	146T 16355T
L2b1a2	L2b1a	11	0	FALSE	7569G
L2b1a3	L2b1a	11	0	FALSE	8856A
L2b1a4	L2b1a	11	0	FALSE	12406A
L2b1b	L2b1	10	0	FALSE	385G 6629G
L2b2	L2b	9	1	FALSE	6614C 6806G 8503C
L2b2a	L2b2	10	0	FALSE	709A 8790A 9350G 13966G 14407T 16354T
L2b3	L2b	9	3	FALSE	15944.T
L2b3a	L2b3	10	0	FALSE	4185T 5744A 8925G 14544A 15236G 15326A
L2b3b	L2b3	10	0	FALSE	2626C
L2b3c	L2b3	10	0	FALSE	12011C
L2c	L2b'c	8	5	FALSE	93G 325T 680C 709A 3200A 13928C 13958C 15849T
L2c1	L2c	9	1	FALSE	16318G
L2c1a	L2c1	10	0	FALSE	93A! 5201C
L2c2	L2c	9	2	FALSE	1040C 16264T
L2c2a	L2c2	10	1	FALSE	15043A
L2c2a1	L2c2a	11	0	FALSE	869T 5823G 13184C
L2c2b	L2c2	10	2	FALSE	183G
L2c2b1	L2c2b	11	2	FALSE	8772C 15313C
L2c2b1a	L2c2b1	12	0	FALSE	1888A 15574T
L2c2b1b	L2c2b1	12	0	FALSE	8567C 9063G 10790C 16311C!
L2c2b2	L2c2b	11	0	FALSE	9758C
L2c3	L2c	9	1	FALSE	513A
L2c3a	L2c3	10	0	FALSE	5255T 8733C
L2c4	L2c	9	0	FALSE	13440T
L2c5	L2c	9	0	FALSE	4596A
L2d	L2b'c'd	7	1	FALSE	152T 182C! 456T 870T 2159C 3254A 3434G 3693A 6231T 9554A 9941G 10955T 11353C 14845T 15777C 16189C! 16223C 16300G 16354T 16399G
L2d_16129!	L2d	8	1	FALSE	16129A!
L2d1	L2d_16129!	9	1	FALSE	10700G
L2d1a	L2d1	10	0	FALSE	8856A 15263T 15458C 15703G
L2e	L2	5	1	FALSE	479G 719A 1211A 3537G 4562G 5069T 6014C 8383C 9377G 9971T 11935C 12189C 13708A 14299C 15697C 15734A 15889C 16111A 16145A 16184T 16239T 16292T 16355T 16399G 16400T
L2e1	L2e	6	1	FALSE	954T
L2e1a	L2e1	7	0	FALSE	8994A 11149A 13194A
L3'4'6	L2'3'4'6	4	2	TRUE	4104A 7521G
L3'4	L3'4'6	5	2	TRUE	182C! 3594C 7256C 13650C 16278C
L3	L3'4	6	7	FALSE	769G 1018G 16311T
L3a	L3	7	2	FALSE	151T 152C! 12816T 16316G
L3a1	L3a	8	2	FALSE	721C 10314T 14461C 14851G 15553A 16311C!
L3a1a	L3a1	9	0	FALSE	151C! 4088T
L3a1b	L3a1	9	0	FALSE	195C! 198T 2357T 10184T 12618A 13708A 14566G
L3a_709	L3a	8	1	FALSE	709A
L3a2	L3a_709	9	1	FALSE	573T 7364G
L3a2a	L3a2	10	0	FALSE	151C! 3996T 13887G 16223C
L3b'f	L3	7	2	TRUE	15944d
L3b	L3b'f	8	3	FALSE	3450T 5773A 6221C 9449T 10086G 13105G! 13914A 15311G 15824G 16124C 16278T! 16362C
L3b1	L3b	9	2	FALSE	10373A
L3b1a	L3b1	10	9	FALSE	11002G
L3b1a1	L3b1a	11	1	FALSE	11800G
L3b1a1a	L3b1a1	12	0	FALSE	15883A
L3b1a2	L3b1a	11	0	FALSE	9300A
L3b1a3	L3b1a	11	0	FALSE	13933G 16311C!
L3b1a4	L3b1a	11	0	FALSE	1710C 9605T
L3b1a5	L3b1a	11	1	FALSE	5063C
L3b1a5a	L3b1a5	12	0	FALSE	5417A
L3b1a10	L3b1a	11	0	FALSE	4659A 7859A
L3b1a11	L3b1a	11	0	FALSE	13790G 16311C!
L3b1a_152!	L3b1a	11	1	FALSE	152C!
L3b1a6	L3b1a_152!	12	0	FALSE	3385G 5255T 8155A
L3b1a_16124!	L3b1a	11	3	FALSE	16124T!
L3b1a7	L3b1a_16124!	12	1	FALSE	3441G 5211T 5581G 15299C
L3b1a7a	L3b1a7	13	0	FALSE	9477A
L3b1a8	L3b1a_16124!	12	0	FALSE	2332T 16145A
L3b1a9	L3b1a_16124!	12	1	FALSE	16051G
L3b1a9a	L3b1a9	13	0	FALSE	16318G
L3b1b	L3b1	10	1	FALSE	152C! 9079G 15664T
L3b1b1	L3b1b	11	0	FALSE	217C
L3b2	L3b	9	2	FALSE	3420T 10640C 16527T
L3b2a	L3b2	10	0	FALSE	5250C 16189C!
L3b2b	L3b2	10	0	FALSE	9053A 9067G 15550T
L3b3	L3b	9	0	FALSE	185A 189G 6527G 9007G 13934T 14182C 16048A
L3f	L3b'f	8	3	FALSE	3396C 4218C 15514C 16209C
L3f1	L3f	9	2	FALSE	5601T 9950C
L3f1a	L3f1	10	1	FALSE	3693A 4350T 5194T 14148G 15106A
L3f1a1	L3f1a	11	0	FALSE	3197C 12507G
L3f1b	L3f1	10	1	FALSE	189G 1822C 7819A 8527G 8932T 11440A 14769G 16311C!
L3f1b_16292	L3f1b	11	4	FALSE	16292T
L3f1b1	L3f1b_16292	12	1	FALSE	16295T
L3f1b1a	L3f1b1	13	1	FALSE	8410T 10070T 16129A!
L3f1b1a1	L3f1b1a	14	0	FALSE	272G
L3f1b2	L3f1b_16292	12	1	FALSE	7235A
L3f1b2a	L3f1b2	13	0	FALSE	16172C 16266A
L3f1b5	L3f1b_16292	12	0	FALSE	11582G
L3f1b_16292_150	L3f1b_16292	12	2	FALSE	150T
L3f1b3	L3f1b_16292_150	13	0	FALSE	711C 6806G 7158G
L3f1b4	L3f1b_16292_150	13	3	FALSE	3505G
L3f1b4a	L3f1b4	14	1	FALSE	13167G 16292C!
L3f1b4a1	L3f1b4a	15	0	FALSE	8799G
L3f1b4b	L3f1b4	14	0	FALSE	15930A
L3f1b4c	L3f1b4	14	0	FALSE	16218T
L3f2	L3f	9	2	FALSE	16311C!
L3f2a	L3f2	10	1	FALSE	152C! 15479C
L3f2a1	L3f2a	11	1	FALSE	5821A 9365T 15314A
L3f2a1a	L3f2a1	12	0	FALSE	1842G 16266T
L3f2b	L3f2	10	0	FALSE	374.A 2442C 5342T 11016A 12338C 15466A 15658T
L3f3	L3f	9	2	FALSE	189G 318C 959T 4643A 5181G 6602T 8158G 8251A 9932A 10604C 11770C 15940C 16176T 16234T
L3f3a	L3f3	10	0	FALSE	16284G
L3f3b	L3f3	10	0	FALSE	16188T
L3c'd	L3	7	2	TRUE	152C! 13105G!
L3c	L3c'd	8	0	FALSE	195C! 498.C 678C 3582T 4491A 5393C 7394G 9337C 9682C 12373G 14221C 14371C 14560A 14587G 16311C! 16362C
L3d	L3c'd	8	1	FALSE	5147A 7424G 8618C 13886C 14284T 16124C
L3d1'2'3'4'5'6	L3d	9	6	TRUE	921C
L3d1	L3d1'2'3'4'5'6	10	4	FALSE	6680C
L3d1a	L3d1	11	1	FALSE	4048A 7648T 11887A
L3d1a1'2	L3d1a	12	2	TRUE	16319A
L3d1a1	L3d1a1'2	13	2	FALSE	1503A
L3d1a1a	L3d1a1	14	1	FALSE	150T 4203G 5471A 10640C 10915C!
L3d1a1a1	L3d1a1a	15	0	FALSE	3579G
L3d1a1b	L3d1a1	14	0	FALSE	146C! 195C! 5162C 9452A 10837T 12406A 13884G 15106A
L3d1a2	L3d1a1'2	13	0	FALSE	15061G
L3d1b	L3d1	11	3	FALSE	5046A
L3d1b1	L3d1b	12	2	FALSE	6272G
L3d1b1a	L3d1b1	13	0	FALSE	8014C
L3d1b1b	L3d1b1	13	0	FALSE	151T 195C! 3957G
L3d1b2	L3d1b	12	0	FALSE	150T 4553C 15514C
L3d1b3	L3d1b	12	1	FALSE	146C! 14634C 15110A
L3d1b3a	L3d1b3	13	0	FALSE	16256T
L3d1c	L3d1	11	1	FALSE	3203G 9111C 11239G 12870T 13542G 16166G
L3d1c1	L3d1c	12	0	FALSE	5372G 9254G
L3d1d	L3d1	11	0	FALSE	7765G 9151G
L3d2	L3d1'2'3'4'5'6	10	2	FALSE	14272T 14584C 16111T
L3d2a	L3d2	11	0	FALSE	15115C
L3d2b	L3d2	11	0	FALSE	199C
L3d3	L3d1'2'3'4'5'6	10	2	FALSE	1719A 4688C 15061G
L3d3a	L3d3	11	1	FALSE	3498G 8251A 10899G 11404G
L3d3a1	L3d3a	12	2	FALSE	15208G
L3d3a1a	L3d3a1	13	0	FALSE	2416C
L3d3a1b	L3d3a1	13	0	FALSE	16000A
L3d3b	L3d3	11	0	FALSE	7389C
L3d4	L3d1'2'3'4'5'6	10	1	FALSE	189G 195C!
L3d4a	L3d4	11	0	FALSE	1393A 12280G
L3d5	L3d1'2'3'4'5'6	10	1	FALSE	15799G 16362C
L3d5a	L3d5	11	0	FALSE	7158G 12311C 15930A
L3d6	L3d1'2'3'4'5'6	10	0	FALSE	5492C 8473C 8658T 9300A 15223T
L3e'i'k'x	L3	7	4	TRUE	150T 10819G
L3e	L3e'i'k'x	8	3	FALSE	2352C 14212C
L3e1	L3e	9	7	FALSE	189G 200G 6221C 6587T 14152G 15670C 15942C 16327T
L3e1a	L3e1	10	3	FALSE	16185T
L3e1a1	L3e1a	11	1	FALSE	185A 8650T 16311C!
L3e1a1a	L3e1a1	12	0	FALSE	3438A
L3e1a2	L3e1a	11	0	FALSE	152C! 195C! 207A 5774A 9254G 11024T 14569A 16209C
L3e1a3	L3e1a	11	2	FALSE	10398A
L3e1a3a	L3e1a3	12	0	FALSE	5255T 7337A
L3e1a3b	L3e1a3	12	0	FALSE	10172A 12438C 16093C
L3e1b	L3e1	10	2	FALSE	14926G 16325d
L3e1b1	L3e1b	11	0	FALSE	16256T
L3e1b2	L3e1b	11	0	FALSE	185A 200A! 8577G 12192A
L3e1c	L3e1	10	0	FALSE	3675G 5460A 8289.CCCCCTCTACCCCCTCTA 8701A 14323A
L3e1d	L3e1	10	1	FALSE	152C! 16176T
L3e1d1	L3e1d	11	1	FALSE	8703T 9300A 12738C
L3e1d1a	L3e1d1	12	0	FALSE	9327G
L3e1e	L3e1	10	2	FALSE	10370C
L3e1e1	L3e1e	11	0	FALSE	14571A
L3e1e2	L3e1e	11	0	FALSE	73A 90A 97A 106-111d 4562G 9098C
L3e1f	L3e1	10	2	FALSE	8281-8289d
L3e1f1	L3e1f	11	1	FALSE	16189C!
L3e1f1a	L3e1f1	12	0	FALSE	4395G 16260T
L3e1f2	L3e1f	11	0	FALSE	195C! 207A 4219A 7805A
L3e1g	L3e1	10	0	FALSE	1442A 4844G 5498G 5618C 8093C 10490C 11318C 12215C 16172C 16399G
L3e2	L3e	9	2	FALSE	195C! 14905A 16320T
L3e2a	L3e2	10	3	FALSE	4823C 13105G! 14869A
L3e2a1	L3e2a	11	2	FALSE	198T
L3e2a1a	L3e2a1	12	0	FALSE	1737G 3852T 7196T 15924G
L3e2a1b	L3e2a1	12	3	FALSE	6413C
L3e2a1b1	L3e2a1b	13	0	FALSE	16399G
L3e2a1b2	L3e2a1b	13	0	FALSE	15076G 16311C!
L3e2a1b3	L3e2a1b	13	0	FALSE	14750G
L3e2a2	L3e2a	11	0	FALSE	10335C
L3e2a3	L3e2a	11	0	FALSE	5102G 12414C
L3e2b	L3e2	10	5	FALSE	16172C 16189C!
L3e2b1	L3e2b	11	1	FALSE	9377G
L3e2b1a	L3e2b1	12	2	FALSE	2483C
L3e2b1a1	L3e2b1a	13	0	FALSE	5580C
L3e2b1a2	L3e2b1a	13	0	FALSE	3277A 12406A
L3e2b2	L3e2b	11	0	FALSE	11377A
L3e2b7	L3e2b	11	0	FALSE	1927A
L3e2b8	L3e2b	11	0	FALSE	9196A
L3e2b_152!	L3e2b	11	4	FALSE	152C!
L3e2b3	L3e2b_152!	12	0	FALSE	6932G
L3e2b4	L3e2b_152!	12	0	FALSE	10861C
L3e2b5	L3e2b_152!	12	0	FALSE	6261A
L3e2b6	L3e2b_152!	12	0	FALSE	146C! 7370T
L3e3'4'5	L3e	9	2	TRUE	750A
L3e3'4	L3e3'4'5	10	2	TRUE	5262A
L3e3	L3e3'4	11	2	FALSE	195C! 2000T 6524C 9554A 10667C 10816G 13101C 16265T
L3e3a	L3e3	12	0	FALSE	10286G 12397G
L3e3b	L3e3	12	3	FALSE	4655A 12248G 13197T 13651G 15812A
L3e3b1	L3e3b	13	0	FALSE	6261A
L3e3b2	L3e3b	13	0	FALSE	16527T
L3e3b3	L3e3b	13	0	FALSE	16465T
L3e4	L3e3'4	11	1	FALSE	3915A 5584G 11257T 13749T 16051G
L3e4a	L3e4	12	1	FALSE	16264T
L3e4a1	L3e4a	13	0	FALSE	9490T
L3e5	L3e3'4'5	10	6	FALSE	398C 8392A 16041G
L3e5_195!	L3e5	11	1	FALSE	195C!
L3e5c	L3e5_195!	12	0	FALSE	11548G
L3e5a	L3e5	11	1	FALSE	13317A
L3e5a1	L3e5a	12	1	FALSE	2833G
L3e5a1a	L3e5a1	13	0	FALSE	431A
L3e5b	L3e5	11	0	FALSE	5483C
L3e5d	L3e5	11	0	FALSE	8869G 12591T
L3e5e	L3e5	11	0	FALSE	15367T 16037G
L3e5f	L3e5	11	0	FALSE	12173C 15734A 16343G
L3i	L3e'i'k'x	8	2	FALSE	7645C
L3i1	L3i	9	2	FALSE	10679G 11260C 13800A 16153A
L3i1a	L3i1	10	0	FALSE	15758G
L3i1b	L3i1	10	0	FALSE	2158C 13687T
L3i2	L3i	9	0	FALSE	152C! 189G 5441G 8222C 14818G 15388C 16260T 16311C!
L3k	L3e'i'k'x	8	1	FALSE	152C! 235G 494T 3918A 6620G 8649G 9467C 13135A 13992T 15314A
L3k1	L3k	9	0	FALSE	735G 4313C 9007T 9329A 13542G 13862G 16355T
L3x	L3e'i'k'x	8	2	FALSE	3483A 6401G 8311C 8817G 13708A 16169T
L3x1	L3x	9	2	FALSE	204C 15172A 16278T!
L3x1_16311!	L3x1	10	1	FALSE	16311C!
L3x1b	L3x1_16311!	11	0	FALSE	16256T
L3x1a	L3x1	10	2	FALSE	5460A
L3x1a1	L3x1a	11	0	FALSE	189G 199C
L3x1a2	L3x1a	11	0	FALSE	13392C
L3x2	L3x	9	2	FALSE	249d 494T 9941G 16193T 16195C
L3x2a	L3x2	10	1	FALSE	3435T 16223C
L3x2a1	L3x2a	11	1	FALSE	368.AGAA 6392C 7129G 16086C
L3x2a1a	L3x2a1	12	0	FALSE	9180G 13681G 13722G
L3x2b	L3x2	10	0	FALSE	650C 9254G 15758G 15928A 16243C
L3h	L3	7	2	FALSE	7861C 9575A
L3h1	L3h	8	2	FALSE	1719A 4388G 5300T 9509C 11590G 16311C!
L3h1a	L3h1	9	2	FALSE	5492C
L3h1a1	L3h1a	10	0	FALSE	8047C 8485A 12432T 13708A 13926C 14110C 16192T 16298C
L3h1a2	L3h1a	10	2	FALSE	8781A
L3h1a2a	L3h1a2	11	1	FALSE	146C! 4688C 4742C 8943T 12175C 12519C 14587G 15646T 16399G
L3h1a2a1	L3h1a2a	12	0	FALSE	12236A 14862T
L3h1a2b	L3h1a2	11	0	FALSE	16270T
L3h1b	L3h1	9	2	FALSE	189C 195C! 10044G 14410A 16256A
L3h1b1	L3h1b	10	1	FALSE	16284G
L3h1b1a	L3h1b1	11	0	FALSE	3777C 16179T
L3h1b2	L3h1b	10	0	FALSE	151T 152C! 294C 606G 990C 8842G 9758C 12882T 13437C 16129A! 16362C
L3h2	L3h	8	0	FALSE	150T 195C! 318C 3879G 5460A 5813G 5930C 8020A 9098C 9380A 9965C 11440A 12469G 13080T 13755T 16111T 16184T 16304C
M	L3	7	54	FALSE	489C 10400T 14783C 15043A
M1'20'51	M	8	3	TRUE	14110C
M1	M1'20'51	9	2	FALSE	195C! 6446A 6680C 12403T 12950C 16129A! 16189C! 16249C 16311C!
M1a	M1	10	8	FALSE	813G 6671C
M1a1	M1a	11	8	FALSE	3705A 12346T 16359C
M1a1_16093	M1a1	12	2	FALSE	16093C
M1a1c	M1a1_16093	13	0	FALSE	1719A 6962A 9966A 12373G 13542C
M1a1d	M1a1_16093	13	0	FALSE	150T 8270T 8281-8289d
M1a1a	M1a1	12	1	FALSE	14182C
M1a1a1	M1a1a	13	0	FALSE	4011T 8521G 11044T 16249T!
M1a1b	M1a1	12	2	FALSE	930A 7853A
M1a1b1	M1a1b	13	3	FALSE	14769G
M1a1b1a	M1a1b1	14	0	FALSE	5319G
M1a1b1b	M1a1b1	14	1	FALSE	13152G
M1a1b1b1	M1a1b1b	15	0	FALSE	9053A
M1a1b1c	M1a1b1	14	0	FALSE	375G 16289G
M1a1b2	M1a1b	13	0	FALSE	1820G
M1a1e	M1a1	12	2	FALSE	3906A
M1a1e1	M1a1e	13	0	FALSE	9629G
M1a1e2	M1a1e	13	0	FALSE	11914A!
M1a1f	M1a1	12	0	FALSE	6378C
M1a1g	M1a1	12	0	FALSE	12873C 14793G 15287C 16261T
M1a1h	M1a1	12	0	FALSE	15514C 16278T!
M1a1i	M1a1	12	0	FALSE	204C 263A 9845C 16527T
M1a2	M1a	11	2	FALSE	15884A
M1a2a	M1a2	12	0	FALSE	152C! 15172A
M1a2b	M1a2	12	0	FALSE	593C 16260T 16320T
M1a3	M1a	11	2	FALSE	13637G 16223C
M1a3a	M1a3	12	0	FALSE	6473T
M1a3b	M1a3	12	2	FALSE	12414C
M1a3b1	M1a3b	13	0	FALSE	1503A 6253C 16129G
M1a3b2	M1a3b	13	0	FALSE	9740T
M1a4	M1a	11	1	FALSE	3513T 8607T
M1a4a	M1a4	12	0	FALSE	10667C 16465T
M1a5	M1a	11	0	FALSE	10694G 13215C 13722G 14323A 14515C 15770T 15799G 16129G
M1a6	M1a	11	0	FALSE	954T
M1a7	M1a	11	0	FALSE	16357C
M1a8	M1a	11	1	FALSE	5773A
M1a8a	M1a8	12	0	FALSE	5054A 15217A
M1b	M1	10	2	FALSE	13111C
M1b1	M1b	11	2	FALSE	466C 4936T 8868C 15247G 16185T
M1b1a	M1b1	12	0	FALSE	200G 11671G
M1b1b	M1b1	12	0	FALSE	6179A 6815C
M1b2	M1b	11	3	FALSE	10895G 16399G
M1b2a	M1b2	12	0	FALSE	11377A 16291T
M1b2b	M1b2	12	0	FALSE	3705A 12007A 16362C
M1b2c	M1b2	12	0	FALSE	1007A
M20	M1'20'51	9	0	FALSE	152C! 249d 316A 3200C 3714G 4385T 4772C 7433T 8853G 9127G 9512T 10274C 10679G 11914A! 12354C 14974T 15691G 16129A! 16209C 16272G
M51	M1'20'51	9	2	FALSE	150T 4697T 4973C 9509C 14356T 14687G 15317A 16278T!
M51a	M51	10	2	FALSE	12236A
M51a1	M51a	11	2	FALSE	732G 12715G 16294T
M51a1a	M51a1	12	0	FALSE	185A 2045G 3105G 9716C 12468C 16129A!
M51a1b	M51a1	12	0	FALSE	7738C 9233C 12025T 14315T 14323A 15862C 16234T
M51a2	M51a	11	0	FALSE	1822C 4136G 5461T 9100G 14527G 15383C 16189C!
M51b	M51	10	1	FALSE	2833G
M51b1	M51b	11	2	FALSE	12012T 12609C 16311C!
M51b1a	M51b1	12	0	FALSE	8119C 11470G
M51b1b	M51b1	12	0	FALSE	3565G 3999C 4336C 7642A 13105G! 13768C 13928C 14417G 16145A
M2	M	8	2	FALSE	447G 1780C 11083G 15670C 16274A
M2a'b	M2	9	2	TRUE	8502G 16319A
M2a	M2a'b	10	3	FALSE	7961C 12810G
M2a1	M2a	11	3	FALSE	204C 5252A 8396G 9758C 16270T 16352C
M2a1a	M2a1	12	3	FALSE	195C! 16274G!
M2a1a1	M2a1a	13	2	FALSE	7472G 14693G
M2a1a1a	M2a1a1	14	1	FALSE	11084G
M2a1a1a1	M2a1a1a	15	0	FALSE	16172C 16234T
M2a1a1b	M2a1a1	14	1	FALSE	11339C
M2a1a1b1	M2a1a1b	15	0	FALSE	16256T
M2a1a2	M2a1a	13	1	FALSE	16243C
M2a1a2a	M2a1a2	14	1	FALSE	12501A
M2a1a2a1	M2a1a2a	15	1	FALSE	199C 10819G 16230G!
M2a1a2a1a	M2a1a2a1	16	0	FALSE	961C
M2a1a_207	M2a1a	13	1	FALSE	207A
M2a1a3	M2a1a_207	14	1	FALSE	198T 482C
M2a1a3_16093	M2a1a3	15	2	FALSE	16093C
M2a1a3a	M2a1a3_16093	16	1	FALSE	16295T
M2a1a3a1	M2a1a3a	17	0	FALSE	16147T
M2a1a3b	M2a1a3_16093	16	0	FALSE	11864C
M2a1b	M2a1	12	0	FALSE	1462A 4216C 15700T 15924G 16017C 16075C 16278T!
M2a1c	M2a1	12	0	FALSE	335G 526A
M2a2	M2a	11	1	FALSE	7702A 11041A 12657C 13708A 16240C 16311C!
M2a2a	M2a2	12	0	FALSE	6035G 8395T
M2a3	M2a	11	1	FALSE	146C! 5426C 5774C 7762A
M2a3a	M2a3	12	0	FALSE	16265C
M2b	M2a'b	10	4	FALSE	152C! 182T 195C! 1453G 2831T 3630T 5744A 6647G 9899C 13254C 14766C 16169.C 16189C! 16320T
M2b1	M2b	11	2	FALSE	5420C 6260A
M2b1a	M2b1	12	0	FALSE	214G 1677T 2392C 2707C 11016A 16256T
M2b1b	M2b1	12	0	FALSE	471C 549T 5263T 5480G 5747G 7337A 8632C 9233C 15777C
M2b2	M2b	11	0	FALSE	16295T
M2b3	M2b	11	1	FALSE	11377A
M2b3a	M2b3	12	0	FALSE	146C! 16136C
M2b4	M2b	11	0	FALSE	459d 4823C 6128T 8556C 16240C
M2c	M2	9	0	FALSE	1598A 4216C 13212T 14800T
M3	M	8	4	FALSE	482C 16126C
M3a	M3	9	2	FALSE	4580A
M3a1	M3a	10	1	FALSE	4703C
M3a1_204	M3a1	11	2	FALSE	204C
M3a1a	M3a1_204	12	0	FALSE	14476A
M3a1b	M3a1_204	12	0	FALSE	10845T
M3a2	M3a	10	1	FALSE	5783A 10727T
M3a2a	M3a2	11	0	FALSE	150T 4562G 8988G
M3b	M3	9	0	FALSE	6353G 9010A 12031A
M3c	M3	9	2	FALSE	9064A
M3c2	M3c	10	0	FALSE	16154C
M3c_152!	M3c	10	1	FALSE	152C!
M3c1	M3c_152!	11	2	FALSE	10365A 10632C 14440G 16126T! 16189C! 16294T
M3c1a	M3c1	12	0	FALSE	15097C
M3c1b	M3c1	12	1	FALSE	6366A 7598A 14587G 16179T
M3c1b1	M3c1b	13	2	FALSE	11016A 16124C
M3c1b1a	M3c1b1	14	0	FALSE	8856A 16319A
M3c1b1b	M3c1b1	14	0	FALSE	15323A
M3d	M3	9	1	FALSE	11827C 16344T
M3d1	M3d	10	1	FALSE	10238C 13820C
M3d1a	M3d1	11	1	FALSE	12813T
M3d1a1	M3d1a	12	0	FALSE	13836G
"M4""67"	M	8	10	FALSE	12007A
"M4""67_16311!"	"M4""67"	9	3	FALSE	16311C!
M4	"M4""67_16311!"	10	2	FALSE	6620C 7859A 16145A 16261T
M4a	M4	11	0	FALSE	16176T
M4b	M4	11	0	FALSE	152C! 15466A 16086C
M65	"M4""67_16311!"	10	2	FALSE	511T
M65a	M65	11	2	FALSE	4916G 13651G 16289G
M65a1	M65a	12	0	FALSE	1664A 6584T 8251A 11413G 15924G
M65a_16311	M65a	12	1	FALSE	16311T
M65a2	M65a_16311	13	0	FALSE	4655A 5302C
M65b	M65	11	0	FALSE	241G 3398C 8865A
M67	"M4""67_16311!"	10	0	FALSE	143A 2833G 4227G 5979A 6267A 6366A 9863T 12406A 13708A 15769G 15833T 16075C 16169T
M18'38	"M4""67"	9	2	TRUE	246C
M18	M18'38	10	3	FALSE	12498T 13135A 16318T
M18a	M18	11	0	FALSE	93G 194T
M18b	M18	11	0	FALSE	8277C 14587G 16325C
M18c	M18	11	0	FALSE	7853A 8206A 16311C!
M38	M18'38	10	3	FALSE	4099T 15314A 15487G
M38_195!	M38	11	2	FALSE	195C!
M38b	M38_195!	12	0	FALSE	146C! 153G 644G 3591A 3987G 6881G 7844G 8047C 11050C 16189C!
M38c	M38_195!	12	0	FALSE	629C 1503A 9186T 10748G 12103T 14569A 14914G
M38_199	M38	11	2	FALSE	199C
M38d	M38_199	12	0	FALSE	6297C 7356A 14944T 16093C 16184T 16260A 16266T
M38e	M38_199	12	0	FALSE	488G 2833G 4654T 6815C 8289.CCCCCTCTA 9438A 14706G 16311C!
M38a	M38	11	0	FALSE	189G 1808G 6267A 6899A 9966A
M30	"M4""67"	9	7	FALSE	195A 15431A
M30_16234	M30	10	1	FALSE	16234T
M30e	M30_16234	11	0	FALSE	152C! 6620C 13303T
M30a	M30	10	2	FALSE	513A
M30a1	M30a	11	0	FALSE	6366A
M30a2	M30a	11	0	FALSE	11935C
M30b	M30	10	0	FALSE	152C! 5147A 16278T! 16311C!
M30c	M30	10	1	FALSE	146C! 12234G
M30c1	M30c	11	1	FALSE	16166d
M30c1a	M30c1	12	1	FALSE	16069T
M30c1a1	M30c1a	13	0	FALSE	9966A
M30d	M30	10	2	FALSE	15259T
M30d1	M30d	11	0	FALSE	1598A
M30d2	M30d	11	0	FALSE	10160T
M30f	M30	10	0	FALSE	5894G 16368C
M30g	M30	10	0	FALSE	204C 6119T
M37	"M4""67"	9	2	FALSE	10556T
M37_152!	M37	10	1	FALSE	152C!
M37_152!_151	M37_152!	11	2	FALSE	151T
M37a	M37_152!_151	12	1	FALSE	2074d
M37a1	M37a	13	0	FALSE	9055A
M37d	M37_152!_151	12	0	FALSE	9287A
M37e	M37	10	1	FALSE	11050C 16111T 16189C! 16295T
M37e2	M37e	11	0	FALSE	16224C
M43	"M4""67"	9	2	FALSE	709A 10316G 11696A 12636T
M43_16311!	M43	10	1	FALSE	16311C!
M43a	M43_16311!	11	1	FALSE	14305A
M43a1	M43a	12	0	FALSE	11963A 13656C 13966G 16362C
M43b	M43	10	0	FALSE	15148A 16000T
M45	"M4""67"	9	1	FALSE	146C! 4734G 16189C!
M45a	M45	10	0	FALSE	143A 152C! 2706A 7049G 9180G 16300G
M54	"M4""67"	9	0	FALSE	9374G 12414C 15848G 16304C
M63	"M4""67"	9	0	FALSE	214G 4991A 5046A 11437C 12897G 13089C 13194A 16172C 16192T
M64	"M4""67"	9	0	FALSE	152C! 5201C 8843C 9947A 10685A 13105G! 15355A 15968C 16263C 16527T
M66	"M4""67"	9	2	FALSE	195C! 1888A 4541A 6827C 9061T 16184T
M66a	M66	10	0	FALSE	6221C 12501A
M66b	M66	10	0	FALSE	198T
M5	M	8	2	FALSE	1888A 16129A!
M5a'd	M5	9	2	TRUE	709A 3921T 14323A
M5a	M5a'd	10	5	FALSE	12477C
M5a1	M5a	11	2	FALSE	4916G 15287C 16291T
M5a1a	M5a1	12	0	FALSE	9064A 11016A
M5a1b	M5a1	12	0	FALSE	1303A 6461G
M5a2	M5a	11	1	FALSE	4454C
M5a2a	M5a2	12	4	FALSE	15262C
M5a2a1	M5a2a	13	1	FALSE	8886A
M5a2a1a	M5a2a1	14	2	FALSE	16265C
M5a2a1a1	M5a2a1a	15	0	FALSE	12372A
M5a2a1a2	M5a2a1a	15	0	FALSE	16264T
M5a2a2	M5a2a	13	0	FALSE	3399G 16144A
M5a2a3	M5a2a	13	0	FALSE	13590A 16114A
M5a2a4	M5a2a	13	0	FALSE	199C 4991A 8158G 10685A
M5a3	M5a	11	2	FALSE	194T 16295T
M5a3a	M5a3	12	0	FALSE	6378C 8547C
M5a3b	M5a3	12	0	FALSE	7421G 16189C!
M5a4	M5a	11	0	FALSE	146C! 10547T 16224C 16311C!
M5a5	M5a	11	0	FALSE	11914A! 15672C
M5d	M5a'd	10	0	FALSE	146C! 3826C 13215C 16311C!
M5b'c	M5	9	2	TRUE	13368A
M5b	M5b'c	10	2	FALSE	8784T
M5b1	M5b	11	0	FALSE	5147A 14066T 16086C 16108T 16278T!
M5b2	M5b	11	2	FALSE	3744G 16048A
M5b2a	M5b2	12	0	FALSE	8005C 16390A
M5b2b	M5b2	12	1	FALSE	6293C
M5b2b1	M5b2b	13	1	FALSE	455.T 460C
M5b2b1a	M5b2b1	14	0	FALSE	10166C 12279G 14410C
M5c	M5b'c	10	2	FALSE	575T 5319G
M5c1	M5c	11	0	FALSE	150T 4851T 6413C 13368G! 13708A
M5c2	M5c	11	0	FALSE	472G 1888G! 15896G 16240G 16291T
M6	M	8	2	FALSE	461T 5301G 5558G 10640C 14128G 16362C
M6a	M6	9	2	FALSE	3537G 5082C 16231C
M6a1	M6a	10	2	FALSE	3486T 9329A 13966G
M6a1a	M6a1	11	0	FALSE	12507G 16356C
M6a1b	M6a1	11	0	FALSE	146C! 152C! 5319G 5585A 8110C 11314G 15094T 16188T
M6a2	M6a	10	0	FALSE	228A 7118G 16291T 16319A
M6b	M6	9	0	FALSE	8281-8289d 16184T 16256G 16311C!
M7	M	8	2	FALSE	6455T 9824C
M7a	M7	9	2	FALSE	2626C 2772T 4386C 4958G 12771A 16209C
M7a2	M7a	10	1	FALSE	15422G
M7a2a	M7a2	11	3	FALSE	146C! 16140C
M7a2a1	M7a2a	12	0	FALSE	8176C 12234G 16093C
M7a2a2	M7a2a	12	0	FALSE	961C 8005C
M7a2a3	M7a2a	12	1	FALSE	1888A 4093G 10966C 16187T!
M7a2a3a	M7a2a3	13	0	FALSE	15449C
M7a_16324	M7a	10	1	FALSE	16324C
M7a1	M7a_16324	11	2	FALSE	14364A
M7a1a	M7a1	12	9	FALSE	11017C 11084G
M7a1a1	M7a1a	13	1	FALSE	11722C
M7a1a1a	M7a1a1	14	0	FALSE	9299G
M7a1a2	M7a1a	13	0	FALSE	207A 1442A 15218G 16189C!
M7a1a3	M7a1a	13	0	FALSE	11167G 11701C
M7a1a4	M7a1a	13	1	FALSE	4047C 14185T
M7a1a4a	M7a1a4	14	0	FALSE	11368C 14148G 15886T
M7a1a5	M7a1a	13	1	FALSE	13768C
M7a1a5a	M7a1a5	14	0	FALSE	7852A
M7a1a6	M7a1a	13	1	FALSE	3756G
M7a1a6a	M7a1a6	14	0	FALSE	152C! 16223C
M7a1a7	M7a1a	13	0	FALSE	16291T
M7a1a8	M7a1a	13	0	FALSE	13500C 16233G
M7a1a9	M7a1a	13	0	FALSE	4048A
M7a1b	M7a1	12	2	FALSE	6018A 7403G 13110T
M7a1b1	M7a1b	13	0	FALSE	204C 207A 408A 1977C
M7a1b2	M7a1b	13	0	FALSE	152C! 3316A 7784G 13032G 13788T 15844G
M7b'c	M7	9	2	TRUE	4071T
M7b	M7b'c	10	2	FALSE	12405T
M7b1	M7b	11	2	FALSE	5351G 5460A 7684C 7853A 16129A!
M7b1a	M7b1	12	2	FALSE	199C 4048A 4164G 6680C 16297C
M7b1a1	M7b1a	13	4	FALSE	150T 12811C
M7b1a1_s	M7b1a1	14	0	FALSE	
M7b1a1_s0	M7b1a1	14	7	FALSE	
M7b1a1c	M7b1a1_s0	15	1	FALSE	159C 10159T 11944C 16092C
M7b1a1c1	M7b1a1c	16	0	FALSE	182T 16254G
M7b1a1d	M7b1a1_s0	15	1	FALSE	6125G
M7b1a1d1	M7b1a1d	16	0	FALSE	980C
M7b1a1e	M7b1a1_s0	15	2	FALSE	6228T
M7b1a1e1	M7b1a1e	16	0	FALSE	10232G
M7b1a1e2	M7b1a1e	16	0	FALSE	11407T 16527T
M7b1a1f	M7b1a1_s0	15	0	FALSE	8110C
M7b1a1g	M7b1a1_s0	15	0	FALSE	5252A 7598A
M7b1a1h	M7b1a1_s0	15	0	FALSE	10397G
M7b1a1i	M7b1a1_s0	15	1	FALSE	16126C
M7b1a1i1	M7b1a1i	16	0	FALSE	146C! 3995G
M7b1a1a	M7b1a1	14	3	FALSE	16189C!
M7b1a1a1	M7b1a1a	15	4	FALSE	10345C 16298C
M7b1a1a1a	M7b1a1a1	16	0	FALSE	8020A
M7b1a1a1b	M7b1a1a1	16	1	FALSE	4113A
M7b1a1a1b1	M7b1a1a1b	17	0	FALSE	7269A
M7b1a1a1c	M7b1a1a1	16	0	FALSE	195A
M7b1a1a1d	M7b1a1a1	16	0	FALSE	7961C
M7b1a1a2	M7b1a1a	15	0	FALSE	1694C 11659T
M7b1a1a3	M7b1a1a	15	0	FALSE	204C 14978G
M7b1a1b	M7b1a1	14	0	FALSE	204C 3483A 16129G
M7b1a2	M7b1a	13	1	FALSE	1664A 6351C 9468G 10497T 12121C 14115T 16086C 16223C
M7b1a2a	M7b1a2	14	1	FALSE	16324C
M7b1a2a1	M7b1a2a	15	2	FALSE	4454C
M7b1a2a1a	M7b1a2a1	16	0	FALSE	709A 7175C 15912T
M7b1a2a1b	M7b1a2a1	16	1	FALSE	13965C
M7b1a2a1b1	M7b1a2a1b	17	0	FALSE	471C
M7b1b	M7b1	12	0	FALSE	958T 12358G 14053G 14314G 16152C 16179T 16192T 16362C
M7b2	M7b	11	1	FALSE	723G 3140G 5324T 8027A 14284T 16184T
M7b2a	M7b2	12	0	FALSE	16086C 16235G
M7c	M7b'c	10	3	FALSE	146C! 4850T 11665T 12091C
M7c1	M7c	11	3	FALSE	199C 5442C
M7c1a	M7c1	12	5	FALSE	3882A
M7c1a1	M7c1a	13	2	FALSE	12372A 13759A
M7c1a1a	M7c1a1	14	1	FALSE	12810G
M7c1a1a1	M7c1a1a	15	0	FALSE	9266A
M7c1a1b	M7c1a1	14	1	FALSE	146T 3736A 10586A 16304C
M7c1a1b1	M7c1a1b	15	0	FALSE	15769G 16145A
M7c1a2	M7c1a	13	1	FALSE	16294T
M7c1a2a	M7c1a2	14	1	FALSE	6053T 12804C 14755T
M7c1a2a1	M7c1a2a	15	0	FALSE	7961C
M7c1a3	M7c1a	13	1	FALSE	16319A
M7c1a3a	M7c1a3	14	0	FALSE	513A
M7c1a4	M7c1a	13	2	FALSE	12906A
M7c1a4a	M7c1a4	14	0	FALSE	9797C 11815A 16362C
M7c1a4b	M7c1a4	14	0	FALSE	334C 5894G
M7c1a5	M7c1a	13	0	FALSE	373G 4452C 7960G 11389T 15787C 15924G
M7c1b	M7c1	12	2	FALSE	12561A
M7c1b1	M7c1b	13	0	FALSE	15884A
M7c1b2	M7c1b	13	2	FALSE	9957C 13590A
M7c1b2a	M7c1b2	14	0	FALSE	16172C
M7c1b2b	M7c1b2	14	0	FALSE	7337A 10861C
M7c1c	M7c1	12	3	FALSE	3606G 15236G
M7c1c1	M7c1c	13	1	FALSE	13204A 16249C 16319A
M7c1c1a	M7c1c1	14	1	FALSE	16242T
M7c1c1a1	M7c1c1a	15	0	FALSE	12049T
M7c1c2	M7c1c	13	1	FALSE	146A 16223C
M7c1c2a	M7c1c2	14	0	FALSE	16147T
M7c1c3	M7c1c	13	9	FALSE	16362C
M7c1c3a	M7c1c3	14	1	FALSE	5775C 16168T
M7c1c3a1	M7c1c3a	15	0	FALSE	2887C 11893G
M7c1c3b	M7c1c3	14	0	FALSE	630T
M7c1c3c	M7c1c3	14	0	FALSE	6260A 6681C 11908G 13563G
M7c1c3d	M7c1c3	14	0	FALSE	3915A 7853A 13768C
M7c1c3e	M7c1c3	14	0	FALSE	16086C
M7c1c3f	M7c1c3	14	0	FALSE	8023C 16392C
M7c1c3g	M7c1c3	14	0	FALSE	8856A
M7c1c3h	M7c1c3	14	0	FALSE	16324C
M7c1c3i	M7c1c3	14	0	FALSE	455.T
M7c2	M7c	11	2	FALSE	3912G 5378G 9449T 10897T 11932T 14053G 15338T 16172C 16311C!
M7c2a	M7c2	12	0	FALSE	16291T
M7c2b	M7c2	12	0	FALSE	11084G
M7c3	M7c	11	0	FALSE	4856C 5460A 11527T 11875C 12950G 14118G
M8	M	8	2	FALSE	4715G 7196A 8584A 15487T 16298C
CZ	M8	9	2	FALSE	249d
C	CZ	10	4	FALSE	3552A 9545G 11914A! 13263G 14318C 16327T
C1	C	11	6	FALSE	290-291d 16325C
C1a	C1	12	0	FALSE	3826C 7598A 16356C
C1b	C1	12	13	FALSE	493G
C1b1	C1b	13	0	FALSE	11147C
C1b2	C1b	13	0	FALSE	263A 4242T 7013A 9557T 12454A
C1b3	C1b	13	0	FALSE	12630A
C1b4	C1b	13	0	FALSE	143A 1438A 4167T 14524G 16086C 16189C! 16278T!
C1b5	C1b	13	2	FALSE	11989G 15119A
C1b5a	C1b5	14	0	FALSE	1005C
C1b5b	C1b5	14	0	FALSE	5157T 16249C
C1b6	C1b	13	0	FALSE	8848C 13326C 16271C 16357C
C1b8	C1b	13	1	FALSE	15613G 16362C
C1b8a	C1b8	14	0	FALSE	3736A 4381G 4911G 9130T 11812G
C1b9	C1b	13	0	FALSE	6297C 8047C
C1b11	C1b	13	0	FALSE	16295T
C1b12	C1b	13	0	FALSE	11025C
C1b13	C1b	13	5	FALSE	258T 7091G
C1b13a	C1b13	14	1	FALSE	1193C
C1b13a1	C1b13a	15	0	FALSE	11084G 12411T
C1b13b	C1b13	14	0	FALSE	1842G 10101C
C1b13c	C1b13	14	1	FALSE	15244G
C1b13c1	C1b13c	15	0	FALSE	13392C
C1b13d	C1b13	14	0	FALSE	13965C 16051G
C1b13e	C1b13	14	0	FALSE	14944T
C1b14	C1b	13	0	FALSE	5894G 10397G 16181G
C1b_16311!	C1b	13	2	FALSE	16311C!
C1b7	C1b_16311!	14	1	FALSE	13635C
C1b7a	C1b7	15	0	FALSE	15470C
C1b10	C1b_16311!	14	0	FALSE	146C! 385G 6284G 16129A! 16172C
C1c	C1	12	7	FALSE	1888A 15930A
C1c1	C1c	13	2	FALSE	215G
C1c1a	C1c1	14	0	FALSE	12978G
C1c1b	C1c1	14	0	FALSE	5773A
C1c2	C1c	13	0	FALSE	3010A 11440A 11794C 14356T
C1c3	C1c	13	0	FALSE	3140G 3705A 6815C 7022A 15670C 16265G 16319A
C1c4	C1c	13	0	FALSE	214G 16274A
C1c5	C1c	13	0	FALSE	11617C 16526A
C1c8	C1c	13	0	FALSE	9254G 16114T
C1c_195!	C1c	13	2	FALSE	195C!
C1c6	C1c_195!	14	0	FALSE	12414C 16153A
C1c7	C1c_195!	14	0	FALSE	1303A 9932A 16092C 16176T 16218T
C1d	C1	12	1	FALSE	16051G
C1d_194	C1d	13	3	FALSE	194T
C1d1	C1d_194	14	4	FALSE	7697A
C1d1a	C1d1	15	1	FALSE	194C! 1415A 7343G
C1d1a1	C1d1a	16	0	FALSE	6297C 14305A
C1d1b	C1d1	15	1	FALSE	195C! 928G
C1d1b1	C1d1b	16	0	FALSE	7337A
C1d1c	C1d1	15	1	FALSE	16188T 16362C
C1d1c1	C1d1c	16	0	FALSE	194C! 16298T!
C1d1d	C1d1	15	0	FALSE	16172C
C1d2	C1d_194	14	1	FALSE	10834T
C1d2a	C1d2	15	0	FALSE	593C 16209C
C1d3	C1d_194	14	0	FALSE	12378T 16140C 16288C
C1e	C1	12	0	FALSE	152C! 534T 3395G 3507T 7331T 13651G 13966G 14324C 15613G 16311C!
C1f	C1	12	0	FALSE	247A!
C4	C	11	2	FALSE	6026A 11969A 15204C
C4_152!	C4	12	2	FALSE	152C!
C4_152!_16093	C4_152!	13	1	FALSE	16093C
C4d	C4_152!_16093	14	0	FALSE	7100G 12780G 15236G
C4e	C4_152!	13	0	FALSE	151T 7307G 15479C
C4a'b'c	C4	12	3	TRUE	2232.A
C4a	C4a'b'c	13	2	FALSE	12672G
C4a1	C4a	14	2	FALSE	7999C
C4a1a	C4a1	15	4	FALSE	1715T 15968C
C4a1a1	C4a1a	16	1	FALSE	2232.AA 8508G
C4a1a1a	C4a1a1	17	0	FALSE	3576T 4884G 4958G
C4a1a5	C4a1a	16	0	FALSE	4080C 5460A 6261A
C4a1a6	C4a1a	16	0	FALSE	6221C
C4a1a_195!	C4a1a	16	3	FALSE	195C!
C4a1a2	C4a1a_195!	17	1	FALSE	10891G
C4a1a2a	C4a1a2	18	0	FALSE	10685A
C4a1a3	C4a1a_195!	17	4	FALSE	15607G
C4a1a3a	C4a1a3	18	1	FALSE	8389G
C4a1a3a1	C4a1a3a	19	0	FALSE	11476T
C4a1a3b	C4a1a3	18	0	FALSE	12397G
C4a1a3c	C4a1a3	18	0	FALSE	3796G
C4a1a3d	C4a1a3	18	0	FALSE	16298T!
C4a1a4	C4a1a_195!	17	1	FALSE	12940A
C4a1a4a	C4a1a4	18	0	FALSE	16150T
C4a1b	C4a1	15	0	FALSE	5846T 16192T
C4a2	C4a	14	3	FALSE	16357C
C4a2a	C4a2	15	1	FALSE	8485A 8793C 16344T
C4a2a1	C4a2a	16	2	FALSE	16171G
C4a2a1a	C4a2a1	17	0	FALSE	8869G
C4a2a1b	C4a2a1	17	0	FALSE	8014G 9263G
C4a2b	C4a2	15	2	FALSE	2887C 4696C 12624C
C4a2b1	C4a2b	16	0	FALSE	5036G 16086C 16278T!
C4a2b2	C4a2b	16	1	FALSE	310C 1677T 10304C 16311C!
C4a2b2a	C4a2b2	17	0	FALSE	3745A 5899.C 11155T 13563G
C4a2c	C4a2	15	2	FALSE	47A 3394C 13967T
C4a2c1	C4a2c	16	0	FALSE	207A 6929G 10724C 13145A 16239T
C4a2c2	C4a2c	16	1	FALSE	15326A 16086C
C4a2c2a	C4a2c2	17	0	FALSE	14668T
C4b	C4a'b'c	13	7	FALSE	3816G
C4b1	C4b	14	2	FALSE	146C! 8251A
C4b1a	C4b1	15	0	FALSE	710C 16259.A
C4b1b	C4b1	15	0	FALSE	8292A
C4b2	C4b	14	1	FALSE	16124C
C4b2a	C4b2	15	0	FALSE	16318T
C4b3	C4b	14	2	FALSE	16291T
C4b3a	C4b3	15	1	FALSE	15145T
C4b3a1	C4b3a	16	0	FALSE	16399G
C4b3b	C4b3	15	0	FALSE	9248T 16249C
C4b5	C4b	14	0	FALSE	11377A
C4b6	C4b	14	0	FALSE	1788T
C4b7	C4b	14	0	FALSE	4136G 15924G
C4b8	C4b	14	1	FALSE	3392C
C4b8a	C4b8	15	0	FALSE	11254C 16093C
C4c	C4a'b'c	13	2	FALSE	14433T 15148A
C4c1	C4c	14	2	FALSE	1243C
C4c1a	C4c1	15	0	FALSE	15629C 16241G
C4c1b	C4c1	15	0	FALSE	16189C!
C4c2	C4c	14	0	FALSE	73A 96T 105-110d 114T 189G 473T 1438A 15523T
C5	C	11	3	FALSE	595.C 16288C
C5_16093	C5	12	2	FALSE	16093C
C5c	C5_16093	13	1	FALSE	10454C 16518T 16527T
C5c_16234	C5c	14	1	FALSE	16234T
C5c1	C5c_16234	15	1	FALSE	1670T
C5c1a	C5c1	16	0	FALSE	7694T
C5d	C5_16093	13	2	FALSE	15080G
C5d1	C5d	14	0	FALSE	1415A 8188G 16390A
C5d2	C5d	14	0	FALSE	10682G 13968A
C5a	C5	12	2	FALSE	3591A 16261T 16327C!
C5a1	C5a	13	0	FALSE	4904T 8140T
C5a2	C5a	13	2	FALSE	10084C 11928G 16093C
C5a2a	C5a2	14	0	FALSE	1462A
C5a2b	C5a2	14	1	FALSE	16189C!
C5a2b1	C5a2b	15	0	FALSE	8440G
C5b	C5	12	1	FALSE	1719.G
C5b1	C5b	13	2	FALSE	16148T
C5b1a	C5b1	14	1	FALSE	3397G 9233C
C5b1a1	C5b1a	15	0	FALSE	1719A
C5b1b	C5b1	14	1	FALSE	4937C 14344G 15734A 16164G
C5b1b1	C5b1b	15	0	FALSE	15055C
C7	C	11	2	FALSE	5821A 6338G
C7_16051	C7	12	1	FALSE	16051G
C7b	C7_16051	13	0	FALSE	5918C 11101G 15928A
C7a	C7	12	2	FALSE	7853A
C7a1	C7a	13	3	FALSE	146C! 12957C 14978G
C7a1a	C7a1	14	2	FALSE	153G 10295G
C7a1a1	C7a1a	15	0	FALSE	151T 333C 6791G 16298T!
C7a1a2	C7a1a	15	0	FALSE	3345C 7598A 12477C 13708A 16311C!
C7a1c	C7a1	14	0	FALSE	4047C 5987T
C7a1d	C7a1	14	0	FALSE	2905G 11204C 16242T 16256T
C7a2	C7a	13	1	FALSE	2232.A 16189C!
C7a2a	C7a2	14	0	FALSE	12810G 12909G 13635G 14470C
Z	CZ	10	2	FALSE	6752G 9090C 15784C 16185T 16260T
Z5	Z	11	0	FALSE	255A 814G 2056A 4712T 8251A 9053A 14052T 15553A
Z_152!	Z	11	5	FALSE	152C!
Z1	Z_152!	12	1	FALSE	15261A
Z1a	Z1	13	3	FALSE	151T 10325A 16129A! 16224C
Z1a1	Z1a	14	2	FALSE	9494G
Z1a1a	Z1a1	15	0	FALSE	740A 12930G
Z1a1b	Z1a1	15	0	FALSE	7521A! 8251A
Z1a2	Z1a	14	1	FALSE	11590G
Z1a2a	Z1a2	15	0	FALSE	11078G
Z1a3	Z1a	14	0	FALSE	11252G
Z2	Z_152!	12	0	FALSE	3145G 8188G 14668T 15184C
Z3	Z_152!	12	3	FALSE	10208C
Z3_709	Z3	13	2	FALSE	709A
Z3c	Z3_709	14	0	FALSE	4853A
Z3d	Z3_709	14	0	FALSE	11782T
Z3a	Z3	13	2	FALSE	207A 9713A 13620C 15928A
Z3a1	Z3a	14	1	FALSE	15326A
Z3a1a	Z3a1	15	0	FALSE	8931G 11075C
Z3a2	Z3a	14	0	FALSE	6378C 11902A 12477C 14476A 15884A
Z3b	Z3	13	0	FALSE	146C! 9055A 12501A
Z4	Z_152!	12	1	FALSE	151T 15475G 15944d
Z4a	Z4	13	1	FALSE	16302G
Z4a1	Z4a	14	1	FALSE	151C! 5492C 16189C!
Z4a1a	Z4a1	15	1	FALSE	5894G
Z4a1a1	Z4a1a	16	0	FALSE	3520G 7270C 8654C 11719G 16193d 16294T
Z7	Z_152!	12	0	FALSE	2352C 2780T 4363C 4841A 7471d 8348G 8598C 10653A
M8a	M8	9	2	FALSE	6179A 8684T 14470C 16319A
M8a1	M8a	10	1	FALSE	8453G 15047A 15148A 15355A 15697C
M8a1a	M8a1	11	0	FALSE	6719C 16311C!
M8a2'3	M8a	10	2	TRUE	16184T
M8a2	M8a2'3	11	4	FALSE	2835T
M8a2_152!	M8a2	12	2	FALSE	152C!
M8a2a	M8a2_152!	13	1	FALSE	11176A 16189C!
M8a2a1	M8a2a	14	0	FALSE	16470A 16471A
M8a2b	M8a2_152!	13	0	FALSE	4670T 6671C 13050G
M8a2c	M8a2	12	0	FALSE	15244G
M8a2d	M8a2	12	0	FALSE	234G 9861C 10646A 12375C 13993T
M8a2e	M8a2	12	0	FALSE	15217A
M8a3	M8a2'3	11	1	FALSE	5100T
M8a3a	M8a3	12	1	FALSE	16134T
M8a3a1	M8a3a	13	0	FALSE	9758C
M9	M	8	2	FALSE	4491A 16362C
E	M9	9	2	FALSE	3027C 3705A 7598A 13626T 16390A
E1	E	10	1	FALSE	13254C 14577C
E1a	E1	11	2	FALSE	4248C 10834T
E1a1	E1a	12	3	FALSE	6620C
E1a1a	E1a1	13	1	FALSE	14766C
E1a1a1	E1a1a	14	3	FALSE	16291T
E1a1a1a	E1a1a1	15	0	FALSE	8843C
E1a1a1b	E1a1a1	15	2	FALSE	131C 8577G
E1a1a1b1	E1a1a1b	16	0	FALSE	9020T
E1a1a1b2	E1a1a1b	16	0	FALSE	4102A
E1a1a1c	E1a1a1	15	0	FALSE	723T 9861C
E1a1b	E1a1	13	4	FALSE	373G
E1a1b1	E1a1b	14	0	FALSE	6680C
E1a1b2	E1a1b	14	0	FALSE	16324C
E1a1b3	E1a1b	14	0	FALSE	16223C
E1a1b4	E1a1b	14	0	FALSE	16255A
E1a1c	E1a1	13	0	FALSE	6340T
E1a2	E1a	12	2	FALSE	152C! 869T 9192A
E1a2_s	E1a2	13	0	FALSE	
E1a2_s1	E1a2	13	1	FALSE	
E1a2a	E1a2_s1	14	4	FALSE	1047G
E1a2a1	E1a2a	15	0	FALSE	4586C
E1a2a2	E1a2a	15	0	FALSE	16176T
E1a2a3	E1a2a	15	0	FALSE	1452C 7678C 8158G 8251A 11016A
E1a2a4	E1a2a	15	0	FALSE	310C 4541A
E2	E	10	2	FALSE	195C! 8440G 9080G 15178G 16051G
E2a	E2	11	2	FALSE	8730G
E2a1	E2a	12	1	FALSE	9254G
E2a1a	E2a1	13	0	FALSE	3421A 4454C 10742C
E2a2	E2a	12	0	FALSE	9063G
E2b	E2	11	2	FALSE	16086C
E2b1	E2b	12	0	FALSE	16037G
E2b2	E2b	12	0	FALSE	246C
M9a'b	M9	9	2	TRUE	153G 3394C
M9a	M9a'b	10	3	FALSE	14308C 16234T
M9a1	M9a	11	2	FALSE	1041G
M9a1a	M9a1	12	3	FALSE	16316G
M9a1a1	M9a1a	13	4	FALSE	9242G
M9a1a1a	M9a1a1	14	0	FALSE	153A! 11963A
M9a1a1b	M9a1a1	14	0	FALSE	5951G 9115G 16300G
M9a1a1c	M9a1a1	14	1	FALSE	7142C 16291T
M9a1a1c1	M9a1a1c	15	3	FALSE	14417G
M9a1a1c1a	M9a1a1c1	16	0	FALSE	7861C
M9a1a1c1b	M9a1a1c1	16	2	FALSE	7697A 16291C!
M9a1a1c1b1	M9a1a1c1b	17	1	FALSE	153A!
M9a1a1c1b1a	M9a1a1c1b1	18	2	FALSE	711C
M9a1a1c1b1a1	M9a1a1c1b1a	19	0	FALSE	8567C
M9a1a1c1b1a2	M9a1a1c1b1a	19	0	FALSE	146C! 6446A
M9a1a1c1b2	M9a1a1c1b	17	0	FALSE	15839T
M9a1a1c1c	M9a1a1c1	16	0	FALSE	8631G
M9a1a1d	M9a1a1	14	0	FALSE	15175T
M9a1a2	M9a1a	13	0	FALSE	7256T! 16145A
M9a1a3	M9a1a	13	0	FALSE	15884A 16248T 16265C
M9a1b	M9a1	12	1	FALSE	152C! 12362T 15671G
M9a1b_150	M9a1b	13	2	FALSE	150T
M9a1b1	M9a1b_150	14	3	FALSE	16158G
M9a1b1a	M9a1b1	15	1	FALSE	11872T
M9a1b1a1	M9a1b1a	16	0	FALSE	8557C 11623T
M9a1b1b	M9a1b1	15	0	FALSE	3522T 14683G
M9a1b1c	M9a1b1	15	0	FALSE	10454C
M9a1b2	M9a1b_150	14	0	FALSE	10951A
M9a4	M9a	11	2	FALSE	6366A
M9a4a	M9a4	12	2	FALSE	16271C
M9a4a1	M9a4a	13	0	FALSE	1120T
M9a4a2	M9a4a	13	0	FALSE	151T 1719A
M9a4b	M9a4	12	0	FALSE	6815C
M9a5	M9a	11	0	FALSE	385G 8155A 12237T
M9b	M9a'b	10	0	FALSE	5964C 6842C 7609C 7789A 12864C 16051G 16209C
M10	M	8	1	FALSE	709A 4140T 8793C 12549T 13152G 14502C 15040T 15071C 16311C!
M10a	M10	9	2	FALSE	3172.C 7250G 8856A 10646A
M10a1	M10a	10	2	FALSE	15218G
M10a1_16129!	M10a1	11	1	FALSE	16129A!
M10a1a	M10a1_16129!	12	1	FALSE	13135A
M10a1a1	M10a1a	13	2	FALSE	16093C 16357C 16497G
M10a1a1a	M10a1a1	14	0	FALSE	3083C 7948T 14337T
M10a1a1b	M10a1a1	14	2	FALSE	146C! 16193T
M10a1a1b1	M10a1a1b	15	0	FALSE	10529G 16129G
M10a1a1b2	M10a1a1b	15	0	FALSE	10289G
M10a1b	M10a1	11	0	FALSE	16066G
M10a2	M10a	10	0	FALSE	200G 16066G
M11	M	8	2	FALSE	215G 318C 326G 1095C 6531T 7642A 8108G 9950C 11969A
M11_200	M11	9	2	FALSE	200G
M11a'b	M11_200	10	2	TRUE	13074G
M11a	M11a'b	11	2	FALSE	14340T
M11a1	M11a	12	0	FALSE	6632C
M11a2	M11a	12	0	FALSE	146C! 16173T
M11b	M11a'b	11	2	FALSE	13890T
M11b1	M11b	12	1	FALSE	14790G
M11b1a	M11b1	13	1	FALSE	146C! 10685A
M11b1a1	M11b1a	14	0	FALSE	200A! 13928T 16497G
M11b2	M11b	12	0	FALSE	459.C 5192G
M11d	M11_200	10	0	FALSE	471C 3523G 6383A 11350G 16295T
M11c	M11	9	0	FALSE	1289A 14502C 16169T
M12'G	M	8	2	TRUE	14569A
G	M12'G	9	4	FALSE	709A 4833G 5108C 16362C
G1	G	10	3	FALSE	8200C 15323A 15497A
G1a	G1	11	2	FALSE	150T 7867T
G1a1	G1a	12	2	FALSE	15860G 16325C
G1a1a	G1a1	13	4	FALSE	4793G 11914A!
G1a1a1	G1a1a	14	0	FALSE	827G
G1a1a2	G1a1a	14	0	FALSE	1299G
G1a1a3	G1a1a	14	0	FALSE	5263T 8566G 16187T!
G1a1a4	G1a1a	14	0	FALSE	6167G
G1a1b	G1a1	13	0	FALSE	12178T
G1a2'3	G1a	12	2	TRUE	16184T
G1a2	G1a2'3	13	0	FALSE	12040G 16290T
G1a3	G1a2'3	13	0	FALSE	150C! 4833A! 16214T
G1b	G1	11	2	FALSE	12361G 12972G 16017C 16362T!
G1b1	G1b	12	0	FALSE	16207G
G1b_16129!	G1b	12	3	FALSE	16129A!
G1b2	G1b_16129!	13	0	FALSE	4646C 10143A
G1b3	G1b_16129!	13	0	FALSE	16172C 16265G
G1b4	G1b_16129!	13	0	FALSE	3456C
G1c	G1	11	2	FALSE	593C 9966A
G1c1	G1c	12	0	FALSE	2226C 15565C 16220G
G1c2	G1c	12	0	FALSE	4973C 8161T
G2	G	10	2	FALSE	5601T 13563G
G2a'c	G2	11	2	TRUE	9575A
G2a	G2a'c	12	2	FALSE	7600A 9377G 16278T!
G2a1	G2a	13	6	FALSE	14200C
G2a1_16189!	G2a1	14	2	FALSE	16189C!
G2a1_16189!_16194	G2a1_16189!	15	1	FALSE	16194G
G2a1c	G2a1_16189!_16194	16	2	FALSE	16195C
G2a1c1	G2a1c	17	0	FALSE	16194C
G2a1c2	G2a1c	17	0	FALSE	7337A
G2a1d	G2a1_16189!	15	2	FALSE	260A 6737G 12311C
G2a1d1	G2a1d	16	1	FALSE	4505T 14281T
G2a1d1a	G2a1d1	17	0	FALSE	9165C
G2a1d2	G2a1d	16	1	FALSE	4833A! 8748T 16189T
G2a1d2a	G2a1d2	17	0	FALSE	8108G 8440G
G2a1b	G2a1	14	0	FALSE	146C! 207A 8063C 9266A 12753G 15758G
G2a1e	G2a1	14	0	FALSE	16051G 16150T
G2a1f	G2a1	14	1	FALSE	16114T
G2a1f1	G2a1f	15	0	FALSE	199C 4843T 10248C
G2a1g	G2a1	14	0	FALSE	318C 16293C
G2a1h	G2a1	14	0	FALSE	3777C 13194A 16311C!
G2a_152!	G2a	13	4	FALSE	152C!
G2a2	G2a_152!	14	1	FALSE	711C 8943T 15110A
G2a2a	G2a2	15	0	FALSE	207A 13395G
G2a3	G2a_152!	14	1	FALSE	185A 3882A 16262T 16294T
G2a3a	G2a3	15	0	FALSE	16169T 16318G 16526A
G2a4	G2a_152!	14	0	FALSE	12280G 16272G 16319A
G2a5	G2a_152!	14	0	FALSE	4688C 12192A 13383T 14861A 15562G 16234T
G2c	G2a'c	12	0	FALSE	152C! 195C! 5782C 7503d 12441C 13145A 14839G
G2b	G2	11	2	FALSE	8877C
G2b1	G2b	12	2	FALSE	4853A
G2b1a	G2b1	13	2	FALSE	11151T
G2b1a1	G2b1a	14	0	FALSE	207A 3398C 4048A 13191C 14182C
G2b1a2	G2b1a	14	0	FALSE	263A 3593C 16172C
G2b1b	G2b1	13	0	FALSE	12375C 16269G
G2b2	G2b	12	3	FALSE	6932G
G2b2a	G2b2	13	0	FALSE	1692G 4680A
G2b2b	G2b2	13	0	FALSE	15930A 16260T
G2b2c	G2b2	13	0	FALSE	3591A 16183G
G3	G	10	2	FALSE	16274A
G3a	G3	11	2	FALSE	15746G
G3a1'2	G3a	12	2	TRUE	143A
G3a1	G3a1'2	13	1	FALSE	16T 150T 11914A! 16215G 16362T!
G3a1a	G3a1	14	0	FALSE	8861T
G3a2	G3a1'2	13	1	FALSE	7621C
G3a2_152!	G3a2	14	1	FALSE	152C!
G3a2a	G3a2_152!	15	0	FALSE	6086C 6221C 16189C! 16265C
G3a3	G3a	12	0	FALSE	12408C 16390A
G3b	G3	11	2	FALSE	13477A 14605G 15927A
G3b1	G3b	12	0	FALSE	195C! 9599T
G3b2	G3b	12	0	FALSE	6896C
G4	G	10	0	FALSE	191.A 194T 5051G 5460A 6216C 7521A! 7660C 9670G 11383C 15940C 16114A
M12	M12'G	9	2	FALSE	4170T 5580C 12030G 12372A 14727C 15010G 16234T 16290T
M12a	M12	10	2	FALSE	318C 12358G
M12a1	M12a	11	2	FALSE	125C 127C 128T
M12a1a	M12a1	12	2	FALSE	15463G 15651T
M12a1a1	M12a1a	13	0	FALSE	513A 9490T 16362C
M12a1a2	M12a1a	13	0	FALSE	150T 8005C 14693G 16093C 16234C!
M12a1b	M12a1	12	0	FALSE	318T! 5492C 11353C 16172C
M12a2	M12a	11	0	FALSE	463T 16261T
M12b	M12	10	2	FALSE	11359G 16129A! 16172C
M12b1	M12b	11	2	FALSE	14788C
M12b1a	M12b1	12	2	FALSE	1331G 15236G 15951G
M12b1a1	M12b1a	13	0	FALSE	7080C 13708A
M12b1a2	M12b1a	13	2	FALSE	11260C 16319A
M12b1a2a	M12b1a2	14	0	FALSE	1331A! 8749C
M12b1a2b	M12b1a2	14	0	FALSE	16260T
M12b1b	M12b1	12	0	FALSE	185A 189G 3897T 5336T 14869A 16108T
M12b2	M12b	11	1	FALSE	152C! 7337A 15884T 16234C! 16305G
M12b2a	M12b2	12	0	FALSE	151T 9604G 16311C!
M13'46'61	M	8	2	TRUE	152C! 6253C
M13	M13'46'61	9	2	FALSE	6023A
M13a'b	M13	10	2	TRUE	15924G
M13a	M13a'b	11	2	FALSE	3644C 5773A 6620C 10411G 10790C 16145A 16188T 16189C!
M13a1	M13a	12	2	FALSE	13135A 16381C
M13a1a	M13a1	13	0	FALSE	7673G 11959G 16311C!
M13a1b	M13a1	13	1	FALSE	16148T
M13a1b1	M13a1b	14	0	FALSE	5045G
M13a2	M13a	12	0	FALSE	513A 8405G 10373A 16168T 16257T 16311C!
M13b	M13a'b	11	2	FALSE	152T 9182A 11665A 15468T 15930A 16129A!
M13b1	M13b	12	0	FALSE	709A 10172A 16263C
M13b2	M13b	12	0	FALSE	1211A 4742C 9012G 11506C 15924A! 16172C 16195C 16270T
M13c	M13	10	0	FALSE	3666A 5910A 11944C 16381C 16390A
M13'46'61_16362	M13'46'61	9	2	TRUE	16362C
M46	M13'46'61_16362	10	1	FALSE	146C! 3588T
M46a	M46	11	0	FALSE	1393A 4394T 6032A 7828G 8886A 9115G 10130G 11008T 11151T 13434G 16278T! 16300G 16343T
M61	M13'46'61_16362	10	1	FALSE	1193C 1342T 8269A 11810T 12732C 16381C
M61a	M61	11	0	FALSE	980C 3438A 5582C 8790A 16270T
M14	M	8	0	FALSE	234G 4216C 6962A
M15	M	8	0	FALSE	64T 183G 8167C 11002G 11629T 12662G 13659C 14284T 15412C 16147A 16193T 16249C 16362C
M17	M	8	2	FALSE	930C 12973T 16209C
M17a	M17	9	0	FALSE	862G 10324C 11016A 11908G 12711G 12804C 15530C 15802G 16129A! 16325C
M17c	M17	9	1	FALSE	1598A
M17c1	M17c	10	1	FALSE	143A 16304C
M17c1a	M17c1	11	1	FALSE	13651G
M17c1a1	M17c1a	12	1	FALSE	15853T 16233G 16274A
M17c1a1a	M17c1a1	13	0	FALSE	2833G
M19'53	M	8	2	TRUE	11167G
M19	M19'53	9	0	FALSE	152C! 527T 2392C 3828G 5046A 5250C 6620C 6896C 12397G 12465T 15935G 16249C 16362C
M53	M19'53	9	1	FALSE	240G 390T 572T 5493C 5821A 9302T 11560G 16051G 16189C! 16316G
M53b	M53	10	0	FALSE	1462A 6815C 11023G 16399G
M21	M	8	2	FALSE	11482C
M21a	M21	9	0	FALSE	709A 3796G 10202T 11287C 11611A 15924G 16129A! 16256T 16271C 16362C
M21b	M21	9	2	FALSE	3915A 5108C 7861C
M21b1	M21b	10	1	FALSE	9116C 12940A
M21b1a	M21b1	11	0	FALSE	7765G
M21b_210	M21b	10	1	FALSE	210G
M21b2	M21b_210	11	0	FALSE	709A 1598A 1763G 2080C 3663G 3819T 6231T 8509T 15236G 16145A 16181G 16304C
M22	M	8	2	FALSE	710C 4639C 6776C
M22a	M22	9	0	FALSE	6071C 9316C 16290T
M22b	M22	9	0	FALSE	13681G
M23'75	M	8	2	TRUE	12279G
M23	M23'75	9	0	FALSE	152C! 195C! 204C 417A 533G 2706A 8360G 9438A 9545G 10142T 10295G 11569C 11899C 12618A 15025T 16263C 16311C!
M75	M23'75	9	0	FALSE	146C! 150T 3316A 3453T 5147A 7313T 7765G 14110C 15109C 16068C 16189C!
M24'41	M	8	2	TRUE	15601C
M24	M24'41	9	2	FALSE	146C! 195C! 5773A 13359A
M24a	M24	10	0	FALSE	152C! 7040C 16311C!
M24b	M24	10	0	FALSE	2140A 10101C 12651A 13812C 16086C
M41	M24'41	9	3	FALSE	375T 870T 6297C 12398T 12469G 13656C 16327T 16330C
M41a	M41	10	1	FALSE	16189C!
M41a1	M41a	11	0	FALSE	113T 195C! 16545C
M41b	M41	10	0	FALSE	15442G
M41c	M41	10	0	FALSE	10325A 13113G
M25	M	8	0	FALSE	150T 316A 869T 1406C 3511G 7954C 8776T 11734G 13144T 13350G 13708A 16129A! 16189C! 16223C 16290A 16368C
M26	M	8	0	FALSE	152C! 5656G 9899C 11428T 11521G 12190G 13708A 13932T 14218C 14311C 15109C 15263T 16214A 16256T 16278T!
M27	M	8	3	FALSE	5375T 9201T 12358G
M27a	M27	9	3	FALSE	195C! 234G 537T 739T 2404C 8406T 10042G 11020G 11554G 15451T 16048A 16077T 16172C 16311C! 16320T
M27a1	M27a	10	2	FALSE	228A 5585A 7337A
M27a1a	M27a1	11	2	FALSE	150T 204C 9389G 16136C
M27a1a1	M27a1a	12	0	FALSE	980C 5177A 16189C!
M27a1a2	M27a1a	12	0	FALSE	8839A
M27a1b	M27a1	11	0	FALSE	16320C!
M27a2	M27a	10	2	FALSE	189G 4924A 9181G 10807G 13434G 13934T 15193G
M27a2a	M27a2	11	0	FALSE	12414C
M27a2b	M27a2	11	0	FALSE	13145A
M27a3	M27a	10	0	FALSE	4212G 8857A 13830C 16264T
M27b	M27	9	2	FALSE	152C! 656C 1719A 2315G 3204T 3591A 3693A 4342G 5892C 10166C 10493C 14137T 14370G 16209C 16299G 16390A
M27b1	M27b	10	0	FALSE	64T 199C 236C 1598A 4775G 5788C 14674C 16145A 16223C
M27b2	M27b	10	3	FALSE	2416C 3768G 16086C
M27b2a	M27b2	11	1	FALSE	1053G
M27b2a1	M27b2a	12	0	FALSE	15172A 16104T
M27b2b	M27b2	11	1	FALSE	8603C
M27b2b1	M27b2b	12	0	FALSE	4198T
M27b2c	M27b2	11	0	FALSE	1780C
M27c	M27	9	0	FALSE	146C! 1692G 3397G 8503C 9033G 9127G 11959G 12370T 14870G 16301T 16304C
M28	M	8	2	FALSE	152C! 195C! 1719A 6281G 6374C 10245C 15067C 16148T 16362C 16468C
M28a	M28	9	5	FALSE	1598A 10658G 16086C 16129A!
M28a1	M28a	10	0	FALSE	6962A
M28a5	M28a	10	2	FALSE	1185T 16429T
M28a5a	M28a5	11	0	FALSE	5249C 9663A
M28a5b	M28a5	11	0	FALSE	234G 3651G
M28a6	M28a	10	1	FALSE	789C 4310G 6275G 15481A
M28a6a	M28a6	11	0	FALSE	4167T 6257A 7424G 13386C
M28a7	M28a	10	2	FALSE	16320T
M28a7a	M28a7	11	0	FALSE	8756C 13246C 14122G
M28a7b	M28a7	11	0	FALSE	3565G 8093C 16471A
M28a_204	M28a	10	3	FALSE	204C
M28a2	M28a_204	11	1	FALSE	207A 431A 11084G 16051G
M28a2a	M28a2	12	0	FALSE	198T 9590G 13803G
M28a3	M28a_204	11	0	FALSE	5063C 7145T 10691T 16261T
M28a4	M28a_204	11	0	FALSE	151T 199C 15363G 16086T!
M28b	M28	9	1	FALSE	94A 204C 12172G 16318T
M28b1	M28b	10	0	FALSE	2135G 5951G 12373G 12507G 13754T 16291T
M29'Q	M	8	2	TRUE	13500C
M29	M29'Q	9	2	FALSE	151T 152C! 211G 464G 513A 1048T 1598A 4230T 7711C 13065T 16189C!
M29a	M29	10	0	FALSE	310C 4050T 5263T 9852G 12127A 12366G 13452T 16311C!
M29b	M29	10	1	FALSE	16294T
M29b1	M29b	11	0	FALSE	16104T
Q	M29'Q	9	2	FALSE	4117C 5843G 8790A 12940A 16129A! 16241G 16311C!
Q1'2	Q	10	2	TRUE	5460A
Q1	Q1'2	11	4	FALSE	89C 92A 146C! 8964T 14025C 16144C 16148T 16265C 16343G
Q1_16223	Q1	12	3	FALSE	16223C
Q1a	Q1_16223	13	1	FALSE	7681T
Q1a1	Q1a	14	1	FALSE	208C
Q1a1a	Q1a1	15	0	FALSE	9266A 16222T
Q1b	Q1_16223	13	0	FALSE	92G! 207A 1375T 7993C 10256C 11314G 16241A!
Q1c	Q1_16223	13	2	FALSE	1391C 6221C 13368A
Q1c1	Q1c	14	1	FALSE	4707T 14404T
Q1c1a	Q1c1	15	0	FALSE	10801A 16488T
Q1c2	Q1c	14	1	FALSE	10914A 15115C
Q1c2a	Q1c2	15	0	FALSE	235G 1692G
Q1d	Q1	12	0	FALSE	9111C
Q1e	Q1	12	1	FALSE	2359T 11902A 12358G
Q1e1	Q1e	13	3	FALSE	5414G
Q1e1a	Q1e1	14	1	FALSE	10924T 15110A 16176T
Q1e1a1	Q1e1a	15	0	FALSE	6164T
Q1e1b	Q1e1	14	1	FALSE	16264T
Q1e1b1	Q1e1b	15	0	FALSE	7816T
Q1e1c	Q1e1	14	0	FALSE	827G 8440G 11914A!
Q1f	Q1	12	2	FALSE	11884G
Q1f1	Q1f	13	0	FALSE	1407A 3834A 4913C 9101C 13047G 14798C 16526A
Q1f2	Q1f	13	0	FALSE	4025T 9037G 10172A
Q2	Q1'2	11	2	FALSE	228T 11061T 16066G 16311T
Q2a	Q2	12	4	FALSE	195C! 5557C 10214T 10283G 15519C
Q2a1	Q2a	13	0	FALSE	9377G 12957C 15712G 16355T
Q2a2	Q2a	13	2	FALSE	4310G 15930A
Q2a2a	Q2a2	14	0	FALSE	10978C 14305A
Q2a2b	Q2a2	14	0	FALSE	143A 789C 5075C 9192A 16362C
Q2a3	Q2a	13	2	FALSE	6260A
Q2a3a	Q2a3	14	0	FALSE	152C! 4787G 4917G 12675T 16390A
Q2a3b	Q2a3	14	0	FALSE	198T 15516T 16261T 16292T
Q2a4	Q2a	13	0	FALSE	11554T
Q2b	Q2	12	0	FALSE	152C! 744G 1462A 5456T 5460G! 10598G 12267G 12268C 15070T 16145A 16241A! 16286T
Q3	Q	10	2	FALSE	4335T 15172A
Q3a	Q3	11	1	FALSE	143A 2768G
Q3a_61	Q3a	12	1	FALSE	61T 62A
Q3a1	Q3a_61	13	0	FALSE	9254G 16209C
Q3b	Q3	11	0	FALSE	5460A 8454G 9254G 10750G 12684A 14484C 16249C 16362C
M31	M	8	2	FALSE	4907C 11176A 15440C 15530C
M31a	M31	9	2	FALSE	2156.A 3999C 12876T
M31a1	M31a	10	2	FALSE	249d 1524G 2045G 3975T 8973G 9581C 11014T 14407T 16311C!
M31a1a	M31a1	11	0	FALSE	9617G
M31a1b	M31a1	11	0	FALSE	13710G
M31a2	M31a	10	0	FALSE	195C! 868T 4775G 9966A 11023T 15258G 16017C 16093C 16126C 16145A
M31b'c	M31	9	2	TRUE	16136C
M31b	M31b'c	10	2	FALSE	152C! 808T 8093C
M31b1	M31b	11	0	FALSE	15676T
M31b2	M31b	11	0	FALSE	3777C 3826C 6299G
M31c	M31b'c	10	0	FALSE	188G 234G 282C 9269T 14152G 15935G 16311C!
M32'56	M	8	2	TRUE	1438A
M32	M32'56	9	2	FALSE	16319A 16526A
M32a	M32	10	0	FALSE	195C! 207A 2156.A 3817T 9064A 12189C 15754T 16344T 16357C
M32c	M32	10	0	FALSE	150T 200G 3588T 7960G 8768T 13308G 13590A 13708A 14130T 14260G 14527G 15172A 15625T 16086C 16148T 16259T 16278T! 16399G
M56	M32'56	9	0	FALSE	61T 13753C 16311C!
M33	M	8	3	FALSE	2361A
M33_16362	M33	9	2	FALSE	16362C
M33b	M33_16362	10	2	FALSE	676A 1719A 3221G 6293C 16324C
M33b1	M33b	11	0	FALSE	4814T 10724C 16259T
M33b2	M33b	11	0	FALSE	9344T
M33c	M33_16362	10	0	FALSE	3316A 4079G 5894G 8227C 8848C 16111T
M33a	M33	9	2	FALSE	8562T 15908C
M33a1	M33a	10	2	FALSE	12153T
M33a1a	M33a1	11	0	FALSE	195C! 8572A 14053G 15052G 15466A 16294T
M33a1b	M33a1	11	0	FALSE	199C 8705C 10598G 11569C 12696C 13105G!
M33a2'3	M33a	10	2	TRUE	16172C
M33a2	M33a2'3	11	1	FALSE	5423G 13731G 16169T
M33a2a	M33a2	12	0	FALSE	150T 462T 5124A
M33a3	M33a2'3	11	1	FALSE	146C! 15796C
M33a3a	M33a3	12	0	FALSE	11914A! 12236A 16136C
M33d	M33	9	0	FALSE	152C! 204C 207A 513A 3116T 4024G 6563T 8668C 9966A 10969T 14950T 16178C 16288C
M34'57	M	8	2	TRUE	11101G
M34	M34'57	9	2	FALSE	569T 3010A 6794G 15865G 16249C
M34a	M34	10	2	FALSE	5108C 8404C 14094C 16359C
M34a1	M34a	11	1	FALSE	146C! 10361C 11992C 16095T
M34a1a	M34a1	12	0	FALSE	3447G 12311C
M34a2	M34a	11	0	FALSE	114T 5585A 8548C
M34b	M34	10	0	FALSE	6367C 7406T 11969A 16051G 16250T
M57	M34'57	9	2	FALSE	3483A 4020T 13651G 16311C!
M57_152!	M57	10	1	FALSE	152C!
M57a	M57_152!	11	0	FALSE	16111T
M57b	M57	10	1	FALSE	146C! 189G 4132A 9098C 9656C 14743G
M57b1	M57b	11	0	FALSE	502T 10915C! 13708A
M35	M	8	2	FALSE	12561A
M35_199	M35	9	2	FALSE	199C
M35a	M35_199	10	2	FALSE	482C 5432G 10670T 15924G 16093C
M35a1	M35a	11	1	FALSE	5426C
M35a1a	M35a1	12	0	FALSE	146C! 13928C 16319A
M35a2	M35a	11	0	FALSE	5118T 8056G
M35b	M35_199	10	2	FALSE	15928A
M35b4	M35b	11	0	FALSE	7961C 10565T 11887A
M35b_16304	M35b	11	3	FALSE	16304C
M35b1	M35b_16304	12	0	FALSE	204C 4234T 13500C
M35b2	M35b_16304	12	0	FALSE	15289C
M35b3	M35b_16304	12	0	FALSE	9300A 11224G 15328G
M35c	M35	9	0	FALSE	11984C 16145A 16189C! 16290T 16381C
M36	M	8	4	FALSE	239C 7271G 15110A
M36a	M36	9	0	FALSE	152C! 6320C 6917A 12346T 14203G 14302C 16193T
M36b	M36	9	0	FALSE	146C! 151T 153G 9036T 12362T 12410G 12954C 13371T 15670C 16325C 16357C
M36c	M36	9	0	FALSE	4101C 4102T 4135C 9094T 10335C 11143T 13708A 15352G 16234T 16262T
M36d	M36	9	1	FALSE	151T 152C! 5483C
M36d1	M36d	10	0	FALSE	249d 3523T 11827C 13926C 15937G
M39'70	M	8	2	TRUE	8679G
M39	M39'70	9	3	FALSE	55.T 59-60d 65.T 1811G 15938T
M39a	M39	10	2	FALSE	207A 1120T 4928C 5773A 8704G
M39a1	M39a	11	0	FALSE	9383T
M39a2	M39a	11	0	FALSE	10654T 16111T 16223C 16353T
M39b	M39	10	2	FALSE	153G 485C
M39b1	M39b	11	0	FALSE	463T 9374G
M39b2	M39b	11	0	FALSE	15508T
M39c	M39	10	0	FALSE	182T 10188G 10619T 15589A 16270T 16325C
M70	M39'70	9	0	FALSE	236C 8867C 9297T 15061G 15148A 16214T 16297C 16342C 16381C
M40	M	8	1	FALSE	8925G 15721C 15954G 16463G
M40a	M40	9	1	FALSE	200G 13542G 16179T 16294T
M40a1	M40a	10	2	FALSE	16319A 16356C
M40a1a	M40a1	11	0	FALSE	249G 2083C 16289G
M40a1b	M40a1	11	0	FALSE	14323A
M42'74	M	8	2	TRUE	8251A
M42	M42'74	9	2	FALSE	9156G
M42a	M42	10	0	FALSE	1598A 4508T 8793C 12771A 16287T 16356C
M42b	M42	10	2	FALSE	234G 2880G 16189C!
M42b1	M42b	11	1	FALSE	93G 7229T 7533T 8597C 9165C 10310C
M42b1a	M42b1	12	0	FALSE	143A 6083T 6131G
M42b2	M42b	11	0	FALSE	1053G 4197T 15241G 15562G 16278T!
M74	M42'74	9	2	FALSE	5054A 10268T 16311C! 16362C
M74a	M74	10	0	FALSE	63C 64T 66A 6185C 6575G 12850G 16381C
M74b	M74	10	2	FALSE	8080A 8167C 12651A 15908C
M74b1	M74b	11	0	FALSE	195C! 8155A 8616A 15226G 16246T
M74b2	M74b	11	0	FALSE	6755A 6884T 7775A 8251G! 10993A 12007A
M44	M	8	1	FALSE	146C! 961C 16301T
M44a	M44	9	1	FALSE	930A 8179G
M44a1	M44a	10	0	FALSE	8554G
M47	M	8	0	FALSE	16129A! 16166C 16189C! 16287T 16319A
M48	M	8	0	FALSE	199C 6366A 15900C 16225T 16234T 16390A
M49	M	8	4	FALSE	3780T 16234T
M49a	M49	9	2	FALSE	7598A 11263T 12346T 14384A 16153A
M49a1	M49a	10	0	FALSE	12880C 13934T
M49a2	M49a	10	0	FALSE	3780C! 15511C 15647T
M49c	M49	9	1	FALSE	10514G 13032G
M49c1	M49c	10	0	FALSE	6605G
M49d	M49	9	0	FALSE	10373A 11542T 15184C 16243C
M49e	M49	9	1	FALSE	4735A 10700G 11061T
M49e1	M49e	10	0	FALSE	6515C
M50	M	8	1	FALSE	7226A 15663C 16263C
M50a	M50	9	2	FALSE	204C 207A 5054A 6620C 16129A! 16526A
M50a1	M50a	10	0	FALSE	466C 4688G 6293C 6962A 7642A 8297T 13802T 16153A 16309G
M50a2	M50a	10	0	FALSE	2010C 3834A 12879C
M52	M	8	2	FALSE	1462T 1598A 5460A
M52a	M52	9	1	FALSE	15349T 16390A
M52a1	M52a	10	2	FALSE	6755A 16327A
M52a1a	M52a1	11	0	FALSE	4525C
M52a1b	M52a1	11	1	FALSE	3591A 11914A!
M52a1b1	M52a1b	12	0	FALSE	614G 8158G 10685A 11084G 13135A 16093C 16223C 16270T
M52b	M52	9	1	FALSE	10750G
M52b1	M52b	10	1	FALSE	16438A
M52b1a	M52b1	11	0	FALSE	63C 64T 146C! 3434G 3552C 3866C 4218C 7954C 16209C
M55'77	M	8	2	TRUE	1393A
M55	M55'77	9	0	FALSE	94A 173C 204C 482C 709A 3540C 4491A 4655A 5899.C 6752G 8279.T 9477A 9938C 11314G 16136C 16217C 16319A 16381C
M77	M55'77	9	0	FALSE	150T 1409d 4065G 11914A! 12618A 13407G 13542G 14178C 14544A 16129A! 16189C! 16213A 16218T 16274A
M58	M	8	0	FALSE	3209G 5460A
M59	M	8	0	FALSE	249G 9380A 10256C 11140T 14040A 16140C 16278T!
M60	M	8	2	FALSE	7912A 8345T
M60a	M60	9	2	FALSE	16284G 16319A
M60a1	M60a	10	0	FALSE	15760T
M60a2	M60a	10	0	FALSE	2442C 6728G 15910T
M60b	M60	9	0	FALSE	189G 3592A 3894T 4047C 5471A 7853A 8723A 16266T 16357C
M62'68	M	8	2	TRUE	150T 4561C 7664A
M62	M62'68	9	2	FALSE	2735A 3511G 8149G 13708A 15510G 15520G 15629C 15721C 16295T
M62a	M62	10	0	FALSE	146C! 310C 4763T 9935C 16147T
M62b	M62	10	1	FALSE	16260T
M62b_204	M62b	11	2	FALSE	204C
M62b1	M62b_204	12	1	FALSE	203A
M62b1a	M62b1	13	1	FALSE	8270T 8281-8289d 10978G 11431T
M62b1a1	M62b1a	14	0	FALSE	7844G 16169T
M62b2	M62b_204	12	0	FALSE	3693A 6305A
M68	M62'68	9	1	FALSE	16255A
M68a	M68	10	2	FALSE	150C! 291-294d 2626C 3828G 4688C 4902C 5489A 8093C 9644G 12950G 13401C 13806T 14233G 16259T 16278T! 16362C
M68a1	M68a	11	1	FALSE	152C! 178G 7664G! 10203A 10496G
M68a1a	M68a1	12	0	FALSE	8251A 16169T 16257T
M68a2	M68a	11	1	FALSE	736T 7765G 8853G 16488T
M68a2a	M68a2	12	0	FALSE	9041G 16311C!
M69	M	8	1	FALSE	4392T 11365C
M69a	M69	9	0	FALSE	195C! 553T 3546T 5499T 6050C 6899A 8964T 9078C 9210G 14110C 14544A 15924G 16124C 16148T
M71	M	8	2	FALSE	8718G 15458C 16271C
M71_151	M71	9	2	FALSE	151T
M71a	M71_151	10	2	FALSE	8440G
M71a1	M71a	11	1	FALSE	150T 7202G 9554A 15257A
M71a1a	M71a1	12	0	FALSE	16269G
M71a2	M71a	11	0	FALSE	143A 146C! 8838A 9615C 13759A 14605G 16129A! 16140C
M71b	M71_151	10	0	FALSE	3777C 7055G 9548A 13149G 16260T 16264T
M71c	M71	9	0	FALSE	143A 195C! 204C 3894T 9055A 9380A 11017C 13401C 15734A 16362C
M72	M	8	1	FALSE	1872C 14233G 15644G 15820T 16166d 16214T
M72a	M72	9	0	FALSE	12753G
M73'79	M	8	2	TRUE	14034C 16278T!
M73	M73'79	9	2	FALSE	2263A 2352C 3396C 3399T 5655C
M73a	M73	10	1	FALSE	4856C 10685A 11476T 16184A
M73a1	M73a	11	0	FALSE	3533T 12950G 16093C
M73b	M73	10	0	FALSE	199C 709A 3453T 4491A 9064A 11708G 15236G 15663C 16354T
M79	M73'79	9	0	FALSE	151T 152C! 499A 3442T 3588T 3669G 3972G 7661T 8437T 16243C 16260T 16262T 16311C! 16319A
M76	M	8	1	FALSE	513A 3753C 7521A! 10325A 12406A 14341T 16189C! 16223C 16293C 16362C
M76a	M76	9	0	FALSE	146C! 234G 1709A 3438A 7353G 7793T 8470G 9055A 11009C 12603T 15547T 16325C
M80'D	M	8	2	TRUE	4883T
D	M80'D	9	2	FALSE	5178A 16362C
D4	D	10	18	FALSE	3010A 8414T 14668T
D1	D4	11	13	FALSE	2092T 16325C
D1a	D1	12	2	FALSE	5821A
D1a1	D1a	13	0	FALSE	57G 263A 15313C 15719C 16189C!
D1a2	D1a	13	0	FALSE	10816T 11914A! 13059T 15514C
D1b	D1	12	0	FALSE	3335C 6314T 14047G 14364A
D1c	D1	12	0	FALSE	8674G 15805G
D1d	D1	12	2	FALSE	4790G 12414C
D1d1	D1d	13	0	FALSE	14569A
D1d2	D1d	13	0	FALSE	5147A 16093C
D1e	D1	12	0	FALSE	146C! 3316A 11248G
D1f	D1	12	3	FALSE	16142T
D1f1	D1f	13	0	FALSE	10874T 16179T 16295T 16497G
D1f2	D1f	13	0	FALSE	152C! 3834A
D1f_16189!	D1f	13	1	FALSE	16189C!
D1f3	D1f_16189!	14	0	FALSE	10644A
D1g	D1	12	5	FALSE	8116G 16187T!
D1g1	D1g	13	2	FALSE	146C! 152C! 8433C 14027T 16390A
D1g1a	D1g1	14	0	FALSE	14470C
D1g1b	D1g1	14	0	FALSE	16245T
D1g3	D1g	13	0	FALSE	2885C!
D1g4	D1g	13	0	FALSE	151T 204C 245C 6179A 9419T 9545G 11914A! 15924G 16290T
D1g6	D1g	13	0	FALSE	150T 199C 374G 960.C 7340A 16178C
D1g_16189!	D1g	13	2	FALSE	16189C!
D1g2	D1g_16189!	14	1	FALSE	143A 15769G
D1g2a	D1g2	15	0	FALSE	709A 8557A 15930A 16325T!
D1g5	D1g_16189!	14	0	FALSE	55C 56G 499A 3505G 10595C 14693G 16209C
D1h	D1	12	2	FALSE	16093C 16274A
D1h1	D1h	13	0	FALSE	204C 7861C 13635C
D1h2	D1h	13	0	FALSE	3349G 3402G 16239T 16260T
D1i	D1	12	2	FALSE	417A 12280G
D1i1	D1i	13	0	FALSE	1943G 3828G 8277C
D1i2	D1i	13	0	FALSE	551G 709A 11314G 15877A 16368C
D1j	D1	12	1	FALSE	152C! 16242T 16311C!
D1j1	D1j	13	1	FALSE	15868T
D1j1a	D1j1	14	2	FALSE	4212G 5004C 15644G
D1j1a1	D1j1a	15	0	FALSE	5325T
D1j1a2	D1j1a	15	0	FALSE	106-111d 212C 6392C 15326A
D1k	D1	12	0	FALSE	13368A
D1m	D1	12	0	FALSE	4823C 8548C 10754G 16316G
D1n	D1	12	0	FALSE	9180G
D4_195!	D4	11	3	FALSE	195C!
D4k	D4_195!	12	0	FALSE	12092A 16362T!
D4o	D4_195!	12	2	FALSE	10646A 16290T
D4o1	D4o	13	1	FALSE	9833C 13500C 16183G 16274A 16319A
D4o1a	D4o1	14	0	FALSE	2330C
D4o2	D4o	13	1	FALSE	9077C 13812C 16093C
D4o2a	D4o2	14	1	FALSE	16232T
D4o2a1	D4o2a	15	0	FALSE	185A 533G
D4p	D4_195!	12	1	FALSE	198T 15106A
D4p1	D4p	13	0	FALSE	2178G
D4a	D4	11	8	FALSE	152C! 3206T 8473C 14979C 16129A!
D4a1	D4a	12	8	FALSE	10410C
D4a1a	D4a1	13	1	FALSE	5261A
D4a1a1	D4a1a	14	1	FALSE	15314A
D4a1a1a	D4a1a1	15	0	FALSE	15757G
D4a1b	D4a1	13	1	FALSE	13651G
D4a1b1	D4a1b	14	0	FALSE	16309G
D4a1c	D4a1	13	0	FALSE	7822G
D4a1d	D4a1	13	0	FALSE	16286T
D4a1e	D4a1	13	1	FALSE	7364G 16256T
D4a1e1	D4a1e	14	0	FALSE	8614C 9254G
D4a1f	D4a1	13	1	FALSE	4313C
D4a1f1	D4a1f	14	0	FALSE	14467G
D4a1g	D4a1	13	0	FALSE	5459T
D4a1h	D4a1	13	0	FALSE	14053G
D4a2	D4a	12	2	FALSE	12957C
D4a2a	D4a2	13	0	FALSE	3531A 8296G 10005G
D4a2b	D4a2	13	0	FALSE	6285A
D4a3	D4a	12	2	FALSE	5466G 16249C
D4a3a	D4a3	13	2	FALSE	15412C
D4a3a1	D4a3a	14	0	FALSE	228T 3866C
D4a3a2	D4a3a	14	0	FALSE	3396C 14013G 14577C 15448T 16093C
D4a3b	D4a3	13	2	FALSE	7912A
D4a3b1	D4a3b	14	0	FALSE	10601C 15440C 16266T
D4a3b2	D4a3b	14	0	FALSE	1520C 13834G 16311C!
D4a5	D4a	12	0	FALSE	12468C 15758G
D4a6	D4a	12	0	FALSE	217C 1811G 7444A
D4a7	D4a	12	0	FALSE	9845C 13650T! 13966G 15889C 16263C
D4a8	D4a	12	0	FALSE	146C! 13350G 16270T
D4a_16294	D4a	12	1	FALSE	16294T
D4a4	D4a_16294	13	0	FALSE	469G 4248C 8659G 9109G
D4b	D4	11	2	FALSE	8020A
D4b1	D4b	12	3	FALSE	10181T 15440C 15951G 16319A
D4b1a	D4b1	13	2	FALSE	14927G
D4b1a1	D4b1a	14	1	FALSE	152C! 2246G 8450C 13827G 14091G 15217A 15805G
D4b1a1a	D4b1a1	15	0	FALSE	14180C
D4b1a2	D4b1a	14	1	FALSE	6881G 14815T
D4b1a2a	D4b1a2	15	2	FALSE	13720T
D4b1a2a1	D4b1a2a	16	0	FALSE	16173T
D4b1a2a2	D4b1a2a	16	0	FALSE	4592C 15244G
D4b1b'd	D4b1	13	2	TRUE	16287T
D4b1b	D4b1b'd	14	2	FALSE	431T 6689T
D4b1b1	D4b1b	15	1	FALSE	4859C 6410T
D4b1b1a	D4b1b1	16	1	FALSE	10084C 16399G
D4b1b1a1	D4b1b1a	17	0	FALSE	12172G
D4b1b2	D4b1b	15	0	FALSE	8281-8289d 14560C
D4b1d	D4b1b'd	14	0	FALSE	152C! 6578G 11116C 11992C 15370T 16158G 16284G 16362T!
D4b1c	D4b1	13	1	FALSE	239C 297G 951A
D3	D4b1c	14	0	FALSE	722T 4023C 6374C 9785T
D4b2	D4b	12	3	FALSE	1382C 8964T 9824A
D4b2a	D4b2	13	2	FALSE	15524G
D4b2a1	D4b2a	14	0	FALSE	280T 13708A 16355T
D4b2a2	D4b2a	14	2	FALSE	8251A 10104T
D4b2a2a	D4b2a2	15	2	FALSE	14287C 16189C!
D4b2a2a1	D4b2a2a	16	0	FALSE	199C
D4b2a2a2	D4b2a2a	16	0	FALSE	3591A
D4b2a2b	D4b2a2	15	0	FALSE	6005T
D4b2b	D4b2	13	7	FALSE	9296T
D4b2b1	D4b2b	14	4	FALSE	14605G
D4b2b1_146!	D4b2b1	15	1	FALSE	146C!
D4b2b1d	D4b2b1_146!	16	0	FALSE	4117C
D4b2b1a	D4b2b1	15	0	FALSE	15244G
D4b2b1b	D4b2b1	15	0	FALSE	3696T 8812G
D4b2b1c	D4b2b1	15	0	FALSE	6176C
D4b2b2	D4b2b	14	3	FALSE	12358G
D4b2b2a	D4b2b2	15	1	FALSE	150T
D4b2b2a1	D4b2b2a	16	0	FALSE	14867T
D4b2b2b	D4b2b2	15	0	FALSE	8577G 16172C 16223C
D4b2b2c	D4b2b2	15	0	FALSE	13707A 16189C! 16356C
D4b2b3	D4b2b	14	0	FALSE	4209C 10373A 14325C 15331A
D4b2b4	D4b2b	14	0	FALSE	150T 15001C
D4b2b5	D4b2b	14	0	FALSE	279C
D4b2b6	D4b2b	14	0	FALSE	1978G 13182C 15832T
D4b2b7	D4b2b	14	0	FALSE	15896G 16209C 16266T
D4b2d	D4b2	13	0	FALSE	6407C 7816T 13174C 13239T 16287T
D4c	D4	11	2	FALSE	16245T
D4c1	D4c	12	2	FALSE	2766T 16223C
D4c1a	D4c1	13	1	FALSE	191.A 194T 199C 207A 3391A 9755A
D4c1a1	D4c1a	14	0	FALSE	9477A
D4c1b	D4c1	13	2	FALSE	856G 16224C 16292T
D4c1b1	D4c1b	14	0	FALSE	146C! 14692G 16223T!
D4c1b2	D4c1b	14	0	FALSE	14063C
D4c2	D4c	12	3	FALSE	8383C 9431T
D4c2a	D4c2	13	0	FALSE	4233C 15391A 16311C! 16368C
D4c2b	D4c2	13	0	FALSE	534T 1462A
D4c2c	D4c2	13	0	FALSE	8419C
D4d	D4	11	0	FALSE	3593C 5539G 6503C 7757A 9938C 12085T 13879C 16319A
D4e	D4	11	4	FALSE	11215T
D4e1'3	D4e	12	2	TRUE	9536T
D4e1	D4e1'3	13	3	FALSE	3316A
D2	D4e1	14	2	FALSE	8703T 16129A!
D2a'b	D2	15	2	TRUE	7493T 16271C
D2a	D2a'b	16	2	FALSE	11959G
D2a1	D2a	17	2	FALSE	9667G
D2a1a	D2a1	18	0	FALSE	8910A
D2a1b	D2a1	18	0	FALSE	16111T 16366T
D2a2	D2a	17	0	FALSE	4991A
D2b	D2a'b	16	2	FALSE	195C! 9181G
D2b1	D2b	17	1	FALSE	1106T
D2b1a	D2b1	18	0	FALSE	5004C
D2b2	D2b	17	0	FALSE	10084C 15836G
D2c	D2	15	0	FALSE	310C 9042T 10586A 12468C
D4e1a	D4e1	14	3	FALSE	94A 5964C 14470C 15924G
D4e1a1	D4e1a	15	0	FALSE	194T 16093C 16176T
D4e1a2	D4e1a	15	1	FALSE	214G
D4e1a2a	D4e1a2	16	0	FALSE	334C 4959A 9495C
D4e1a3	D4e1a	15	0	FALSE	8119C
D4e1c	D4e1	14	0	FALSE	14207A
D4e3	D4e1'3	13	0	FALSE	13135A 14857C
D4e2	D4e	12	4	FALSE	15874G
D4e2a	D4e2	13	0	FALSE	13716G
D4e2b	D4e2	13	0	FALSE	8149G
D4e2c	D4e2	13	0	FALSE	14053G
D4e2d	D4e2	13	0	FALSE	11764G
D4e4	D4e	12	2	FALSE	1935G 14905A
D4e4a	D4e4	13	1	FALSE	8683G
D4e4a1	D4e4a	14	0	FALSE	310C 453A 16189C!
D4e4b	D4e4	13	0	FALSE	10310A 12882T
D4e5	D4e	12	2	FALSE	5021C 15106A 15184C 16274A
D4e5a	D4e5	13	0	FALSE	152C! 14755G
D4e5b	D4e5	13	0	FALSE	14384A 16291T
D4f	D4	11	1	FALSE	7270C
D4f1	D4f	12	0	FALSE	2706A 4538T 8764A 11255C
D4g	D4	11	2	FALSE	13104G
D4g1	D4g	12	3	FALSE	4343G 8701A 15518T 16278T!
D4g1a	D4g1	13	0	FALSE	3394C 13887G
D4g1b	D4g1	13	0	FALSE	9004T 13512G
D4g1c	D4g1	13	0	FALSE	709A
D4g2	D4g	12	2	FALSE	298T 5231A
D4g2a	D4g2	13	1	FALSE	4394T 16274A
D4g2a1	D4g2a	14	3	FALSE	11059T
D4g2a1a	D4g2a1	15	0	FALSE	195C! 546G 8994A 14793G 16223C
D4g2a1b	D4g2a1	15	0	FALSE	459d 5081C 6164T
D4g2a1c	D4g2a1	15	0	FALSE	12966A
D4g2b	D4g2	13	1	FALSE	4131G
D4g2b1	D4g2b	14	1	FALSE	13359A
D4g2b1a	D4g2b1	15	0	FALSE	195C! 263A 504C 5460A 6719C 9386C
D4h	D4	11	4	FALSE	3336C 3644C 5048C
D4h1	D4h	12	4	FALSE	16174T
D4h1a	D4h1	13	2	FALSE	146C! 183G 12396C
D4h1a1	D4h1a	14	0	FALSE	12372A 16497G
D4h1a2	D4h1a	14	0	FALSE	827G 1009T 6962A 13819C
D4h1b	D4h1	13	0	FALSE	11092G 13708A
D4h1c	D4h1	13	1	FALSE	152C! 7181T 7673G 13914A 16311C!
D4h1c1	D4h1c	14	0	FALSE	14470C 16317G
D4h1d	D4h1	13	0	FALSE	5262A 8387A 10042G 16167T 16172C 16287T
D4h2	D4h	12	0	FALSE	961C 8269A 13879C 15236G 16278T! 16325C
D4h3	D4h	12	2	FALSE	152C! 13135A 16301T 16342C
D4h3a	D4h3	13	7	FALSE	3396C 4025T 6285A 8946G 9458T 16241G
D4h3a1	D4h3a	14	1	FALSE	5442C 12990G
D4h3a1a	D4h3a1	15	2	FALSE	930A 1719A
D4h3a1a1	D4h3a1a	16	0	FALSE	146C! 11701C
D4h3a1a2	D4h3a1a	16	0	FALSE	11914A!
D4h3a2	D4h3a	14	0	FALSE	10733T
D4h3a3	D4h3a	14	1	FALSE	71d
D4h3a3a	D4h3a3	15	0	FALSE	533G
D4h3a4	D4h3a	14	0	FALSE	4959A 9851T 16294T
D4h3a5	D4h3a	14	0	FALSE	16301C!
D4h3a6	D4h3a	14	0	FALSE	143A 4363C 16185T 16463G
D4h3a_152	D4h3a	14	3	FALSE	152T
D4h3a7	D4h3a_152	15	0	FALSE	9962A
D4h3a8	D4h3a_152	15	0	FALSE	11809C 13065T 16234G
D4h3a9	D4h3a_152	15	0	FALSE	6023A 14861A
D4h3b	D4h3	13	0	FALSE	990C 1810G 2416C 7785C 9046G 11150A 15346A 16148T 16249C
D4h4	D4h	12	1	FALSE	15022T
D4h4a	D4h4	13	0	FALSE	152C! 644G 3558G 10373A 16311C!
D4i	D4	11	3	FALSE	16294T
D4i1	D4i	12	0	FALSE	5773A 16263C
D4i2	D4i	12	0	FALSE	4833G
D4i3	D4i	12	0	FALSE	195C! 4936T 16114T 16318G
D4j	D4	11	15	FALSE	11696A
D4j1	D4j	12	2	FALSE	5262A
D4j1a	D4j1	13	2	FALSE	7783C 12130C 12358G 16086C
D4j1a1	D4j1a	14	2	FALSE	7581C 15295T
D4j1a1a	D4j1a1	15	0	FALSE	12681C
D4j1a1b	D4j1a1	15	0	FALSE	7980C
D4j1a2	D4j1a	14	0	FALSE	13635C 16271C
D4j1b	D4j1	13	1	FALSE	1734T 7055G
D4j1b2	D4j1b	14	0	FALSE	185A 6852A
D4j2	D4j	12	1	FALSE	152C! 5563A 5824A 12501A 16291T
D4j2a	D4j2	13	0	FALSE	3693A
D4j4	D4j	12	1	FALSE	10245C
D4j4a	D4j4	13	0	FALSE	16263C
D4j5	D4j	12	1	FALSE	13368A 14128G
D4j5a	D4j5	13	0	FALSE	7445C 13086T
D4j7	D4j	12	1	FALSE	9578G 13753C 16082T
D4j7a	D4j7	13	0	FALSE	8434T 14000A
D4j8	D4j	12	0	FALSE	16174T
D4j10	D4j	12	0	FALSE	14488C
D4j12	D4j	12	0	FALSE	7353G 8273T 15470C
D4j14	D4j	12	0	FALSE	16231C
D4j15	D4j	12	0	FALSE	15529A
D4j16	D4j	12	0	FALSE	6752G 12771A
D4j_146!	D4j	12	2	FALSE	146C!
D4j6	D4j_146!	13	0	FALSE	7805A
D4j13	D4j_146!	13	0	FALSE	485C 4655A 5075C
D4j_16311!	D4j	12	2	FALSE	16311C!
D4j3	D4j_16311!	13	1	FALSE	16184T
D4j3a	D4j3	14	1	FALSE	1709A
D4j3a1	D4j3a	15	0	FALSE	13656C 15139C 16525G
D4j11	D4j_16311!	13	0	FALSE	11218T 12630A
D4j_s	D4j	12	0	FALSE	
D4j_s2	D4j	12	1	FALSE	
D4j9	D4j_s2	13	0	FALSE	13573A
D4l	D4	11	2	FALSE	10427A 16368C
D4l1	D4l	12	1	FALSE	1310T
D4l1a	D4l1	13	1	FALSE	3535C 16145A
D4l1a1	D4l1a	14	0	FALSE	9355G
D4l2	D4l	12	2	FALSE	73A 125C 127C
D4l2a	D4l2	13	2	FALSE	13651G
D4l2a1	D4l2a	14	0	FALSE	5147A 16145A 16311C!
D4l2a2	D4l2a	14	0	FALSE	16274A
D4l2b	D4l2	13	0	FALSE	318C 8503C
D4m	D4	11	2	FALSE	8762C 12651C
D4m1	D4m	12	0	FALSE	1148G 6620C 9667G 12088T 16223C 16244A
D4m2	D4m	12	1	FALSE	1222G 1719A 3492G 16042A
D4m2a	D4m2	13	1	FALSE	16214T
D4m2a1	D4m2a	14	1	FALSE	15313C
D4m2a1a	D4m2a1	15	0	FALSE	12750T
D4n	D4	11	2	FALSE	3421A 16355A
D4n1	D4n	12	1	FALSE	15924G
D4n1a	D4n1	13	0	FALSE	951A
D4n2	D4n	12	0	FALSE	195C! 6704G
D4q	D4	11	1	FALSE	200G 16256T 16311C!
D4q1	D4q	12	1	FALSE	16140C
D4q1a	D4q1	13	0	FALSE	4973C 15791G
D4s	D4	11	0	FALSE	199C 813G 12662G
D4t	D4	11	0	FALSE	263A 15901G
D_16189!	D	10	2	FALSE	16189C!
D5	D_16189!	11	2	FALSE	150T 1107C 5301G 10397G
D5a'b	D5	12	2	TRUE	9180G
D5a	D5a'b	13	3	FALSE	752T 11944C 12026G
D5a1	D5a	14	1	FALSE	68A 309d 3496T 13708A 16390A
D5a1a	D5a1	15	2	FALSE	6185C
D5a1a1	D5a1a	16	0	FALSE	14371C
D5a1a2	D5a1a	16	0	FALSE	3337A
D5a2	D5a	14	2	FALSE	1438A 16172C
D5a2a	D5a2	15	1	FALSE	16266T
D5a2a_16092	D5a2a	16	2	FALSE	16092C
D5a2a1	D5a2a_16092	17	2	FALSE	16164G
D5a2a1_16172!	D5a2a1	18	1	FALSE	16172T!
D5a2a1a	D5a2a1_16172!	19	2	FALSE	44.C 1310T 13278G
D5a2a1a1	D5a2a1a	20	1	FALSE	16102C
D5a2a1a1a	D5a2a1a1	21	0	FALSE	10589A
D5a2a1a2	D5a2a1a	20	0	FALSE	8071G
D5a2a1b	D5a2a1	18	1	FALSE	3528T
D5a2a1b1	D5a2a1b	19	0	FALSE	16167T
D5a2a2	D5a2a_16092	17	0	FALSE	8479G
D5a2b	D5a2	15	0	FALSE	13356C
D5a3	D5a	14	1	FALSE	16360T
D5a3a	D5a3	15	1	FALSE	13759A
D5a3a1	D5a3a	16	1	FALSE	3702G
D5a3a1a	D5a3a1	17	0	FALSE	8838A 16126C 16136C
D5b	D5a'b	13	4	FALSE	456T 681C 1048T 5153G 15724G
D5b1	D5b	14	4	FALSE	6253C
D5b1a	D5b1	15	2	FALSE	13437C
D5b1a1	D5b1a	16	0	FALSE	16167T
D5b1a2	D5b1a	16	0	FALSE	16172C 16355T
D5b1b	D5b1	15	2	FALSE	3759G
D5b1b1	D5b1b	16	0	FALSE	2416C 7220C 16216G
D5b1b2	D5b1b	16	0	FALSE	5147A 7403G 16357C
D5b1c	D5b1	15	1	FALSE	12666C
D5b1c1	D5b1c	16	1	FALSE	152C! 185A 5899.C 15470C 16148T
D5b1c1a	D5b1c1	17	0	FALSE	4203G 15724A!
D5b1d	D5b1	15	0	FALSE	146C! 4048A 10810C!
D5b2	D5b	14	0	FALSE	281G 983T 5539G 6146G 9377G 13614G 13617C 15769C 16176T 16292G 16300G
D5b3	D5b	14	1	FALSE	4092A
D5b3a	D5b3	15	1	FALSE	7241G 10652C
D5b3a1	D5b3a	16	0	FALSE	16069T
D5b4	D5b	14	0	FALSE	263A 4048A 8701A 9667G 9992T 11176A 13954T
D5c	D5	12	2	FALSE	151T 152C! 4200T 4216C 14927G 15622C 16190T
D5c1	D5c	13	1	FALSE	146C! 3546T 13105G! 16390A
D5c1a	D5c1	14	0	FALSE	182T 217C 16223C
D5c_16311!	D5c	13	1	FALSE	16311C!
D5c2	D5c_16311!	14	0	FALSE	7129G 7669T 8580T 12810G 13984T 15737A 16316G
D6	D_16189!	11	2	FALSE	709A 1719A 3714G 12654G 16311C!
D6a	D6	12	2	FALSE	16274A
D6a1	D6a	13	1	FALSE	6701G 7424G 7879G 13194A 16311T
D6a1a	D6a1	14	0	FALSE	8020A
D6a2	D6a	13	0	FALSE	4679C 4937C 14530C 16129A! 16189T 16317G
D6c	D6	12	1	FALSE	152C! 5441T 8389G 8521G
D6c1	D6c	13	1	FALSE	14371C
D6c1a	D6c1	14	0	FALSE	10007C 15662G
M80	M80'D	9	0	FALSE	249G 709A 1352A 2695A 4197T 4823C 5492C 5894G 7939T 8429T 8775T 9254G 11732C 14118G 16134T 16189C! 16325C
M81	M	8	0	FALSE	215G 4254C 6620C 13590A 16129A! 16311C!
M91	M	8	2	FALSE	93G 3447G 4164G 15652G 16287T 16327A
M91a	M91	9	0	FALSE	200G 5999C 7064C 11887A 13194A 14902T 15622C
M91b	M91	9	0	FALSE	647G 3438A 5147A 5592G 11389T 11914A! 15236G 15940C 16069T 16299G
N	L3	7	17	FALSE	8701A 9540T 10398A 10873T 15301G!
A	N	8	4	FALSE	235G 663G 1736G 4248C 4824G 8794T 16290T 16319A
A5	A	9	3	FALSE	8563G 11536T
A5a	A5	10	5	FALSE	2156.A 4655A 11647T 16187T!
A5a1	A5a	11	2	FALSE	14944T
A5a1a	A5a1	12	2	FALSE	10801A
A5a1a1	A5a1a	13	2	FALSE	5773A 12880C
A5a1a1a	A5a1a1	14	0	FALSE	13221G
A5a1a1b	A5a1a1	14	0	FALSE	4736C
A5a1a2	A5a1a	13	1	FALSE	8628T
A5a1a2a	A5a1a2	14	0	FALSE	6956C
A5a1b	A5a1	12	0	FALSE	16160G
A5a2	A5a	11	0	FALSE	13461C
A5a3	A5a	11	1	FALSE	12909G
A5a3a	A5a3	12	0	FALSE	15341C
A5a4	A5a	11	0	FALSE	10325A
A5a5	A5a	11	0	FALSE	7694T
A5b	A5	10	1	FALSE	961C
A5b1	A5b	11	3	FALSE	1709A 16126C 16235G
A5b1a	A5b1	12	0	FALSE	10637T
A5b1b	A5b1	12	0	FALSE	16234T
A5b1c	A5b1	12	1	FALSE	8260C
A5b1c1	A5b1c	13	0	FALSE	152C! 5054C 15442G
A5c	A5	10	1	FALSE	152C! 16129A! 16213A
A5c1	A5c	11	0	FALSE	12816T
A8	A	9	1	FALSE	16242T
A8a	A8	10	1	FALSE	64T 146C!
A8a1	A8a	11	0	FALSE	152C! 6962A 8865A 12777G
A10	A	9	0	FALSE	5393C 7468T 9948A 10094T 16227C 16311C!
A_152!	A	9	5	FALSE	152C!
A3	A_152!	10	1	FALSE	2857C 8962G 9711T
A3a	A3	11	0	FALSE	13140G
A7	A_152!	10	0	FALSE	146C! 8413G 10172A 15379T 16051G 16129A! 16189C!
A9	A_152!	10	0	FALSE	6950T 7228G 8340A 10700G 15874G
A11	A_152!	10	2	FALSE	9650T 16293C
A11_16234	A11	11	1	FALSE	16234T
A11b	A11_16234	12	0	FALSE	3290C 16527T
A11a	A11	11	0	FALSE	1005C 6755A 8843C
A_152!_16362	A_152!	10	16	FALSE	16362C
A1	A_152!_16362	11	1	FALSE	1442A
A1a	A1	12	1	FALSE	9713A 16249C
A1a1	A1a	13	0	FALSE	4928C
A2	A_152!_16362	11	7	FALSE	146C! 152T 153G 8027A 12007A 16111T
A2_s	A2	12	4	FALSE	
A2_s_153!	A2_s	13	0	FALSE	153A!
A2_s_16111!	A2_s	13	0	FALSE	16111C!
A2_s_16129!	A2_s	13	0	FALSE	16129A!
A2_s_16189!	A2_s	13	0	FALSE	16189C!
A2_s3	A2	12	31	FALSE	
A2_s3_153!	A2_s3	13	2	FALSE	153A!
A2ao	A2_s3_153!	14	1	FALSE	9650T
A2ao1	A2ao	15	0	FALSE	3394C 16264T
A2e	A2_s3_153!	14	0	FALSE	7112T 13708A 16189C! 16336A
A2_s3_16111!	A2_s3	13	6	FALSE	16111C!
A2ai	A2_s3_16111!	14	0	FALSE	5494G 11248G 16213A
A2aj	A2_s3_16111!	14	0	FALSE	1442A 1738C 5378G 10373A 16270T
A2l	A2_s3_16111!	14	0	FALSE	15629C
A2m	A2_s3_16111!	14	0	FALSE	8947T 9039A 15172A 16240G
A2n	A2_s3_16111!	14	0	FALSE	3849A 9344T 10700G
A2o	A2_s3_16111!	14	0	FALSE	3972G
A2_s3_16129!	A2_s3	13	2	FALSE	16129A!
A2am	A2_s3_16129!	14	0	FALSE	6253C 15229C 15314A
A2p	A2_s3_16129!	14	2	FALSE	10199T
A2p1	A2p	15	0	FALSE	5585A 6488C 8537G
A2p2	A2p	15	0	FALSE	3591A 14791T
A2_s3_16189!	A2_s3	13	1	FALSE	16189C!
A2ap	A2_s3_16189!	14	0	FALSE	9809G
A2aa	A2_s3	13	0	FALSE	16239A 16266T
A2ab	A2_s3	13	0	FALSE	6216C 14476A 16291T
A2ac	A2_s3	13	1	FALSE	9377G 15074C 16213A
A2ac1	A2ac	14	0	FALSE	9055A 9473C 14687G
A2ad	A2_s3	13	2	FALSE	8471T 16175G 16300G
A2ad1	A2ad	14	0	FALSE	5298G 12372A 14798C 15734A 16111C!
A2ad2	A2ad	14	0	FALSE	6182A 10993A
A2ae	A2_s3	13	0	FALSE	152C! 487G 3565G
A2af	A2_s3	13	2	FALSE	73A 106-111d 5460A 16360T
A2af1	A2af	14	2	FALSE	6794G 7960G
A2af1a	A2af1	15	2	FALSE	89C
A2af1a1	A2af1a	16	0	FALSE	198T
A2af1a2	A2af1a	16	0	FALSE	499A 2762A 16175T
A2af1b	A2af1	15	2	FALSE	11482C
A2af1b1	A2af1b	16	2	FALSE	3840G 10343T 12771A
A2af1b1a	A2af1b1	17	0	FALSE	200G 9053A 13443C 15847T 16111C!
A2af1b1b	A2af1b1	17	0	FALSE	16168T 16209C
A2af1b2	A2af1b	16	0	FALSE	92A 93.T 5460G! 7269A 8152A 9944C 13359A
A2af2	A2af	14	0	FALSE	97C 204C 211G 8563G 10344G 14211T 16189C!
A2ag	A2_s3	13	0	FALSE	195C! 9653C
A2ah	A2_s3	13	0	FALSE	16097C 16098G
A2ak	A2_s3	13	0	FALSE	8654C 9668T 15458C 16466C
A2al	A2_s3	13	0	FALSE	3516T 11152C 16126C
A2an	A2_s3	13	0	FALSE	8772C
A2aq	A2_s3	13	0	FALSE	143A 808T 3421A 6267A 6374C 16355T
A2c	A2_s3	13	0	FALSE	12468C 14364A
A2d	A2_s3	13	2	FALSE	6308T
A2d1	A2d	14	1	FALSE	8281-8289d 11314G
A2d1a	A2d1	15	0	FALSE	8548C 16274A
A2d2	A2d	14	0	FALSE	5081C
A2f	A2_s3	13	3	FALSE	12940A
A2f1	A2f	14	1	FALSE	2638C 3316A 7897A 15670C
A2f1a	A2f1	15	0	FALSE	1809C 12092A 14911T
A2f2	A2f	14	0	FALSE	146T 676A 16357C
A2f3	A2f	14	0	FALSE	151T 5585A 9156G 11914A! 14275T 15323A
A2g	A2_s3	13	1	FALSE	7724T 16391A
A2g1	A2g	14	0	FALSE	4970G 13855T
A2h	A2_s3	13	1	FALSE	16526A
A2h1	A2h	14	0	FALSE	1598A 1888A 12811C 16335G
A2i	A2_s3	13	0	FALSE	94A 3307.A 3308C 5165T 6620C 14280G 14470C 15386T 16325C
A2j	A2_s3	13	1	FALSE	10595C 11548G
A2j1	A2j	14	0	FALSE	11314G
A2k	A2_s3	13	1	FALSE	3202C
A2k1	A2k	14	1	FALSE	15924G
A2k1a	A2k1	15	0	FALSE	8460G
A2q	A2_s3	13	1	FALSE	16209C
A2q1	A2q	14	0	FALSE	7604A 7861C
A2t	A2_s3	13	0	FALSE	2071C 9053A 11404G 15236G
A2u	A2_s3	13	2	FALSE	16136C
A2u1	A2u	14	0	FALSE	12906T 16257T 16344T
A2u2	A2u	14	0	FALSE	16260T
A2v	A2_s3	13	1	FALSE	16239T
A2v1	A2v	14	1	FALSE	6491A
A2v1_152!	A2v1	15	2	FALSE	152C!
A2v1a	A2v1_152!	16	0	FALSE	7403G
A2v1b	A2v1_152!	16	0	FALSE	16234T
A2w	A2_s3	13	1	FALSE	7124G 11016A
A2w1	A2w	14	0	FALSE	16187T!
A2x	A2_s3	13	0	FALSE	9055A 15924G
A2y	A2_s3	13	0	FALSE	189G 207A 5093C 5910A 6641C 16293G 16304C
A2a	A2	12	5	FALSE	3330T 16192T
A2a1	A2a	13	0	FALSE	16261T
A2a2	A2a	13	0	FALSE	9301T
A2a3	A2a	13	0	FALSE	16311C!
A2a4	A2a	13	0	FALSE	5460A 16093C
A2a5	A2a	13	0	FALSE	3552C 12166C 16233G 16331G 16362T!
A2b	A2	12	1	FALSE	11365C
A2b1	A2b	13	0	FALSE	16265G
A2r	A2	12	1	FALSE	6935T
A2r1	A2r	13	0	FALSE	103A 9518T
A2s	A2	12	0	FALSE	466C 3145G 3766C 7269A 8552C 11809C 12346T 16207G 16311C! 16400T
A2z	A2	12	0	FALSE	152C! 214G 2836T 3744G 6632C 16083T 16256T
A6	A_152!_16362	11	2	FALSE	654C 3687T 13287T
A6a	A6	12	0	FALSE	4257G
A6b	A6	12	0	FALSE	146C! 6707C 8531G 10993A 15670C
A15	A_152!_16362	11	3	FALSE	263A 8459G 14067T
A15a	A15	12	0	FALSE	11084G
A15b	A15	12	0	FALSE	3408T 8409T 16234T
A15c	A15	12	1	FALSE	15262C
A15c1	A15c	13	0	FALSE	4216C 9052G 13111C 15924G
A16	A_152!_16362	11	0	FALSE	298A 2706A 6023A 11557G 14929T 16292A
A17	A_152!_16362	11	0	FALSE	4113A 5514G 9126C 15217A
A18	A_152!_16362	11	0	FALSE	11465C
A19	A_152!_16362	11	0	FALSE	199C 15436T 16311C!
A20	A_152!_16362	11	0	FALSE	14696G
A21	A_152!_16362	11	0	FALSE	14364A
A22	A_152!_16362	11	0	FALSE	6378C 8393T 9123A 9128C
A24	A_152!_16362	11	0	FALSE	449C 9524G 15172A
A25	A_152!_16362	11	0	FALSE	16179T
A26	A_152!_16362	11	0	FALSE	4924A 9716A 11809C 13650C 13752C 14968C 16144C
A_152!_16362_200	A_152!_16362	11	2	FALSE	200G
A13	A_152!_16362_200	12	0	FALSE	3504C
A14	A_152!_16362_200	12	0	FALSE	151T 735G
A_152!_16362_16189!	A_152!_16362	11	2	FALSE	16189C!
A12	A_152!_16362_16189!	12	1	FALSE	12720G 14290C
A12a	A12	13	0	FALSE	1709A 9754G 16039A 16356C
A23	A_152!_16362_16189!	12	0	FALSE	97T 105-110d 150T 3213G 5153G 6101T 6602T
N1'5	N	8	2	TRUE	1719A
N1	N1'5	9	2	FALSE	10238C 12501A
N1a	N1	10	2	FALSE	204C 13780G
N1a1'2	N1a	11	2	TRUE	199C
N1a1	N1a1'2	12	2	FALSE	10398G! 15043A
N1a1a	N1a1	13	2	FALSE	669C 2702A 5315G 8901G 16147G 16172C 16248T 16355T
N1a1a3	N1a1a	14	0	FALSE	2758A!
N1a1a_152!	N1a1a	14	2	FALSE	152C!
N1a1a1	N1a1a_152!	15	2	FALSE	3336C 16147T
N1a1a1a	N1a1a1	16	3	FALSE	16320T
N1a1a1a1	N1a1a1a	17	1	FALSE	2702G! 8164T 9300A
N1a1a1a1a	N1a1a1a1	18	0	FALSE	6641C 16189C!
N1a1a1a2	N1a1a1a	17	0	FALSE	207A 8485A 15299C 16086C 16172T!
N1a1a1a3	N1a1a1a	17	0	FALSE	16154C
N1a1a1b	N1a1a1	16	0	FALSE	152T 1711T 7750T 8227C 8573A 10143A 10454C 11884G 12358G 16093C
N1a1a2	N1a1a_152!	15	0	FALSE	4721G
N1a1b	N1a1	13	2	FALSE	250C 4529T 8251A 15924G 16391A
I	N1a1b	14	6	FALSE	10034C 16129A!
I1	I	15	6	FALSE	455.T 6734A 9966A 16311C!
I1a	I1	16	1	FALSE	3447G 8616T 16172C
I1a1	I1a	17	5	FALSE	203A 3990T 9947A 9966G! 10915C!
I1a1a	I1a1	18	3	FALSE	9053A
I1a1a1	I1a1a	19	0	FALSE	15547T
I1a1a2	I1a1a	19	0	FALSE	1342T
I1a1a3	I1a1a	19	1	FALSE	16319A
I1a1a3a	I1a1a3	20	0	FALSE	4454C
I1a1b	I1a1	18	0	FALSE	14182C
I1a1c	I1a1	18	0	FALSE	6620C
I1a1d	I1a1	18	0	FALSE	1836G 4023C 13488C 16189C!
I1a1e	I1a1	18	0	FALSE	13404C
I1b	I1	16	0	FALSE	6227C
I1c	I1	16	1	FALSE	8573A 16264T 16319A 16362C
I1c1	I1c	17	1	FALSE	9386C 16270T
I1c1a	I1c1	18	0	FALSE	6267A 6359G
I1d	I1	16	0	FALSE	8161T 13614G 16391G!
I1e	I1	16	0	FALSE	6524C 6755A 7796G
I1f	I1	16	0	FALSE	14971C 16171G 16293C
I2'3	I	15	2	TRUE	152C! 207A
I2	I2'3	16	6	FALSE	15758G
I2a	I2	17	3	FALSE	11065G 16145A
I2a1	I2a	18	1	FALSE	533G 3398C
I2a1a	I2a1	19	0	FALSE	5922T
I2a2	I2a	18	0	FALSE	9266A
I2a3	I2a	18	0	FALSE	2835A 16074G
I2b	I2	17	0	FALSE	6515C 8281-8289d 16166C
I2c	I2	17	0	FALSE	460C 9438A
I2d	I2	17	0	FALSE	6480A
I2e	I2	17	0	FALSE	3591A
I2f	I2	17	0	FALSE	4418C
I3	I2'3	16	4	FALSE	239C
I3a	I3	17	1	FALSE	16086C
I3a1	I3a	18	0	FALSE	2849A
I3b	I3	17	0	FALSE	16491C 16494T
I3c	I3	17	0	FALSE	2628C
I3d	I3	17	1	FALSE	8260C
I3d1	I3d	18	0	FALSE	183G 382T 1900G 14299C
I4	I	15	2	FALSE	8519A
I4a	I4	16	2	FALSE	10819G
I4a1	I4a	17	0	FALSE	16304C
I4a2	I4a	17	0	FALSE	9851T
I4b	I4	16	0	FALSE	2308G 4113A 13662T
I5	I	15	3	FALSE	14233G
I5a	I5	16	4	FALSE	5074C 16148T
I5a1	I5a	17	3	FALSE	8281-8289d 12961G
I5a1a	I5a1	18	0	FALSE	8860A
I5a1b	I5a1	18	0	FALSE	204T! 13602C 15968C
I5a1c	I5a1	18	0	FALSE	6182A
I5a2	I5a	17	1	FALSE	3615G 8742G
I5a2_16086	I5a2	18	1	FALSE	16086C
I5a2a	I5a2_16086	19	0	FALSE	3705A 5096C 5773A 8562T 15941C
I5a3	I5a	17	0	FALSE	150T 5231A 6278C 9190T 12073T 15052G 16301T
I5a4	I5a	17	0	FALSE	574C 12408A 15244G 16192T 16294T
I5b	I5	16	1	FALSE	709A 6506T
I5b1	I5b	17	0	FALSE	199T! 459d 16017C
I5c	I5	16	1	FALSE	16169T
I5c1	I5c	17	0	FALSE	1438A 16075C 16260T
I6	I	15	2	FALSE	3645C
I6a	I6	16	0	FALSE	3915A 6116G 7804G 15287C
I6b	I6	16	0	FALSE	10955T 16185T
I7	I	15	0	FALSE	3534T 4829G 16324C
N1a1b1	N1a1b	14	0	FALSE	143A 710C 10790C 16309G 16311C!
N1a2	N1a1'2	12	0	FALSE	953C 3783A 6713T 7830A 9947A 13437C 16274A 16301T 16356C
N1a3	N1a	11	1	FALSE	189G 195C! 207A 210G 8222C 11025C 11437C 11914A! 13637G 16265G
N1a3a	N1a3	12	3	FALSE	16201T
N1a3a1	N1a3a	13	1	FALSE	210A! 16259T 16270G 16319A
N1a3a1a	N1a3a1	14	0	FALSE	152C! 3672T 5460A 7861C
N1a3a2	N1a3a	13	0	FALSE	5981C 16111T
N1a3a3	N1a3a	13	0	FALSE	152C! 204T! 8308G 8943T 12612G 14560A 16086C
N1b	N1	10	2	FALSE	152C! 1598A 2639T 5471A 8251A 8836G 16176G 16390A
N1b1	N1b	11	2	FALSE	1703T 3921A 4960T 8472T 12822G 16145A
N1b1a	N1b1	12	7	FALSE	9335T 11362G
N1b1a1	N1b1a	13	0	FALSE	455.T 1703C! 8084G
N1b1a2	N1b1a	13	2	FALSE	4904T
N1b1a2a	N1b1a2	14	0	FALSE	8264T
N1b1a2b	N1b1a2	14	0	FALSE	3221G 4820A 5291C 8309T
N1b1a3	N1b1a	13	0	FALSE	9957C
N1b1a5	N1b1a	13	0	FALSE	4967C
N1b1a6	N1b1a	13	0	FALSE	7010T 8469C
N1b1a_195!	N1b1a	13	2	FALSE	195C!
N1b1a7	N1b1a_195!	14	0	FALSE	1406C
N1b1a8	N1b1a_195!	14	2	FALSE	16126C
N1b1a8a	N1b1a8	15	0	FALSE	12297C 16223C
N1b1a8b	N1b1a8	15	0	FALSE	13419G
N1b1a_16129!	N1b1a	13	1	FALSE	16129A!
N1b1a4	N1b1a_16129!	14	1	FALSE	185A 188G 8763C
N1b1a4a	N1b1a4	15	0	FALSE	8261G 8410T 16291T
N1b1b	N1b1	12	1	FALSE	4735A 4917G 11928G 12092T 13129T 13710G 16176T
N1b1b1	N1b1b	13	0	FALSE	14581C
N1b2	N1b	11	0	FALSE	1719G! 5507A 12026G 15784C 16258C
N5	N1'5	9	1	FALSE	5063C 7076G 9545G 11626C 16111T 16311C!
N5a	N5	10	0	FALSE	131C 199C 228A 234G 374G 6974G 15119A 16144C 16185T 16261T 16319A
N2	N	8	2	FALSE	189G 709A 5046A 11674T 12414C
N2a	N2	9	2	FALSE	199C 739T 7581C 15106A 16153A 16319A
N2a1	N2a	10	0	FALSE	14152G 16111T
N2a2	N2a	10	0	FALSE	4065G
W	N2	9	2	FALSE	195C! 204C 207A 1243C 3505G 5460A 8251A 8994A 11947G 15884C 16292T
W1	W	10	8	FALSE	7864T
W1_119	W1	11	2	FALSE	119C
W1c	W1_119	12	1	FALSE	14148G
W1c1	W1c	13	0	FALSE	11204C 12648G 16184T
W1i	W1_119	12	0	FALSE	5580C
W1a	W1	11	0	FALSE	5495C 12669T
W1b	W1	11	1	FALSE	227G 4928C 9612A
W1b1	W1b	12	0	FALSE	10086G
W1d	W1	11	0	FALSE	189A! 194T 200G 8383C 9278T 14981C 16260T 16292C! 16298C
W1e	W1	11	1	FALSE	8659G 8887G
W1e1	W1e	12	1	FALSE	16295T
W1e1a	W1e1	13	0	FALSE	10398G! 16324C
W1f	W1	11	0	FALSE	9950C
W1g	W1	11	0	FALSE	16320T
W1h	W1	11	1	FALSE	16145A
W1h1	W1h	12	0	FALSE	513C
W_194	W	10	7	FALSE	194T
W3	W_194	11	2	FALSE	1406C
W3a	W3	12	2	FALSE	15784C
W3a1	W3a	13	3	FALSE	13263G
W3a1_199	W3a1	14	2	FALSE	199C
W3a1c	W3a1_199	15	0	FALSE	7269A
W3a1d	W3a1_199	15	0	FALSE	10398A
W3a1a	W3a1	14	3	FALSE	7151T
W3a1a1	W3a1a	15	0	FALSE	3421A
W3a1a2	W3a1a	15	0	FALSE	5585A 9127G
W3a1a3	W3a1a	15	0	FALSE	15109C
W3a1b	W3a1	14	0	FALSE	10245C
W3a2	W3a	13	0	FALSE	5291C 16209C 16255A
W3b	W3	12	1	FALSE	199C 12923T
W3b1	W3b	13	0	FALSE	189A! 7058C
W4	W_194	11	4	FALSE	143A 196C
W4a	W4	12	1	FALSE	192C
W4a1	W4a	13	0	FALSE	3531A 16292C!
W4b	W4	12	0	FALSE	7444A
W4c	W4	12	0	FALSE	11947A!
W4d	W4	12	0	FALSE	16082T
W5	W_194	11	2	FALSE	6528T 15775G
W5a	W5	12	2	FALSE	10097G 16362C
W5a1	W5a	13	1	FALSE	10410C
W5a1a	W5a1	14	1	FALSE	4363C
W5a1a1	W5a1a	15	1	FALSE	9275G
W5a1a1a	W5a1a1	16	0	FALSE	57C 60.T 139C
W5a2	W5a	13	1	FALSE	150T
W5a2b	W5a2	14	0	FALSE	3644C 16177G
W5b	W5	12	1	FALSE	60.TT 64-65d 11696A
W5b1	W5b	13	1	FALSE	58C 66C
W5b1a	W5b1	14	0	FALSE	195T 8618C 9809G
W6	W_194	11	4	FALSE	4093G 8614C 16325C
W6a	W6	12	0	FALSE	8610C
W6b	W6	12	1	FALSE	4646C 6297C 8705C
W6b1	W6b	13	0	FALSE	7269A
W6c	W6	12	1	FALSE	8002T 8658T
W6c1	W6c	13	1	FALSE	8149G
W6c1a	W6c1	14	0	FALSE	16211T
W6d	W6	12	0	FALSE	9211T
W7	W_194	11	0	FALSE	185A
W8	W_194	11	0	FALSE	5147A 8697A
W9	W_194	11	0	FALSE	14097T
N3	N	8	2	FALSE	146C! 210G 571T 1005C 3357A 6366A 6806G 7897A 8653G 8937C 10586A 14634C 16086C 16172C 16187T! 16189C! 16217C
N3a	N3	9	1	FALSE	5048C 9815T 11128G
N3a1	N3a	10	0	FALSE	14569A
N3b	N3	9	0	FALSE	5553C 9211T 15670C
N7	N	8	2	FALSE	723G 6570T 11617C 13542G 14668T 15945T 16129A!
N7a	N7	9	2	FALSE	75T 152C! 279C 508G 3396C 5261A 5390G 6710G 9254G 9438A 16051G 16063C
N7a1	N7a	10	0	FALSE	709A 16166d 16463G 16466G
N7a2	N7a	10	0	FALSE	10370C 16173T 16355T
N7b	N7	9	0	FALSE	1503A 1888A 3391A 5135T 8483G 12906T 14485T
N8	N	8	0	FALSE	2760G 3027C 7885C 7961C 8188G 10398G! 13710G 15211T 16263C 16274A 16311C! 16343G
N9	N	8	3	FALSE	5417A
N9a	N9	9	7	FALSE	150T 5231A 12358G 12372A 16257A 16261T
N9a1'3	N9a	10	2	TRUE	16129A!
N9a1	N9a1'3	11	1	FALSE	4386C 12007A 16111T
N9a1a	N9a1	12	0	FALSE	15095G
N9a3	N9a1'3	11	0	FALSE	4129G 12354C 12612G
N9a2'4'5'11	N9a	10	4	TRUE	16172C
N9a2	N9a2'4'5'11	11	3	FALSE	961C 15067C
N9a2a	N9a2	12	3	FALSE	16497G
N9a2a1	N9a2a	13	0	FALSE	338T 14968C 16304C
N9a2a2	N9a2a	13	0	FALSE	14148G
N9a2a3	N9a2a	13	0	FALSE	4688A 5553G
N9a2c	N9a2	12	0	FALSE	10685A 13857G 16250T
N9a2d	N9a2	12	0	FALSE	3537G 11016A
N9a4	N9a2'4'5'11	11	2	FALSE	1664A 16145A 16245T
N9a4a	N9a4	12	0	FALSE	4820A
N9a4b	N9a4	12	1	FALSE	16092C
N9a4b1	N9a4b	13	0	FALSE	9156G
N9a5	N9a2'4'5'11	11	0	FALSE	3729G 15883A 16189C! 16209C
N9a11	N9a2'4'5'11	11	0	FALSE	195C! 453A 6092C 9180G 10801A 13934T 14581C 16311C!
N9a6	N9a	10	2	FALSE	4856C 16292T
N9a6a	N9a6	11	0	FALSE	13742T 15080G 16294T
N9a6b	N9a6	11	0	FALSE	10530C 14364A 16342C
N9a7	N9a	10	0	FALSE	14016A 16291T
N9a8	N9a	10	0	FALSE	11368C 15090C
N9a9	N9a	10	0	FALSE	2887C
N9a10	N9a	10	2	FALSE	12771A
N9a10_16311!	N9a10	11	1	FALSE	16311C!
N9a10b	N9a10_16311!	12	0	FALSE	42.G 6899A
N9a10a	N9a10	11	2	FALSE	9755A 11968T 16261C!
N9a10a1	N9a10a	12	0	FALSE	9821G
N9a10a2	N9a10a	12	1	FALSE	9428C
N9a10a2a	N9a10a2	13	0	FALSE	5773A
N9b	N9	9	4	FALSE	5147A 10607T 11016A 13183G 14893G 16189C!
N9b1	N9b	10	3	FALSE	12501A
N9b1a	N9b1	11	0	FALSE	9410G
N9b1b	N9b1	11	0	FALSE	7830A 16129A! 16390A
N9b1c	N9b1	11	1	FALSE	94A
N9b1c1	N9b1c	12	0	FALSE	207A
N9b2	N9b	10	1	FALSE	16294T
N9b2a	N9b2	11	0	FALSE	16309G
N9b3	N9b	10	0	FALSE	14996A
N9b4	N9b	10	0	FALSE	16187d 16188T
Y	N9	9	2	FALSE	8392A 10398G! 14178C 14693G 16126C 16223C 16231C
Y1	Y	10	2	FALSE	146C! 3834A
Y1a	Y1	11	2	FALSE	7933G
Y1a1	Y1a	12	0	FALSE	12732C
Y1a_16189!	Y1a	12	1	FALSE	16189C!
Y1a2	Y1a_16189!	13	0	FALSE	12397G
Y1b	Y1	11	1	FALSE	10097G 15460T
Y1b1	Y1b	12	1	FALSE	15221A
Y1b1a	Y1b1	13	0	FALSE	9278T
Y2	Y	10	2	FALSE	482C 5147A 6941C 7859A 14914G 15244G 16311C!
Y2a	Y2	11	1	FALSE	12161C
Y2a1	Y2a	12	1	FALSE	11299C
Y2a1a	Y2a1	13	0	FALSE	2856T 13135A
Y2b	Y2	11	0	FALSE	338T
N10	N	8	2	FALSE	750A 5581G 16172C 16362C
N10a	N10	9	0	FALSE	185A 189G 3543T 3873G 4562G 7853A 10373A 12136C 13434G 13928C 14953T 15211T 16189C!
N10b	N10	9	0	FALSE	150T 152C! 199C 709A 2010C 2707C 4977C 6245G 8130T 8167C 9459T 10345C 12092A 14053G 15226G 16069T 16278T! 16291A 16298C
N11	N	8	2	FALSE	11581A
N11a	N11	9	2	FALSE	195C! 813G 6674C 7975G 8618C 10289G 10908C 14311C 14431C 14502C 15514C 15900C 16355T
N11a1	N11a	10	0	FALSE	12634G 16189C!
N11a2	N11a	10	0	FALSE	8928C 9180G 14220G 16176T 16232T
N11b	N11	9	0	FALSE	150T 261T 3736A 4080C 5234T 6092C 6620C 7356A 8512G 8867C 9503G 9596G 10321C 11204C 11728T 12401T 14357G 16129A! 16193T 16209C 16270T 16291T
N13	N	8	0	FALSE	146C! 152C! 178G 195C! 2831A 5704T 6896C 10101C 11020G 13263G 16066G 16261T 16290T
N14	N	8	0	FALSE	1598A 1888A 4917G 5291C 8251A 8269A 11491G 14384C 15040T 15884C
N21	N	8	1	FALSE	150T 337d 6752G 8701G! 10583G 13437C 14560A 16193T
N21_195!	N21	9	1	FALSE	195C!
N21a	N21_195!	10	0	FALSE	9512T 13135A 16291T
N22	N	8	1	FALSE	150T 942G 7158G 9254G 11365C 16168T 16249C
N22a	N22	9	0	FALSE	292.AT 9159T 12025T 14587G 16017C
O	N	8	1	FALSE	6755A 9140T 16213A
O1	O	9	1	FALSE	152C! 509T 5563A 6221C 15300C 15852C 15885T 16303A 16362C
O1a	O1	10	0	FALSE	5460A 15924G
R	N	8	18	FALSE	12705C 16223C
P	R	9	7	FALSE	15607G
P3	P	10	2	FALSE	127C 128T 3645C 14338T 15748C 15937T
P3a	P3	11	0	FALSE	125C 5899d 6734A 13651G 16145A 16278T!
P3b	P3	11	1	FALSE	236C 12121C 13934T
P3b1	P3b	12	0	FALSE	152C! 259G 263A 14053G 15937G 16327T 16399G
P4	P	10	2	FALSE	1719A 5460A 10398G!
P4a	P4	11	1	FALSE	152C! 507C 517G 3915A 4216C 7852A 9587G 9755A 10463C 11167G 11641G 12358G 13135A 14512C 15314A 16319A
P4a1	P4a	12	0	FALSE	4814T 13468T 14696G
P4b	P4	11	1	FALSE	10914A 11016A 11288T 16274A 16291T
P4b1	P4b	12	0	FALSE	591A 3010A 5276G 5460G! 6881G 10088T 16337T 16362C
P5	P	10	0	FALSE	152C! 1438A 7419A 7657C 9509C 12406A 12831T 13368A 15412C 15970C 16192T 16311C!
P6	P	10	0	FALSE	6719C 16311C! 16362C
P7	P	10	0	FALSE	152C! 374G 1598A 2283T 6249A 7325G 8387A 10373A 10810C! 12026G 12235C 12361G 14502C 15613G 16148T 16234T
P9	P	10	1	FALSE	3172A 14788C
P9a	P9	11	0	FALSE	13452A
P_16176	P	10	3	FALSE	16176T
P1	P_16176	11	2	FALSE	212C 6077T 10118C 16266T 16357C
P1_152!	P1	12	2	FALSE	152C!
P1e	P1_152!	13	0	FALSE	
P1f	P1_152!	13	0	FALSE	146C! 6671C 7569G 12361G 16438A
P1d	P1	12	2	FALSE	12346T
P1d1	P1d	13	1	FALSE	16270T
P1d1a	P1d1	14	0	FALSE	5969T
P1d2	P1d	13	1	FALSE	12711G 15479C
P1d2a	P1d2	14	0	FALSE	7624C 16209C
P2'10	P_16176	11	2	TRUE	3882A
P2	P2'10	12	0	FALSE	1438A 3203G 4122G 8859T 14890G 16176C!
P10	P2'10	12	0	FALSE	710C 1673C 3738T 4314C 5915T 6131G 6446A 6740G 8158T 8664G 9077C 11914A! 12642G 13810A 13958C 15811T 15839T 15924G 16145A 16224C 16233G 16311C! 16456A 16527T
P8	P_16176	11	0	FALSE	152C! 3391A 5237A 7805A 8167C 8614C 11065G 11353C 11404G 12414C 12756A 15110A 15511C 15521C 16241T 16261T 16362C
R0	R	9	2	FALSE	73A 11719G
HV	R0	10	12	FALSE	14766C
H	HV	11	86	FALSE	2706A 7028C
H1	H	12	65	FALSE	3010A
H1_152!	H1	13	3	FALSE	152C!
H1an	H1_152!	14	2	FALSE	15394C
H1an1	H1an	15	1	FALSE	13050G
H1an1a	H1an1	16	0	FALSE	4454C
H1an2	H1an	15	0	FALSE	151T 16325C
H1bb	H1_152!	14	0	FALSE	11864C
H1i	H1_152!	14	2	FALSE	6237A
H1i1	H1i	15	0	FALSE	9300A
H1i2	H1i	15	1	FALSE	12346T
H1i2a	H1i2	16	0	FALSE	12026G
H1_16189!	H1	13	11	FALSE	16189C!
H1aa	H1_16189!	14	1	FALSE	4131G
H1aa1	H1aa	15	0	FALSE	11914A!
H1ab	H1_16189!	14	1	FALSE	15047A
H1ab1	H1ab	15	0	FALSE	16234T
H1ac	H1_16189!	14	0	FALSE	11893G
H1ad	H1_16189!	14	0	FALSE	3504C
H1b	H1_16189!	14	5	FALSE	16356C
H1b1	H1b	15	5	FALSE	3796G
H1b1_16362	H1b1	16	5	FALSE	16362C
H1b1a	H1b1_16362	17	0	FALSE	8348G
H1b1b	H1b1_16362	17	0	FALSE	16129A! 16355T
H1b1c	H1b1_16362	17	0	FALSE	10455G
H1b1d	H1b1_16362	17	0	FALSE	93G
H1b1h	H1b1_16362	17	0	FALSE	7960G
H1b1e	H1b1	16	1	FALSE	9698C
H1b1e1	H1b1e	17	0	FALSE	11962G
H1b1f	H1b1	16	0	FALSE	2145A 16114T
H1b1g	H1b1	16	0	FALSE	64T 195C! 1438A
H1b1i	H1b1	16	0	FALSE	4823C
H1b2	H1b	15	1	FALSE	8251A 16080G
H1b2a	H1b2	16	1	FALSE	183G 8286C 16360T
H1b2a1	H1b2a	17	0	FALSE	7691C
H1b3	H1b	15	0	FALSE	16075C
H1b4	H1b	15	0	FALSE	11029G
H1b5	H1b	15	0	FALSE	12130C
H1cc	H1_16189!	14	0	FALSE	72C 6261A 16291T
H1f	H1_16189!	14	1	FALSE	4452C 9066G
H1f_16093	H1f	15	1	FALSE	16093C
H1f1	H1f_16093	16	1	FALSE	7309C
H1f1a	H1f1	17	0	FALSE	459d
H1g	H1_16189!	14	2	FALSE	14212C
H1g1	H1g	15	0	FALSE	8602C
H1g2	H1g	15	0	FALSE	9230C
H1k	H1_16189!	14	1	FALSE	16290T
H1k1	H1k	15	1	FALSE	5206T 15766G
H1k1a	H1k1	16	0	FALSE	2887C
H1y	H1_16189!	14	0	FALSE	15299C
H1z	H1_16189!	14	1	FALSE	327T 11428T
H1z1	H1z	15	0	FALSE	10632C 16311C!
H1_16239	H1	13	4	FALSE	16239T
H1bf	H1_16239	14	1	FALSE	13768C
H1bf1	H1bf	15	0	FALSE	16242T
H1bg	H1_16239	14	0	FALSE	5054A 7849T
H1bh	H1_16239	14	0	FALSE	11377A
H1ch	H1_16239	14	0	FALSE	1462A
H1_16278!	H1	13	2	FALSE	16278T!
H1ao	H1_16278!	14	1	FALSE	93G 146C! 11809C
H1ao1	H1ao	15	0	FALSE	11914A!
H1cg	H1_16278!	14	0	FALSE	4767G
H1_16311!	H1	13	1	FALSE	16311C!
H1cd	H1_16311!	14	0	FALSE	9722C 10316G 12373G 16217C
H1_16355	H1	13	2	FALSE	16355T
H1ck	H1_16355	14	0	FALSE	7604A
H1o	H1_16355	14	0	FALSE	150T 14053G
H1a	H1	13	9	FALSE	73G! 16162G
H1a1	H1a	14	3	FALSE	6365C 16209C
H1a1a	H1a1	15	1	FALSE	4639C
H1a1a1	H1a1a	16	0	FALSE	10993A
H1a1b	H1a1	15	0	FALSE	7961C
H1a1c	H1a1	15	0	FALSE	16172C
H1a2	H1a	14	0	FALSE	8271T
H1a3	H1a	14	4	FALSE	16051G
H1a3a	H1a3	15	4	FALSE	14978G
H1a3a1	H1a3a	16	0	FALSE	3396C
H1a3a2	H1a3a	16	0	FALSE	42.G
H1a3a3	H1a3a	16	0	FALSE	8468T! 16259T
H1a3a4	H1a3a	16	0	FALSE	534T
H1a3b	H1a3	15	1	FALSE	16465T
H1a3b1	H1a3b	16	0	FALSE	9053A
H1a3c	H1a3	15	1	FALSE	16266T
H1a3c1	H1a3c	16	0	FALSE	16213A
H1a3d	H1a3	15	0	FALSE	11950G
H1a4	H1a	14	0	FALSE	9341T
H1a5	H1a	14	0	FALSE	8839A 15789T
H1a6	H1a	14	0	FALSE	151T 11893G 16189C!
H1a7	H1a	14	0	FALSE	5747G
H1a8	H1a	14	1	FALSE	8537G
H1a8a	H1a8	15	0	FALSE	7080C
H1a9	H1a	14	0	FALSE	8334A 16167T
H1ae	H1	13	3	FALSE	15553A
H1ae1	H1ae	14	0	FALSE	8470G
H1ae2	H1ae	14	1	FALSE	11696A
H1ae2a	H1ae2	15	0	FALSE	8843C
H1ae3	H1ae	14	1	FALSE	8723A 12771A
H1ae3a	H1ae3	15	0	FALSE	5231A
H1af	H1	13	2	FALSE	16357C
H1af1	H1af	14	2	FALSE	15646T
H1af1a	H1af1	15	0	FALSE	9078C
H1af1b	H1af1	15	0	FALSE	16129A!
H1af2	H1af	14	0	FALSE	4137T
H1ag	H1	13	1	FALSE	14869A
H1ag1	H1ag	14	2	FALSE	6272G
H1ag1a	H1ag1	15	0	FALSE	12940A 16218T
H1ag1b	H1ag1	15	0	FALSE	6734A
H1ah	H1	13	2	FALSE	8950A 12507G
H1ah1	H1ah	14	0	FALSE	3411G 7412T 16248T
H1ah2	H1ah	14	0	FALSE	6261A 16212G
H1ai	H1	13	1	FALSE	15088T
H1ai1	H1ai	14	0	FALSE	6722A
H1aj	H1	13	1	FALSE	14133G
H1aj1	H1aj	14	1	FALSE	8618C 16192T
H1aj1a	H1aj1	15	0	FALSE	207A 9621A 16172C 16456A
H1ak	H1	13	2	FALSE	3666A
H1ak1	H1ak	14	0	FALSE	5393C
H1ak2	H1ak	14	0	FALSE	4435G
H1am	H1	13	1	FALSE	4763A
H1am1	H1am	14	0	FALSE	5309G
H1ap	H1	13	1	FALSE	8410T
H1ap1	H1ap	14	0	FALSE	152C! 5780A 16189C!
H1aq	H1	13	1	FALSE	13386C
H1aq1	H1aq	14	0	FALSE	15304A 16218T
H1ar	H1	13	1	FALSE	183G 16468C
H1ar1	H1ar	14	0	FALSE	11890G 16302G
H1as	H1	13	2	FALSE	4688C
H1as1	H1as	14	1	FALSE	150T 6216C
H1as1a	H1as1	15	0	FALSE	16261T
H1as2	H1as	14	0	FALSE	980C
H1at	H1	13	1	FALSE	15758G
H1at1	H1at	14	1	FALSE	7337A
H1at1a	H1at1	15	0	FALSE	12136C
H1au	H1	13	1	FALSE	16148T
H1au1	H1au	14	2	FALSE	11515A
H1au1a	H1au1	15	0	FALSE	1664A
H1au1b	H1au1	15	0	FALSE	1719A
H1av	H1	13	1	FALSE	7762A
H1av1	H1av	14	1	FALSE	150T
H1av1a	H1av1	15	0	FALSE	4674G
H1aw	H1	13	1	FALSE	460C 8701G! 16129A!
H1aw1	H1aw	14	0	FALSE	7403G
H1ax	H1	13	1	FALSE	5054C 7471T 8429T
H1ax1	H1ax	14	0	FALSE	14861A
H1ay	H1	13	0	FALSE	9708C
H1az	H1	13	0	FALSE	8308G
H1ba	H1	13	1	FALSE	16270T
H1ba1	H1ba	14	0	FALSE	16276C
H1bc	H1	13	0	FALSE	152C! 10325A
H1bd	H1	13	0	FALSE	9966A
H1be	H1	13	0	FALSE	10750G 13035T
H1bi	H1	13	0	FALSE	3745A
H1bj	H1	13	0	FALSE	10295G
H1bk	H1	13	0	FALSE	11084G
H1bm	H1	13	0	FALSE	4216C
H1bn	H1	13	0	FALSE	8245G
H1bo	H1	13	0	FALSE	267C 485C 6446T 11002G 15844G
H1bp	H1	13	0	FALSE	10003C
H1bq	H1	13	0	FALSE	14467G
H1br	H1	13	0	FALSE	10454C
H1bs	H1	13	0	FALSE	16220C
H1bt	H1	13	1	FALSE	16527T
H1bt1	H1bt	14	0	FALSE	10348C 12007A
H1bu	H1	13	0	FALSE	1811G 5558G
H1bv	H1	13	1	FALSE	12681C
H1bv1	H1bv	14	0	FALSE	8164T 16362C
H1bw	H1	13	0	FALSE	8478T
H1bx	H1	13	0	FALSE	789C 8740T
H1bz	H1	13	0	FALSE	1531T 4924A 16240G
H1c	H1	13	22	FALSE	477C
H1c1	H1c	14	4	FALSE	9150G 16263C
H1c1_16093	H1c1	15	1	FALSE	16093C
H1c1d	H1c1_16093	16	0	FALSE	10192T
H1c1a	H1c1	15	1	FALSE	9380A
H1c1a1	H1c1a	16	0	FALSE	9007G
H1c1b	H1c1	15	0	FALSE	16316G
H1c1c	H1c1	15	0	FALSE	1926G 16295T
H1c2	H1c	14	1	FALSE	12858T
H1c2a	H1c2	15	0	FALSE	8764A
H1c3	H1c	14	2	FALSE	257G 8473C
H1c3a	H1c3	15	0	FALSE	146C! 16176T 16219G
H1c3b	H1c3	15	0	FALSE	16189C! 16362C
H1c4	H1c	14	2	FALSE	13759A
H1c4a	H1c4	15	1	FALSE	7299G
H1c4a1	H1c4a	16	0	FALSE	15315T
H1c4b	H1c4	15	1	FALSE	16355T
H1c4b1	H1c4b	16	0	FALSE	6074T
H1c5	H1c	14	1	FALSE	8803G
H1c5a	H1c5	15	0	FALSE	152C! 249d
H1c6	H1c	14	0	FALSE	5979A
H1c7	H1c	14	0	FALSE	14350T
H1c8	H1c	14	0	FALSE	1462A 14182A
H1c10	H1c	14	0	FALSE	3531A 8417A
H1c11	H1c	14	0	FALSE	6629G
H1c12	H1c	14	0	FALSE	4484T
H1c13	H1c	14	0	FALSE	8645G
H1c14	H1c	14	0	FALSE	10365A 12627G 15758G
H1c15	H1c	14	0	FALSE	12310.A
H1c16	H1c	14	0	FALSE	6267A
H1c17	H1c	14	0	FALSE	15325C
H1c18	H1c	14	0	FALSE	4562G 12636T
H1c19	H1c	14	0	FALSE	7379A
H1c20	H1c	14	0	FALSE	8730G
H1c21	H1c	14	0	FALSE	4767G
H1c22	H1c	14	0	FALSE	10679G
H1c_152!	H1c	14	1	FALSE	152C!
H1c9	H1c_152!	15	1	FALSE	13203G
H1c9a	H1c9	16	0	FALSE	9377G
H1ca	H1	13	0	FALSE	4316G 6515G
H1cf	H1	13	0	FALSE	16260T
H1ci	H1	13	0	FALSE	12454A 14914G 15016T
H1cj	H1	13	0	FALSE	3221G 8705C 9581C 11204C 16129A!
H1e	H1	13	8	FALSE	5460A
H1e1	H1e	14	3	FALSE	8512G
H1e1a	H1e1	15	8	FALSE	14902T
H1e1a1	H1e1a	16	0	FALSE	93G 5301G 5387T 14491T
H1e1a2	H1e1a	16	0	FALSE	13326C
H1e1a3	H1e1a	16	0	FALSE	16111A
H1e1a4	H1e1a	16	0	FALSE	709A 7196T 11113C 11371G 16311C!
H1e1a5	H1e1a	16	0	FALSE	1900C 2320G 4823C 6216C 12915A 15884A 16066G
H1e1a6	H1e1a	16	0	FALSE	150T
H1e1a7	H1e1a	16	0	FALSE	14581C
H1e1a_16278!	H1e1a	16	1	FALSE	16278T!
H1e1a8	H1e1a_16278!	17	0	FALSE	195C! 4781G
H1e1b	H1e1	15	1	FALSE	453C
H1e1b1	H1e1b	16	2	FALSE	13590A
H1e1b1a	H1e1b1	17	0	FALSE	8023C
H1e1b1b	H1e1b1	17	0	FALSE	1812T 4673G
H1e1c	H1e1	15	0	FALSE	3745A
H1e2	H1e	14	4	FALSE	15817G
H1e2a	H1e2	15	0	FALSE	12070A
H1e2b	H1e2	15	0	FALSE	983T
H1e2c	H1e2	15	0	FALSE	73G!
H1e2d	H1e2	15	0	FALSE	3548C
H1e4	H1e	14	1	FALSE	3316A
H1e4a	H1e4	15	0	FALSE	16114T
H1e5	H1e	14	2	FALSE	16256T
H1e5a	H1e5	15	0	FALSE	9110C
H1e5b	H1e5	15	0	FALSE	10922G
H1e6	H1e	14	0	FALSE	9554A
H1e7	H1e	14	0	FALSE	3511G
H1e8	H1e	14	1	FALSE	5746A
H1e8a	H1e8	15	0	FALSE	7119A
H1e_16129!	H1e	14	1	FALSE	16129A!
H1e3	H1e_16129!	15	0	FALSE	93G 1462A 4883T
H1h	H1	13	2	FALSE	7013A
H1h1	H1h	14	0	FALSE	11914A!
H1h2	H1h	14	0	FALSE	2851G 14148G 14420T
H1j	H1	13	9	FALSE	4733C
H1j1	H1j	14	3	FALSE	16129A!
H1j1a	H1j1	15	2	FALSE	3849A
H1j1a1	H1j1a	16	0	FALSE	447G
H1j1a2	H1j1a	16	0	FALSE	11144T
H1j1b	H1j1	15	0	FALSE	11087C
H1j1c	H1j1	15	0	FALSE	9181G 11963C
H1j2	H1j	14	1	FALSE	1821G 13708A 16291T
H1j2a	H1j2	15	0	FALSE	316A
H1j3	H1j	14	0	FALSE	5249C
H1j4	H1j	14	0	FALSE	16312G
H1j5	H1j	14	0	FALSE	9290A 10256C
H1j6	H1j	14	0	FALSE	709A 3084G 9653C
H1j7	H1j	14	0	FALSE	6353G 14178C 15497A
H1j8	H1j	14	0	FALSE	2222G 16240G
H1j9	H1j	14	0	FALSE	2626C
H1m	H1	13	1	FALSE	15323A
H1m1	H1m	14	0	FALSE	146C! 4171T 9468G
H1n	H1	13	2	FALSE	2098A
H1n6	H1n	14	0	FALSE	552A 11551G 14221C
H1n_146!	H1n	14	5	FALSE	146C!
H1n1	H1n_146!	15	2	FALSE	15742A
H1n1a	H1n1	16	0	FALSE	11339C
H1n1b	H1n1	16	0	FALSE	15924G 16468C
H1n2	H1n_146!	15	0	FALSE	5483C 13431T
H1n3	H1n_146!	15	0	FALSE	7295G
H1n4	H1n_146!	15	0	FALSE	11914A!
H1n_146!_195!	H1n_146!	15	1	FALSE	195C!
H1n5	H1n_146!_195!	16	0	FALSE	471C
H1p	H1	13	0	FALSE	13470G
H1q	H1	13	3	FALSE	4859C
H1q1	H1q	14	1	FALSE	12366G
H1q1a	H1q1	15	0	FALSE	16256T
H1q2	H1q	14	0	FALSE	15941C
H1q3	H1q	14	0	FALSE	8856A 14258A 16037G
H1r	H1	13	1	FALSE	9356T
H1r1	H1r	14	0	FALSE	146C! 16278T!
H1s	H1	13	1	FALSE	8572A
H1s1	H1s	14	0	FALSE	12172G
H1t	H1	13	2	FALSE	9986A
H1t1	H1t	14	1	FALSE	14129T
H1t1a	H1t1	15	1	FALSE	14224G
H1t1a1	H1t1a	16	0	FALSE	16266T
H1t2	H1t	14	0	FALSE	5978G
H1u	H1	13	2	FALSE	9923T
H1u1	H1u	14	0	FALSE	7975G
H1u2	H1u	14	0	FALSE	3483A 16320T
H1v	H1	13	1	FALSE	10314T
H1v1	H1v	14	2	FALSE	4313C
H1v1a	H1v1	15	0	FALSE	9148C
H1v1b	H1v1	15	0	FALSE	14560A
H1w	H1	13	0	FALSE	8966C
H1x	H1	13	0	FALSE	7765G 10410A 16037G 16256T
H2	H	12	2	FALSE	1438A
H2_152!	H2	13	2	FALSE	152C! 16311C!
H2b	H2_152!	14	0	FALSE	8598C
H2c	H2_152!	14	1	FALSE	13708A 13934T
H2c1	H2c	15	0	FALSE	152T 194T 205A 3334G
H2a	H2	13	5	FALSE	4769A
H2a1	H2a	14	12	FALSE	951A 16354T
H2a1_146!	H2a1	15	1	FALSE	146C!
H2a1n	H2a1_146!	16	0	FALSE	4659A
H2a1a	H2a1	15	2	FALSE	6173T 13095C
H2a1a1	H2a1a	16	0	FALSE	979T 3567T 12127A 13272T
H2a1a2	H2a1a	16	0	FALSE	6620C 9862A 11077G 14494C
H2a1b	H2a1	15	2	FALSE	5978G 13395G
H2a1b1	H2a1b	16	0	FALSE	210G
H2a1b2	H2a1b	16	0	FALSE	72G 2195G 16256T
H2a1c	H2a1	15	0	FALSE	3834A
H2a1d	H2a1	15	0	FALSE	4769G! 6260A 8679G
H2a1e	H2a1	15	1	FALSE	575T
H2a1e1	H2a1e	16	2	FALSE	751G
H2a1e1a	H2a1e1	17	1	FALSE	16124C
H2a1e1a1	H2a1e1a	18	0	FALSE	16148T 16166G
H2a1e1b	H2a1e1	17	0	FALSE	4715G
H2a1f	H2a1	15	2	FALSE	16193T
H2a1f1	H2a1f	16	0	FALSE	127C
H2a1f2	H2a1f	16	0	FALSE	150T
H2a1g	H2a1	15	0	FALSE	8065A
H2a1i	H2a1	15	0	FALSE	113T 16145A
H2a1j	H2a1	15	0	FALSE	444G 14189G
H2a1k	H2a1	15	0	FALSE	3396C
H2a1m	H2a1	15	0	FALSE	195C! 2442C
H2a2	H2a	14	3	FALSE	750A
H2a2_s	H2a2	15	0	FALSE	
H2a2_s4	H2a2	15	1	FALSE	
H2a2b	H2a2_s4	16	5	FALSE	16291T
H2a2b1	H2a2b	17	1	FALSE	16293G
H2a2b1a	H2a2b1	18	1	FALSE	3388A
H2a2b1a1	H2a2b1a	19	0	FALSE	16400T
H2a2b2	H2a2b	17	0	FALSE	8634C
H2a2b3	H2a2b	17	0	FALSE	4080C
H2a2b4	H2a2b	17	0	FALSE	5460A
H2a2b5	H2a2b	17	1	FALSE	14305A
H2a2b5a	H2a2b5	18	0	FALSE	11914A! 12954C
H2a2a	H2a2	15	2	FALSE	8860A 15326A
H2a2a1a	H2a2a	16	7	FALSE	15314A
H2a2a1b	H2a2a1a	17	0	FALSE	9299G
H2a2a1c	H2a2a1a	17	0	FALSE	6632C 16051G
H2a2a1d	H2a2a1a	17	0	FALSE	16172C
H2a2a1e	H2a2a1a	17	0	FALSE	8182T
H2a2a1f	H2a2a1a	17	0	FALSE	93G
H2a2a1g	H2a2a1a	17	0	FALSE	16189C!
H2a2a1h	H2a2a1a	17	0	FALSE	16320T
H2a2a2	H2a2a	16	0	FALSE	152C! 6716G
H2a3	H2a	14	2	FALSE	10810C! 16274A
H2a3a	H2a3	15	1	FALSE	1462A
H2a3a1	H2a3a	16	0	FALSE	2749G
H2a3b	H2a3	15	0	FALSE	14693G
H2a4	H2a	14	0	FALSE	11140T
H2a5	H2a	14	2	FALSE	13708A
H2a5a	H2a5	15	1	FALSE	1842G
H2a5a1	H2a5a	16	2	FALSE	16291T
H2a5a1a	H2a5a1	17	0	FALSE	4592C
H2a5a1b	H2a5a1	17	0	FALSE	11233C
H2a5b	H2a5	15	2	FALSE	8843C
H2a5b1	H2a5b	16	0	FALSE	249d
H2a5b2	H2a5b	16	0	FALSE	11086G 16183G
H3	H	12	38	FALSE	6776C
H3_73!	H3	13	1	FALSE	73G!
H3d	H3_73!	14	0	FALSE	761G
H3_152!	H3	13	5	FALSE	152C!
H3a	H3_152!	14	1	FALSE	16239G
H3a1	H3a	15	1	FALSE	13404C
H3a1a	H3a1	16	0	FALSE	14125T
H3g	H3_152!	14	4	FALSE	10754C
H3g1	H3g	15	2	FALSE	3992T 4418C
H3g1a	H3g1	16	0	FALSE	15377G
H3g1b	H3g1	16	0	FALSE	8950A
H3g2	H3g	15	0	FALSE	735G
H3g3	H3g	15	0	FALSE	9196A
H3g4	H3g	15	0	FALSE	13611G
H3i	H3_152!	14	1	FALSE	5893T
H3i1	H3i	15	0	FALSE	5213T
H3j	H3_152!	14	0	FALSE	6351C
H3k	H3_152!	14	1	FALSE	14687G
H3k1	H3k	15	1	FALSE	11590G
H3k1a	H3k1	16	0	FALSE	12217G
H3_16189!	H3	13	1	FALSE	16189C!
H3av	H3_16189!	14	0	FALSE	152C! 7849T 8383C
H3_16311!	H3	13	3	FALSE	16311C!
H3h	H3_16311!	14	7	FALSE	12811C
H3h1	H3h	15	0	FALSE	8705C
H3h2	H3h	15	1	FALSE	5960T
H3h2a	H3h2	16	0	FALSE	16266T
H3h3	H3h	15	2	FALSE	13967T
H3h3a	H3h3	16	0	FALSE	15470C
H3h3b	H3h3	16	0	FALSE	3915A
H3h4	H3h	15	0	FALSE	146C! 217C 11944C 13713T
H3h5	H3h	15	0	FALSE	10589A
H3h6	H3h	15	0	FALSE	4025T
H3h7	H3h	15	0	FALSE	93G
H3m	H3_16311!	14	0	FALSE	14501G
H3n	H3_16311!	14	0	FALSE	15781T 16104T 16176T
H3aa	H3	13	0	FALSE	10535C
H3ab	H3	13	0	FALSE	4386C 10724C
H3ac	H3	13	0	FALSE	6266G
H3ad	H3	13	0	FALSE	5054C
H3ae	H3	13	0	FALSE	12441C
H3af	H3	13	0	FALSE	8470G 16129A!
H3ag	H3	13	1	FALSE	6293C
H3ag1	H3ag	14	0	FALSE	10410C 15204C
H3ah	H3	13	0	FALSE	10247G
H3ai	H3	13	0	FALSE	9693T
H3aj	H3	13	0	FALSE	8718G
H3ak	H3	13	0	FALSE	143A 9325C 16362C
H3am	H3	13	0	FALSE	182T
H3an	H3	13	0	FALSE	251A
H3ao	H3	13	1	FALSE	16256T
H3ao1	H3ao	14	0	FALSE	16170G
H3ap	H3	13	0	FALSE	10915C!
H3aq	H3	13	0	FALSE	1018A!
H3ar	H3	13	0	FALSE	10310A
H3as	H3	13	0	FALSE	9316C
H3at	H3	13	1	FALSE	15224T
H3at1	H3at	14	0	FALSE	2156.A 9525A
H3au	H3	13	0	FALSE	12372A
H3b	H3	13	1	FALSE	2581G
H3b_16129!	H3b	14	7	FALSE	16129A!
H3b1	H3b_16129!	15	2	FALSE	5147A 16256T
H3b1a	H3b1	16	0	FALSE	1290T
H3b1b	H3b1	16	1	FALSE	153G
H3b1b1	H3b1b	17	1	FALSE	13813A 16111T
H3b1b1a	H3b1b1	18	0	FALSE	3832A
H3b2	H3b_16129!	15	0	FALSE	6638C
H3b3	H3b_16129!	15	0	FALSE	4924A
H3b4	H3b_16129!	15	1	FALSE	417A
H3b4a	H3b4	16	0	FALSE	12447G
H3b5	H3b_16129!	15	0	FALSE	5911T
H3b6	H3b_16129!	15	1	FALSE	73G!
H3b6a	H3b6	16	0	FALSE	3396C
H3b7	H3b_16129!	15	0	FALSE	5471A
H3c	H3	13	3	FALSE	12957C
H3c1	H3c	14	0	FALSE	1536G
H3c2	H3c	14	3	FALSE	195C! 16176T
H3c2a	H3c2	15	1	FALSE	14200C
H3c2a1	H3c2a	16	0	FALSE	6425C
H3c2b	H3c2	15	1	FALSE	14305A
H3c2b1	H3c2b	16	0	FALSE	1211A
H3c2c	H3c2	15	0	FALSE	5896T
H3c3	H3c	14	0	FALSE	260A 15769G 16278T!
H3e	H3	13	0	FALSE	1618G 15592G
H3p	H3	13	0	FALSE	16222T
H3q	H3	13	1	FALSE	3970T
H3q1	H3q	14	0	FALSE	12236A
H3r	H3	13	1	FALSE	961C
H3r1	H3r	14	0	FALSE	1888A
H3s	H3	13	0	FALSE	194T 6953G 13105G!
H3t	H3	13	0	FALSE	7148C
H3u	H3	13	1	FALSE	9966A
H3u1	H3u	14	0	FALSE	14319C 15380G 16148T
H3v	H3	13	2	FALSE	408A
H3v1	H3v	14	0	FALSE	3345C 8841T 9117C 10685A
H3v_16093	H3v	14	1	FALSE	16093C
H3v2	H3v_16093	15	0	FALSE	73G! 8939C 12401T 14148G
H3w	H3	13	0	FALSE	3613T 5999C 16248T
H3x	H3	13	1	FALSE	16368C
H3x1	H3x	14	0	FALSE	3615G 8937C 11914A! 16293G
H3y	H3	13	0	FALSE	2352C 4512A 5480G
H3z	H3	13	2	FALSE	293C
H3z1	H3z	14	0	FALSE	12346T 15530C
H3z2	H3z	14	0	FALSE	493G 4315G 15917T
H4	H	12	4	FALSE	3992T 5004C 9123A
H4a	H4	13	2	FALSE	4024G 14582G
H4a1	H4a	14	3	FALSE	14365T
H4a1a	H4a1	15	4	FALSE	8269A
H4a1a1	H4a1a	16	1	FALSE	10044G
H4a1a1a	H4a1a1	17	4	FALSE	73G!
H4a1a1a1	H4a1a1a	18	1	FALSE	10034C
H4a1a1a1a	H4a1a1a1	19	1	FALSE	10007C
H4a1a1a1a1	H4a1a1a1a	20	0	FALSE	1656G 11440A
H4a1a1a2	H4a1a1a	18	0	FALSE	14325C
H4a1a1a3	H4a1a1a	18	0	FALSE	15244G 16287T
H4a1a1a4	H4a1a1a	18	0	FALSE	7870C
H4a1a2	H4a1a	16	1	FALSE	13708A
H4a1a2a	H4a1a2	17	1	FALSE	10124C 14956C
H4a1a2a1	H4a1a2a	18	0	FALSE	6040G
H4a1a5	H4a1a	16	0	FALSE	8380C
H4a1a_195!	H4a1a	16	2	FALSE	195C!
H4a1a3	H4a1a_195!	17	1	FALSE	13889A
H4a1a3a	H4a1a3	18	0	FALSE	5773A
H4a1a4	H4a1a_195!	17	2	FALSE	14569A
H4a1a4a	H4a1a4	18	0	FALSE	9615C
H4a1a4b	H4a1a4	18	2	FALSE	12642G 15884A
H4a1a4b1	H4a1a4b	19	0	FALSE	16286G
H4a1a4b2	H4a1a4b	19	0	FALSE	6951A
H4a1c	H4a1	15	2	FALSE	15930A
H4a1c1	H4a1c	16	1	FALSE	15497A
H4a1c1a	H4a1c1	17	0	FALSE	7581C
H4a1c2	H4a1c	16	0	FALSE	7859A 16179A
H4a1d	H4a1	15	0	FALSE	7356A 7521A!
H4a2	H4a	14	0	FALSE	3624G 16235G
H4b	H4	13	1	FALSE	10166C
H4b1	H4b	14	0	FALSE	153G
H4c	H4	13	1	FALSE	9276A
H4c1	H4c	14	0	FALSE	73G! 16248T
H4d	H4	13	0	FALSE	482C
H5'36	H	12	2	TRUE	456T
H5	H5'36	13	17	FALSE	16304C
H5_709	H5	14	1	FALSE	709A
H5v	H5_709	15	0	FALSE	9325C
H5_16192	H5	14	1	FALSE	16192T
H5q	H5_16192	15	0	FALSE	8975C
H5_16311!	H5	14	3	FALSE	16311C!
H5r	H5_16311!	15	2	FALSE	207A 10410C 13725T
H5r1	H5r	16	0	FALSE	7961C
H5r2	H5r	16	0	FALSE	15930A
H5s	H5_16311!	15	0	FALSE	5302C 16391A
H5t	H5_16311!	15	0	FALSE	8473C 8593G 16124C
H5a	H5	14	9	FALSE	4336C
H5a1	H5a	15	14	FALSE	15833T
H5a1_152!	H5a1	16	2	FALSE	152C!
H5a1m	H5a1_152!	17	0	FALSE	11221G
H5a1n	H5a1_152!	17	0	FALSE	710C
H5a1_16093	H5a1	16	1	FALSE	16093C
H5a1p	H5a1_16093	17	0	FALSE	15638T
H5a1a	H5a1	16	0	FALSE	721C
H5a1b	H5a1	16	0	FALSE	11719A!
H5a1c	H5a1	16	2	FALSE	4095T 13194A
H5a1c1	H5a1c	17	1	FALSE	9055A
H5a1c1a	H5a1c1	18	0	FALSE	2851G
H5a1c2	H5a1c	17	0	FALSE	9386C 16243C
H5a1d	H5a1	16	0	FALSE	8803T
H5a1e	H5a1	16	0	FALSE	16166G
H5a1f	H5a1	16	0	FALSE	961C
H5a1g	H5a1	16	2	FALSE	16172C
H5a1g1	H5a1g	17	1	FALSE	444G 9804A 16311C!
H5a1g1a	H5a1g1	18	0	FALSE	1284C 7517G
H5a1g2	H5a1g	17	0	FALSE	16291T
H5a1h	H5a1	16	0	FALSE	9392T
H5a1i	H5a1	16	0	FALSE	5051G 16153A
H5a1j	H5a1	16	0	FALSE	16209C
H5a1k	H5a1	16	0	FALSE	12864C
H5a1q	H5a1	16	0	FALSE	4916G
H5a2	H5a	15	1	FALSE	5839T
H5a2a	H5a2	16	0	FALSE	3310T
H5a3	H5a	15	2	FALSE	513A 15884A
H5a3a	H5a3	16	3	FALSE	10915C!
H5a3a1	H5a3a	17	0	FALSE	93G 9123A
H5a3a3	H5a3a	17	0	FALSE	12384C
H5a3a_152!	H5a3a	17	1	FALSE	152C!
H5a3a2	H5a3a_152!	18	0	FALSE	9515T
H5a3b	H5a3	16	0	FALSE	12648G
H5a4	H5a	15	1	FALSE	3753C 16294T
H5a4a	H5a4	16	1	FALSE	16320T
H5a4a1	H5a4a	17	1	FALSE	593C 15139C
H5a4a1a	H5a4a1	18	0	FALSE	1520C
H5a5	H5a	15	0	FALSE	146C! 7025G
H5a7	H5a	15	0	FALSE	8557A 15175T
H5a8	H5a	15	0	FALSE	11969A
H5a9	H5a	15	0	FALSE	5821A
H5a_152!	H5a	15	1	FALSE	152C!
H5a6	H5a_152!	16	1	FALSE	5319G 8563G
H5a6a	H5a6	17	0	FALSE	769A! 5450T
H5b	H5	14	5	FALSE	5471A
H5b1	H5b	15	0	FALSE	146C! 195C! 14497G
H5b2	H5b	15	0	FALSE	327T 12864C
H5b3	H5b	15	0	FALSE	6923G
H5b4	H5b	15	0	FALSE	189G 8011G 8188G 14311G
H5b5	H5b	15	0	FALSE	14488C
H5c	H5	14	2	FALSE	12127A
H5c1	H5c	15	1	FALSE	11944C
H5c1a	H5c1	16	0	FALSE	15157G
H5c2	H5c	15	0	FALSE	3819T 16213A
H5d	H5	14	0	FALSE	5082C
H5e	H5	14	1	FALSE	16294T
H5e1	H5e	15	2	FALSE	8343G 12771A
H5e1a	H5e1	16	1	FALSE	13434G
H5e1a1	H5e1a	17	0	FALSE	722T
H5e1b	H5e1	16	0	FALSE	7474G
H5f	H5	14	0	FALSE	6425C
H5g	H5	14	0	FALSE	16325C
H5h	H5	14	0	FALSE	4796T 16235G
H5j	H5	14	0	FALSE	1005C 9468G 10754G 13614G 15082T 15244G
H5k	H5	14	0	FALSE	2626C 8020A
H5m	H5	14	0	FALSE	146C! 15883A
H5n	H5	14	0	FALSE	373G
H5p	H5	14	0	FALSE	15930A
H5u	H5	14	1	FALSE	16400T
H5u1	H5u	15	0	FALSE	10595C 11914A! 12855G
H36	H5'36	13	0	FALSE	152C! 3525A 8578T 13056T 16070G
H6	H	12	3	FALSE	239C 16362C
H6a	H6	13	2	FALSE	3915A 9380A
H6a1	H6a	14	2	FALSE	4727G
H6a1a	H6a1	15	10	FALSE	11253C
H6a1a1	H6a1a	16	1	FALSE	5460A
H6a1a1a	H6a1a1	17	0	FALSE	7325G 9362G 11611A 16311C!
H6a1a2	H6a1a	16	2	FALSE	7202G
H6a1a2a	H6a1a2	17	0	FALSE	41T
H6a1a2b	H6a1a2	17	1	FALSE	9773T 11662C
H6a1a2b1	H6a1a2b	18	0	FALSE	3705A
H6a1a3	H6a1a	16	1	FALSE	5785C
H6a1a3a	H6a1a3	17	0	FALSE	827G
H6a1a4	H6a1a	16	0	FALSE	10237C
H6a1a5	H6a1a	16	0	FALSE	10936T
H6a1a6	H6a1a	16	0	FALSE	288G
H6a1a7	H6a1a	16	0	FALSE	150T 7805A
H6a1a8	H6a1a	16	1	FALSE	16298C
H6a1a8a	H6a1a8	17	0	FALSE	6185C 16145A
H6a1a9	H6a1a	16	0	FALSE	13953C
H6a1a10	H6a1a	16	0	FALSE	3548C
H6a1b	H6a1	15	4	FALSE	10589A
H6a1b1	H6a1b	16	0	FALSE	6218G 7859A 8563G 15930A 16284G
H6a1b2	H6a1b	16	5	FALSE	9254G
H6a1b2a	H6a1b2	17	0	FALSE	12975G
H6a1b2b	H6a1b2	17	0	FALSE	6261A
H6a1b2c	H6a1b2	17	0	FALSE	13869C
H6a1b2d	H6a1b2	17	0	FALSE	16066G
H6a1b2e	H6a1b2	17	0	FALSE	15928A
H6a1b3	H6a1b	16	2	FALSE	204C 16193T 16219G
H6a1b3a	H6a1b3	17	0	FALSE	10463C 13768C
H6a1b3b	H6a1b3	17	0	FALSE	13359A
H6a1b4	H6a1b	16	0	FALSE	16249C
H6a2	H6a	14	1	FALSE	11155T
H6a2a	H6a2	15	0	FALSE	15940C
H6b	H6	13	2	FALSE	14040A 16300G
H6b1	H6b	14	0	FALSE	44.C 152C!
H6b2	H6b	14	0	FALSE	16325C
H6c	H6	13	1	FALSE	6869T 9804A
H6c1	H6c	14	0	FALSE	14185T 16400T
H7	H	12	9	FALSE	4793G
H7a	H7	13	2	FALSE	1719A
H7a1	H7a	14	4	FALSE	16261T
H7a1a	H7a1	15	0	FALSE	93G 11167G
H7a1b	H7a1	15	0	FALSE	1393A
H7a1c	H7a1	15	0	FALSE	9833C
H7a1d	H7a1	15	0	FALSE	8286C
H7a2	H7a	14	0	FALSE	10253C 16176T
H7b	H7	13	6	FALSE	5348T
H7b1	H7b	14	0	FALSE	12351C
H7b2	H7b	14	1	FALSE	13323T
H7b2a	H7b2	15	0	FALSE	15862C
H7b3	H7b	14	0	FALSE	3335C
H7b4	H7b	14	0	FALSE	4688C
H7b5	H7b	14	0	FALSE	11314G
H7b6	H7b	14	0	FALSE	15942C
H7c	H7	13	6	FALSE	6296A
H7c1	H7c	14	0	FALSE	16265G
H7c2	H7c	14	0	FALSE	13959T
H7c3	H7c	14	0	FALSE	9329A 15459T
H7c4	H7c	14	0	FALSE	16265C
H7c5	H7c	14	0	FALSE	11020G 11992C
H7c6	H7c	14	0	FALSE	8557A 15497A
H7d	H7	13	5	FALSE	15409T
H7d1	H7d	14	0	FALSE	2283T 13032G
H7d2	H7d	14	1	FALSE	291.A 11887A
H7d2a	H7d2	15	0	FALSE	14871C
H7d3	H7d	14	1	FALSE	12630A
H7d3a	H7d3	15	0	FALSE	14405G
H7d4	H7d	14	0	FALSE	6152C 7299G 11827C 14162A
H7d5	H7d	14	0	FALSE	6962A 8639G 9380A 16342C
H7e	H7	13	0	FALSE	8026T 9527T
H7f	H7	13	0	FALSE	16168T
H7g	H7	13	0	FALSE	7472T
H7h	H7	13	1	FALSE	16213A
H7h1	H7h	14	0	FALSE	8573A
H7i	H7	13	1	FALSE	228A 3984T 11016A 11971T
H7i1	H7i	14	0	FALSE	143A
H10	H	12	7	FALSE	14470A
H10_s	H10	13	0	FALSE	
H10_s6	H10	13	3	FALSE	
H10e	H10_s6	14	3	FALSE	16221T
H10e1	H10e	15	1	FALSE	13830C
H10e1a	H10e1	16	0	FALSE	16266T
H10e2	H10e	15	0	FALSE	14602G
H10e3	H10e	15	1	FALSE	5918C
H10e3a	H10e3	16	0	FALSE	961C
H10f	H10_s6	14	0	FALSE	1842G
H10g	H10_s6	14	0	FALSE	16272G
H10a	H10	13	1	FALSE	4216C
H10a1	H10a	14	2	FALSE	16114T
H10a1a	H10a1	15	1	FALSE	14548G
H10a1a1	H10a1a	16	0	FALSE	13711A
H10a1b	H10a1	15	0	FALSE	513A 7220C 10325A 16344T
H10b	H10	13	1	FALSE	9091G
H10b1	H10b	14	0	FALSE	12153T
H10c	H10	13	1	FALSE	709A 6734A
H10c1	H10c	14	0	FALSE	1888A 15287C
H10d	H10	13	0	FALSE	533G
H10h	H10	13	0	FALSE	3381G 8888C 9966A
H13	H	12	3	FALSE	14872T
H13a	H13	13	2	FALSE	2259T
H13a1	H13a	14	4	FALSE	4745G
H13a1_152!	H13a1	15	1	FALSE	152C!
H13a1d	H13a1_152!	16	0	FALSE	16234T
H13a1a	H13a1	15	6	FALSE	13680T
H13a1a1	H13a1a	16	5	FALSE	7337A 13326C
H13a1a1a	H13a1a1	17	0	FALSE	14831A
H13a1a1b	H13a1a1	17	0	FALSE	14727C
H13a1a1c	H13a1a1	17	0	FALSE	15412C
H13a1a1d	H13a1a1	17	1	FALSE	709A 8842G 16261T 16311C!
H13a1a1d1	H13a1a1d	18	0	FALSE	10101C
H13a1a1e	H13a1a1	17	0	FALSE	7830A
H13a1a2	H13a1a	16	2	FALSE	13542G
H13a1a2_16311!	H13a1a2	17	1	FALSE	16311C!
H13a1a2a	H13a1a2_16311!	18	0	FALSE	9449T 15712G 16278T!
H13a1a2b	H13a1a2	17	0	FALSE	146C! 2701A 12651A 15758G
H13a1a3	H13a1a	16	0	FALSE	14239T
H13a1a4	H13a1a	16	0	FALSE	8381G
H13a1a5	H13a1a	16	0	FALSE	9801A
H13a1a6	H13a1a	16	0	FALSE	228A 16207G
H13a1b	H13a1	15	0	FALSE	153G 4231G 7903G
H13a1c	H13a1	15	0	FALSE	3744G 16244A
H13a2	H13a	14	3	FALSE	709A
H13a2a	H13a2	15	1	FALSE	1008G
H13a2a1	H13a2a	16	0	FALSE	4011T 12662G
H13a2b	H13a2	15	5	FALSE	13762G
H13a2b1	H13a2b	16	0	FALSE	4639C 15001C 16311C!
H13a2b2	H13a2b	16	1	FALSE	10463C 13575T
H13a2b2a	H13a2b2	17	0	FALSE	15713G
H13a2b3	H13a2b	16	0	FALSE	73G! 143A
H13a2b4	H13a2b	16	0	FALSE	1438A 8266G 9548A 15217A
H13a2b5	H13a2b	16	0	FALSE	14863T 16278T!
H13a2c	H13a2	15	1	FALSE	6827C 15218G 16256T 16319A
H13a2c1	H13a2c	16	0	FALSE	189G 16148T
H13b	H13	13	2	FALSE	4107T
H13b1	H13b	14	1	FALSE	11485C 16261T
H13b1_200	H13b1	15	2	FALSE	200G
H13b1a	H13b1_200	16	0	FALSE	13620C
H13b1b	H13b1_200	16	0	FALSE	7403G 11440A 16291T
H13b2	H13b	14	0	FALSE	2713T 15109C
H13c	H13	13	2	FALSE	8206A
H13c1	H13c	14	1	FALSE	5568G
H13c1a	H13c1	15	0	FALSE	10202T 11314G
H13c2	H13c	14	0	FALSE	143A 16129A! 16300G
H14	H	12	2	FALSE	7645C 10217G
H14a	H14	13	2	FALSE	16256T 16352C
H14a2	H14a	14	3	FALSE	6182A
H14a2a	H14a2	15	0	FALSE	8296G 16294T
H14a2b	H14a2	15	0	FALSE	1462A 8227C
H14a2c	H14a2	15	0	FALSE	1438A 14569A
H14a_146!	H14a	14	1	FALSE	146C!
H14a1	H14a_146!	15	0	FALSE	12870T
H14b	H14	13	4	FALSE	3197C
H14b1	H14b	14	0	FALSE	3906C 11864C 16126C
H14b2	H14b	14	1	FALSE	7610T 9689G
H14b2a	H14b2	15	0	FALSE	197G 9148C
H14b3	H14b	14	0	FALSE	5319G 16260T
H14b4	H14b	14	0	FALSE	12834G
H15	H	12	2	FALSE	55C 57C 6253C
H15a	H15	13	1	FALSE	11410C
H15a1	H15a	14	2	FALSE	14953T
H15a1a	H15a1	15	1	FALSE	11143T
H15a1a1	H15a1a	16	0	FALSE	16366T
H15a1b	H15a1	15	0	FALSE	44.C 146C! 11914A! 16184T
H15b	H15	13	2	FALSE	3847C
H15b1	H15b	14	0	FALSE	15715G
H15b2	H15b	14	0	FALSE	8699C 13818C
H16	H	12	3	FALSE	10394T
H16_152!	H16	13	3	FALSE	152C!
H16a	H16_152!	14	1	FALSE	8592A
H16a1	H16a	15	0	FALSE	15340G
H16c	H16_152!	14	0	FALSE	9071T
H16d	H16_152!	14	0	FALSE	14155T 14869C
H16b	H16	13	0	FALSE	9129T
H16e	H16	13	0	FALSE	14249A 14364A
H20	H	12	3	FALSE	16218T
H20a	H20	13	2	FALSE	16328A
H20a1	H20a	14	1	FALSE	249d
H20a1a	H20a1	15	0	FALSE	292C 16362C
H20a2	H20a	14	0	FALSE	9756G
H20b	H20	13	0	FALSE	2835T 10115C 14968C 15562G 15758G
H20c	H20	13	0	FALSE	7334C
H21	H	12	0	FALSE	186T 3822T 8994A 16192T
H22	H	12	0	FALSE	16145A 16227G
H23	H	12	0	FALSE	10211T
H24	H	12	2	FALSE	16293G
H24a	H24	13	2	FALSE	3333T
H24a1	H24a	14	0	FALSE	5261A 16234T
H24a2	H24a	14	0	FALSE	11440A
H24b	H24	13	0	FALSE	1719A
H25	H	12	0	FALSE	9620T
H26	H	12	3	FALSE	11152C
H26a	H26	13	1	FALSE	9545G
H26a1	H26a	14	2	FALSE	13500C
H26a1a	H26a1	15	1	FALSE	14203G
H26a1a1	H26a1a	16	0	FALSE	196C 12651A
H26a1b	H26a1	15	0	FALSE	16170G 16390A
H26b	H26	13	0	FALSE	11399C 12810G 16320T
H26c	H26	13	0	FALSE	146C! 10562G
H28	H	12	1	FALSE	186A
H28a	H28	13	2	FALSE	8715C 11191T
H28a1	H28a	14	0	FALSE	2239G 15758G
H28a2	H28a	14	0	FALSE	5495C
H29	H	12	2	FALSE	93G 5582G
H29a	H29	13	0	FALSE	9156G
H29b	H29	13	0	FALSE	13635A
H30	H	12	2	FALSE	8200C
H30a	H30	13	0	FALSE	12133T 14979C
H30b	H30	13	1	FALSE	3010A
H30b1	H30b	14	0	FALSE	152C! 709A 9101C
H33	H	12	3	FALSE	11447A
H33a	H33	13	0	FALSE	3507T
H33b	H33	13	0	FALSE	16172C 16400T
H33c	H33	13	0	FALSE	10373A 16188T
H35	H	12	1	FALSE	3342T
H35a	H35	13	0	FALSE	11253C
H39	H	12	3	FALSE	16299G
H39a	H39	13	1	FALSE	709A 16169T
H39a1	H39a	14	0	FALSE	14553T
H39b	H39	13	0	FALSE	5892C
H39c	H39	13	0	FALSE	13362T
H40	H	12	2	FALSE	7621C
H40a	H40	13	0	FALSE	5752.A
H40b	H40	13	0	FALSE	7444A 7678C
H41	H	12	1	FALSE	15617A
H41a	H41	13	0	FALSE	262T 5460A 10124C 14118G
H42	H	12	1	FALSE	9758C
H42a	H42	13	2	FALSE	5498G 16294T
H42a1	H42a	14	0	FALSE	11458G
H42a2	H42a	14	0	FALSE	11989G 14502C
H43	H	12	0	FALSE	7202G
H44	H	12	2	FALSE	5442C
H44a	H44	13	1	FALSE	9932A 14149T
H44a1	H44a	14	0	FALSE	8843C 11044T
H44b	H44	13	0	FALSE	195C! 13662T
H45	H	12	2	FALSE	8843C
H45a	H45	13	0	FALSE	9039A 12192A
H45b	H45	13	0	FALSE	4164G 12130C
H47	H	12	1	FALSE	9530C 12633T
H47a	H47	13	0	FALSE	152C! 8756C 13020A
H48	H	12	0	FALSE	11016A
H49	H	12	2	FALSE	11560G
H49a	H49	13	2	FALSE	15058T
H49a1	H49a	14	0	FALSE	5082C
H49a2	H49a	14	0	FALSE	93G 9612A
H49b	H49	13	0	FALSE	15223T
H50	H	12	0	FALSE	14831A
H51	H	12	1	FALSE	11440A
H51a	H51	13	0	FALSE	10704A 14239T
H53	H	12	0	FALSE	9380A
H54	H	12	0	FALSE	5585A
H55	H	12	2	FALSE	10646A
H55_153	H55	13	1	FALSE	153G
H55b	H55_153	14	0	FALSE	16189C!
H55a	H55	13	0	FALSE	3387C 4709T
H56	H	12	4	FALSE	11788T
H56a	H56	13	1	FALSE	13145A
H56a1	H56a	14	0	FALSE	4654T
H56b	H56	13	0	FALSE	12696C
H56c	H56	13	0	FALSE	14129T
H56d	H56	13	0	FALSE	153G
H57	H	12	0	FALSE	64T 4317d
H58	H	12	1	FALSE	15466A
H58a	H58	13	0	FALSE	15721C
H59	H	12	1	FALSE	12674G
H59a	H59	13	0	FALSE	10283G
H60	H	12	1	FALSE	5108C
H60a	H60	13	0	FALSE	6971C
H61	H	12	1	FALSE	1842G 11641G
H61a	H61	13	0	FALSE	3509C 16192T
H62	H	12	0	FALSE	14344G
H63	H	12	1	FALSE	2159C 14193G
H63a	H63	13	0	FALSE	12904G 16129A!
H65	H	12	1	FALSE	15784C
H65a	H65	13	0	FALSE	3010A 7805A
H66	H	12	1	FALSE	7337A
H66a	H66	13	1	FALSE	16172C
H66a1	H66a	14	0	FALSE	16527T
H67	H	12	1	FALSE	13147T
H67a	H67	13	0	FALSE	5174T 8347G
H70	H	12	0	FALSE	9033G
H71	H	12	0	FALSE	6164T
H72	H	12	0	FALSE	6647G 13785T 15927A
H73	H	12	1	FALSE	4221A
H73a	H73	13	1	FALSE	12477C 13500C 15658T
H73a1	H73a	14	0	FALSE	11590G
H74	H	12	0	FALSE	72G 12753G 14488C
H75	H	12	0	FALSE	5821A 8592A
H76	H	12	1	FALSE	8572A 16311C!
H76a	H76	13	0	FALSE	152C! 16093C
H77	H	12	0	FALSE	291.A 8387A
H78	H	12	0	FALSE	7002T
H79	H	12	1	FALSE	12397G
H79a	H79	13	0	FALSE	3010A
H80	H	12	0	FALSE	2361A 16311C!
H81	H	12	1	FALSE	15172A
H81a	H81	13	0	FALSE	2056A 3421A 7382A 9677T 12063T
H82	H	12	0	FALSE	16220G
H83	H	12	0	FALSE	16212G
H84	H	12	0	FALSE	1888A
H86	H	12	0	FALSE	1809C
H87	H	12	0	FALSE	8188G
H88	H	12	0	FALSE	8596G
H89	H	12	0	FALSE	6932G 8068T 12696C
H90	H	12	0	FALSE	5435T 8911C 10237C 15109C
H92	H	12	0	FALSE	9497C
H93	H	12	0	FALSE	3535C
H94	H	12	0	FALSE	14323A 16355T
H95	H	12	1	FALSE	11069G
H95a	H95	13	0	FALSE	10403G 14025C 15314A
H96	H	12	0	FALSE	185A 189G 709A 13269G 14040A 16189C!
H100	H	12	0	FALSE	12358G
H101	H	12	0	FALSE	9230C 16184T
H102	H	12	0	FALSE	3798T 14180C
H104	H	12	1	FALSE	8723A
H104a	H104	13	0	FALSE	5618C 8812G 16258G 16311C! 16325C
H105	H	12	1	FALSE	9921A
H105a	H105	13	0	FALSE	3010A
H106	H	12	0	FALSE	6410T 16245T
H_152!	H	12	7	FALSE	152C!
H9	H_152!	13	1	FALSE	13020C
H9a	H9	14	0	FALSE	3591A 4310G 16168T
H32	H_152!	13	0	FALSE	73G! 8557A
H46	H_152!	13	2	FALSE	2772T
H46a	H46	14	0	FALSE	6743C 10754G
H46b	H46	14	0	FALSE	11893G
H52	H_152!	13	0	FALSE	14220G
H69	H_152!	13	0	FALSE	4646C
H103	H_152!	13	0	FALSE	2352C 3834A 4243G 7299G 16295T
H107	H_152!	13	0	FALSE	16209C 16261T
H_195!	H	12	5	FALSE	195C!
H11	H_195!	13	2	FALSE	8448C 13759A 16311C!
H11a	H11	14	8	FALSE	961G 16293G
H11a1	H11a	15	0	FALSE	8898T 16278T!
H11a2	H11a	15	1	FALSE	14587G
H11a2a	H11a2	16	3	FALSE	16140C
H11a2a1	H11a2a	17	0	FALSE	3145G
H11a2a2	H11a2a	17	0	FALSE	5585A 15670C 16265G
H11a2a3	H11a2a	17	0	FALSE	9521T
H11a3	H11a	15	0	FALSE	16243C
H11a4	H11a	15	0	FALSE	16111T
H11a5	H11a	15	0	FALSE	15040T
H11a6	H11a	15	0	FALSE	1719A 5979A 16525G
H11a8	H11a	15	0	FALSE	14325C
H11a_152!	H11a	15	1	FALSE	152C!
H11a7	H11a_152!	16	0	FALSE	9911T
H11b	H11	14	1	FALSE	13572C
H11b1	H11b	15	0	FALSE	7645C
H12	H_195!	13	1	FALSE	3936T 14552G
H12a	H12	14	0	FALSE	16287T
H91	H_195!	13	0	FALSE	335G
H108	H_195!	13	0	FALSE	3808G
H_195!_146!	H_195!	13	2	FALSE	146C!
H8	H_195!_146!	14	3	FALSE	709A 13101C 16288C 16362C
H8_s	H8	15	1	FALSE	
H8_s_152!	H8_s	16	0	FALSE	152C!
H8_s5	H8	15	2	FALSE	
H8_s5_152!	H8_s5	16	1	FALSE	152C!
H8c	H8_s5_152!	17	2	FALSE	13711A
H8c1	H8c	18	0	FALSE	5082C 14071G
H8c2	H8c	18	0	FALSE	210G 9114G 16153A
H8b	H8_s5	16	1	FALSE	12490G
H8b1	H8b	17	0	FALSE	7765G
H8a	H8	15	1	FALSE	16111T
H8a1	H8a	16	0	FALSE	16167T
H31	H_195!_146!	14	2	FALSE	7930T 10771G
H31a	H31	15	0	FALSE	72G
H31b	H31	15	0	FALSE	15247T
H_13708	H	12	2	FALSE	13708A
H18	H_13708	13	1	FALSE	14364A
H18b	H18	14	0	FALSE	13105G!
H19	H_13708	13	0	FALSE	85A 7598A
H_16129!	H	12	2	FALSE	16129A!
H17	H_16129!	13	3	FALSE	3915A
H17a	H17	14	2	FALSE	6296T
H17a1	H17a	15	0	FALSE	12346T 16291T
H17a2	H17a	15	0	FALSE	593C
H17b	H17	14	0	FALSE	8895A
H17c	H17	14	0	FALSE	73G! 12397G 16239T
H27	H_16129!	13	5	FALSE	11719A! 16316G
H27_16093	H27	14	2	FALSE	16093C
H27a	H27_16093	15	0	FALSE	9391T
H27b	H27_16093	15	0	FALSE	16258C
H27c	H27	14	0	FALSE	4838C
H27d	H27	14	0	FALSE	380A
H27e	H27	14	0	FALSE	8281-8289d
H27f	H27	14	0	FALSE	13827G 16291T
H_16291	H	12	3	FALSE	16291T
H34	H_16291	13	0	FALSE	15519C
H64	H_16291	13	0	FALSE	11150A
H85	H_16291	13	0	FALSE	6323G 16390A
HV0	HV	11	2	FALSE	72C 16298C
HV0_195!	HV0	12	6	FALSE	195C!
HV0b	HV0_195!	13	0	FALSE	198T
HV0c	HV0_195!	13	0	FALSE	6413C
HV0d	HV0_195!	13	0	FALSE	15110A
HV0e	HV0_195!	13	0	FALSE	10609C 15454C 16311C!
HV0f	HV0_195!	13	0	FALSE	72T! 8706G
HV0g	HV0_195!	13	0	FALSE	4047C 15172A 16129A!
HV0a	HV0	12	2	FALSE	15904T
HV0a1	HV0a	13	1	FALSE	10196T 16126C
HV0a1a	HV0a1	14	0	FALSE	200G 3200C 16346C
V	HV0a	13	27	FALSE	4580A
V1	V	14	2	FALSE	8869G
V1a	V1	15	1	FALSE	4639C
V1a1	V1a	16	2	FALSE	5263T
V1a1a	V1a1	17	1	FALSE	485C 16183G
V1a1a1	V1a1a	18	0	FALSE	227G
V1a1b	V1a1	17	0	FALSE	12490G
V1b	V1	15	0	FALSE	16290T
V2	V	14	3	FALSE	13105G!
V2a	V2	15	1	FALSE	12438C
V2a1	V2a	16	1	FALSE	9088C 14793G
V2a1a	V2a1	17	0	FALSE	5250C
V2b	V2	15	2	FALSE	14770T
V2b1	V2b	16	0	FALSE	15773A
V2b2	V2b	16	0	FALSE	5420C
V2c	V2	15	0	FALSE	9210G
V3	V	14	3	FALSE	12810G
V3a	V3	15	1	FALSE	16240G
V3a1	V3a	16	0	FALSE	11337G
V3b	V3	15	0	FALSE	4550C 15346A
V3c	V3	15	0	FALSE	16216G
V4	V	14	0	FALSE	15250T
V5	V	14	0	FALSE	14550C 16203G
V6	V	14	0	FALSE	16162G
V7	V	14	2	FALSE	93G 7444A
V7a	V7	15	1	FALSE	11899C 16153A
V7a1	V7a	16	0	FALSE	3549T
V7b	V7	15	0	FALSE	8910T 14121T 16114T 16298T!
V8	V	14	0	FALSE	13350G 14016A
V9	V	14	1	FALSE	204C 207A
V9a	V9	15	2	FALSE	8179G 11581T 13759A 16298T!
V9a1	V9a	16	0	FALSE	16192T 16219G
V9a2	V9a	16	0	FALSE	9887C
V10	V	14	2	FALSE	9368G
V10a	V10	15	0	FALSE	16261T 16311C!
V10b	V10	15	2	FALSE	9254G
V10b1	V10b	16	0	FALSE	9932A
V10b2	V10b	16	0	FALSE	9098G
V11	V	14	0	FALSE	8251A 11620G
V12	V	14	0	FALSE	7270C
V13	V	14	0	FALSE	12795A 15784C
V14	V	14	0	FALSE	8843C
V15	V	14	1	FALSE	4221T
V15a	V15	15	0	FALSE	10308T
V16	V	14	0	FALSE	16301T
V17	V	14	0	FALSE	1537T 8982G
V18	V	14	1	FALSE	508G
V18a	V18	15	0	FALSE	14914C
V23	V	14	0	FALSE	6734A
V24	V	14	0	FALSE	3573T
V25	V	14	0	FALSE	14629T
V26	V	14	0	FALSE	12681C
V27	V	14	0	FALSE	569T
V28	V	14	0	FALSE	10256C
V_72!	V	14	1	FALSE	72T!
V21	V_72!	15	0	FALSE	15431A 16390A
V_150	V	14	2	FALSE	150T
V19	V_150	15	0	FALSE	16362C
V22	V_150	15	0	FALSE	709A 7765G
V_16298!	V	14	1	FALSE	16298T!
V20	V_16298!	15	0	FALSE	8584A 16256T
HV1	HV	11	2	FALSE	8014T 16067T
HV1a'b'c	HV1	12	3	TRUE	15218G
HV1a	HV1a'b'c	13	3	FALSE	8277C
HV1a1	HV1a	14	2	FALSE	150T 15927A 16355T
HV1a1a	HV1a1	15	0	FALSE	4227G 9554A
HV1a1b	HV1a1	15	0	FALSE	6150A 7379A
HV1a2	HV1a	14	2	FALSE	4596A
HV1a2a	HV1a2	15	0	FALSE	14587G
HV1a2b	HV1a2	15	0	FALSE	93G
HV1a3	HV1a	14	1	FALSE	3421A 16327A
HV1a3a	HV1a3	15	0	FALSE	14443T
HV1b	HV1a'b'c	13	2	FALSE	12696C
HV1b1	HV1b	14	2	FALSE	2626C 4739T 7598A 16274A
HV1b1a	HV1b1	15	0	FALSE	11314G 14861A
HV1b1b	HV1b1	15	0	FALSE	5656G
HV1b_152!	HV1b	14	2	FALSE	152C!
HV1b2	HV1b_152!	15	0	FALSE	3547G 6023A 16189C!
HV1b3	HV1b_152!	15	2	FALSE	195C! 5250C
HV1b3a	HV1b3	16	0	FALSE	151T 183G 7664A 15172A 15236G 15519C
HV1b3b	HV1b3	16	0	FALSE	10295G 10750G 14161G 16311C!
HV1c	HV1a'b'c	13	0	FALSE	13933G
HV1d	HV1	12	0	FALSE	146C! 249d 2308G 7372C 11476T 12279G 13143C 13650T! 13708A 16278T! 16362C
HV4	HV	11	3	FALSE	7094C
HV4a	HV4	12	2	FALSE	16221T
HV4a1	HV4a	13	1	FALSE	13680T
HV4a1_16291	HV4a1	14	1	FALSE	16291T
HV4a1a	HV4a1_16291	15	4	FALSE	9950C
HV4a1a1	HV4a1a	16	0	FALSE	152C! 7645C 11365C
HV4a1a2	HV4a1a	16	0	FALSE	73G! 7843G
HV4a1a3	HV4a1a	16	0	FALSE	12972G
HV4a1a4	HV4a1a	16	0	FALSE	4452C
HV4a2	HV4a	13	2	FALSE	7805A 16129A!
HV4a2a	HV4a2	14	0	FALSE	16221C! 16287T 16311C!
HV4a2b	HV4a2	14	0	FALSE	11671G
HV4b	HV4	12	0	FALSE	1715T 16069T
HV4c	HV4	12	0	FALSE	2758A! 3834A 10356T
HV5	HV	11	2	FALSE	13105G!
HV5a	HV5	12	0	FALSE	12133T
HV5b	HV5	12	0	FALSE	150T 15766G
HV12	HV	11	2	FALSE	13889A
HV12a	HV12	12	1	FALSE	16220C 16292T
HV12a1	HV12a	13	0	FALSE	152C! 3892G 4254C 14344G 16243C 16342C
HV12b	HV12	12	1	FALSE	150T 15682G
HV12b1	HV12b	13	1	FALSE	16356C
HV12b1a	HV12b1	14	0	FALSE	337G 594T 13572C 14569A
HV13	HV	11	2	FALSE	16357C
HV13a	HV13	12	0	FALSE	8774G 9027T 10143A 11101G 12879C 16311C!
HV13b	HV13	12	0	FALSE	3290C
HV18	HV	11	0	FALSE	9039A 16189C!
HV19	HV	11	0	FALSE	4823C 16260T 16399G
HV21	HV	11	0	FALSE	16169T
HV_73!	HV	11	2	FALSE	73G!
HV2	HV_73!	12	1	FALSE	152C! 16217C
HV2a	HV2	13	3	FALSE	195C! 7193C 9336G 11935C 12061T
HV2a1	HV2a	14	0	FALSE	5147A 16214T 16335G
HV2a2	HV2a	14	0	FALSE	5153G 7861C
HV2a3	HV2a	14	0	FALSE	739T 1005C
HV20	HV_73!	12	0	FALSE	13866G
HV_16311!	HV	11	13	FALSE	16311C!
HV6	HV_16311!	12	1	FALSE	6755A 16172C
HV6a	HV6	13	0	FALSE	3507T 8545A 9266A 16113C
HV7	HV_16311!	12	0	FALSE	5471A 14560A 16278T!
HV8	HV_16311!	12	0	FALSE	16354T
HV9	HV_16311!	12	3	FALSE	8994A
HV9_152!	HV9	13	1	FALSE	152C!
HV9a	HV9_152!	14	1	FALSE	131C
HV9a1	HV9a	15	1	FALSE	5480G 11257T
HV9a1a	HV9a1	16	0	FALSE	930A
HV9b	HV9	13	0	FALSE	16249C
HV9c	HV9	13	0	FALSE	6248C 16311T
HV10	HV_16311!	12	0	FALSE	13449T
HV11	HV_16311!	12	1	FALSE	6040G
HV11a	HV11	13	0	FALSE	9000G 10283G
HV14	HV_16311!	12	1	FALSE	480C 15115C
HV14a	HV14	13	0	FALSE	4655A
HV15	HV_16311!	12	0	FALSE	5746A 16234T
HV16	HV_16311!	12	0	FALSE	12492T
HV17	HV_16311!	12	1	FALSE	3397G 16111T
HV17a	HV17	13	0	FALSE	549T
HV22	HV_16311!	12	0	FALSE	146C! 4997T 16038G
HV23	HV_16311!	12	0	FALSE	9548A
HV24	HV_16311!	12	0	FALSE	1601T
R0a'b	R0	10	2	TRUE	64T 2442C 16362C
R0a	R0a'b	11	2	FALSE	3847C 13188T 16126C
R0a1	R0a	12	2	FALSE	827G
R0a1_152!	R0a1	13	1	FALSE	152C!
R0a1b	R0a1_152!	14	0	FALSE	26T 16093C 16189C!
R0a1a	R0a1	13	4	FALSE	146C! 8292A 11761T 16355T
R0a1a1	R0a1a	14	1	FALSE	13708A
R0a1a1a	R0a1a1	15	0	FALSE	16172C
R0a1a2	R0a1a	14	0	FALSE	93G 95C 3972G 8020A 10652C 12741T
R0a1a3	R0a1a	14	0	FALSE	2069C 4703C 9647C 13479T
R0a1a4	R0a1a	14	0	FALSE	3438A 5120G 5333C
R0a_60.T	R0a	12	2	FALSE	60.T
R0a2'3	R0a_60.T	13	2	TRUE	15674C
R0a2	R0a2'3	14	14	FALSE	2355G
R0a2_195!	R0a2	15	1	FALSE	195C!
R0a2j	R0a2_195!	16	0	FALSE	152C! 3397G
R0a2a	R0a2	15	1	FALSE	14544A
R0a2a1	R0a2a	16	0	FALSE	7249T
R0a2b	R0a2	15	0	FALSE	5237A 15924G 16305T
R0a2c	R0a2	15	0	FALSE	16304C
R0a2d	R0a2	15	0	FALSE	3438A 10728T
R0a2e	R0a2	15	0	FALSE	4106T 7256T! 8701G! 10493G
R0a2f	R0a2	15	1	FALSE	8251A
R0a2f1	R0a2f	16	2	FALSE	131C 7837C 12542T 13708A 13827G
R0a2f1a	R0a2f1	17	0	FALSE	11365C
R0a2f1b	R0a2f1	17	0	FALSE	16207G
R0a2g	R0a2	15	0	FALSE	9128C
R0a2h	R0a2	15	0	FALSE	16172C 16184A
R0a2i	R0a2	15	0	FALSE	9337C 11944C 16092C
R0a2k	R0a2	15	1	FALSE	12295C
R0a2k1	R0a2k	16	0	FALSE	3531A 3644C 3918A 5557C 10398G! 16114T 16325C
R0a2l	R0a2	15	0	FALSE	2179G 7471d 14392T
R0a2m	R0a2	15	0	FALSE	4767G
R0a2n	R0a2	15	0	FALSE	11914A! 16266T
R0a3	R0a2'3	14	1	FALSE	15466A
R0a3a	R0a3	15	0	FALSE	12474T
R0a4	R0a_60.T	13	0	FALSE	150T 2351C 9531G
R0b	R0a'b	11	0	FALSE	93G 152C! 1719A 4924A 5205C 8772C 9055A 10101C 10775A 11764G 15613G 15628G 16301T
R1	R	9	2	FALSE	1391C 16311C!
R1a	R1	10	1	FALSE	295A 3360G 4917G 5586T 5823G 6557T 6671C 7547C 8388C 8887G 10658G 10825G 13948T 14632T 15721C
R1a1	R1a	11	3	FALSE	4026G 7424G
R1a1a	R1a1	12	2	FALSE	5378G
R1a1a1	R1a1a	13	1	FALSE	13105G! 13368A
R1a1a1a	R1a1a1	14	0	FALSE	6261A
R1a1a2	R1a1a	13	0	FALSE	5492C 8765T 11977T
R1a1b	R1a1	12	0	FALSE	3796G 9101C
R1a1c	R1a1	12	0	FALSE	6260A
R1b	R1	10	1	FALSE	150T 241G 1095C 11151T 12245C 13167G 13359A 14239T 15940C
R1b1	R1b	11	0	FALSE	513A 6683T 11122A
R2'JT	R	9	2	TRUE	4216C
JT	R2'JT	10	2	FALSE	11251G 15452A 16126C
J	JT	11	2	FALSE	295T 489C 10398G! 12612G 13708A 16069T
J1	J	12	3	FALSE	462T 3010A
J1_16193	J1	13	1	FALSE	16193T
J1d	J1_16193	14	6	FALSE	152C! 7789A 7963G
J1d1	J1d	15	2	FALSE	16300G
J1d1a	J1d1	16	1	FALSE	1007A 16309G
J1d1a1	J1d1a	17	1	FALSE	13392C
J1d1a1a	J1d1a1	18	0	FALSE	151T 13500C
J1d1b	J1d1	16	1	FALSE	8633G
J1d1b1	J1d1b	17	0	FALSE	3213G
J1d2	J1d	15	1	FALSE	10166C 16186T
J1d2a	J1d2	16	0	FALSE	13188T
J1d3	J1d	15	1	FALSE	5262A
J1d3a	J1d3	16	2	FALSE	7521A!
J1d3a1	J1d3a	17	0	FALSE	5297T 5774C 15836G 15894A 16335G
J1d3a2	J1d3a	17	0	FALSE	4011T
J1d4	J1d	15	0	FALSE	9725C 12561A 13135A
J1d5	J1d	15	1	FALSE	4853A 16274A
J1d5a	J1d5	16	0	FALSE	204C 9090C
J1d6	J1d	15	1	FALSE	9041G
J1d6a	J1d6	16	0	FALSE	16301T
J1b	J1	13	9	FALSE	8269A 16145A 16261T
J1b1	J1b	14	2	FALSE	5460A 13879C
J1b1a	J1b1	15	3	FALSE	242T 2158C 8557A 12007A
J1b1a1	J1b1a	16	5	FALSE	16172C
J1b1a1_146!	J1b1a1	17	1	FALSE	146C!
J1b1a1e	J1b1a1_146!	18	0	FALSE	14470C
J1b1a1a	J1b1a1	17	0	FALSE	5463T 6911C 16192T
J1b1a1b	J1b1a1	17	0	FALSE	15067C
J1b1a1c	J1b1a1	17	0	FALSE	10C
J1b1a1d	J1b1a1	17	0	FALSE	185A 6345C 7299G
J1b1a2	J1b1a	16	2	FALSE	199C 5964C 12396C 13308G 16187T!
J1b1a2a	J1b1a2	17	0	FALSE	5585A 9494G
J1b1a2b	J1b1a2	17	0	FALSE	4772C
J1b1a3	J1b1a	16	0	FALSE	15442G
J1b1b	J1b1	15	3	FALSE	271T
J1b1b1	J1b1b	16	3	FALSE	10410A
J1b1b1a	J1b1b1	17	0	FALSE	2707C 16290T
J1b1b1b	J1b1b1	17	0	FALSE	5582G
J1b1b1c	J1b1b1	17	0	FALSE	204C 207A 1438A 7747T 10942G 16256T
J1b1b2	J1b1b	16	0	FALSE	152C! 9083C 16235G
J1b1b3	J1b1b	16	0	FALSE	15941C
J1b2	J1b	14	1	FALSE	1733T
J1b2a	J1b2	15	0	FALSE	9667G 15466A 16136C
J1b3	J1b	14	2	FALSE	8460G
J1b3a	J1b3	15	0	FALSE	16271C
J1b3b	J1b3	15	1	FALSE	15530C
J1b3b1	J1b3b	16	0	FALSE	15172T 15490T
J1b4	J1b	14	1	FALSE	3290C
J1b4a	J1b4	15	2	FALSE	769A! 11084G 16287T
J1b4a1	J1b4a	16	0	FALSE	4013T
J1b4a2	J1b4a	16	0	FALSE	8222C
J1b5	J1b	14	1	FALSE	10274C 13145A 16274A
J1b5a	J1b5	15	1	FALSE	199C 709A 9324G 14455T
J1b5a1	J1b5a	16	0	FALSE	6045A
J1b6	J1b	14	2	FALSE	5501G
J1b6a	J1b6	15	0	FALSE	4991A
J1b6b	J1b6	15	0	FALSE	203C 16189C! 16288C
J1b7	J1b	14	1	FALSE	150T 266C
J1b7a	J1b7	15	0	FALSE	16086C
J1b8	J1b	14	0	FALSE	152C! 4696C 9932A
J1b9	J1b	14	0	FALSE	709A 10601A 16290T
J1c	J1	13	14	FALSE	14798C
J1c1	J1c	14	8	FALSE	482C 3394C
J1c1a	J1c1	15	0	FALSE	9635C 11623T 13899C
J1c1b	J1c1	15	2	FALSE	7184G
J1c1b1	J1c1b	16	1	FALSE	5773A
J1c1b1a	J1c1b1	17	1	FALSE	10463C
J1c1b1a1	J1c1b1a	18	0	FALSE	15617A
J1c1b2	J1c1b	16	1	FALSE	13953C 15725T
J1c1b2a	J1c1b2	17	0	FALSE	1005C 13398G
J1c1c	J1c1	15	0	FALSE	150T 16145A
J1c1d	J1c1	15	0	FALSE	16213A
J1c1e	J1c1	15	0	FALSE	10454C 16368C
J1c1f	J1c1	15	0	FALSE	5276G 11227T
J1c1g	J1c1	15	1	FALSE	11287C
J1c1g1	J1c1g	16	0	FALSE	8020A
J1c1h	J1c1	15	0	FALSE	9192A 16169T
J1c2	J1c	14	20	FALSE	188G
J1c2a	J1c2	15	3	FALSE	6293C
J1c2a1	J1c2a	16	1	FALSE	7245G 8839A
J1c2a1a	J1c2a1	17	0	FALSE	9181G
J1c2a2	J1c2a	16	0	FALSE	6915A 16256T
J1c2a3	J1c2a	16	0	FALSE	4790G 15043A
J1c2b	J1c2	15	5	FALSE	4454C
J1c2b1	J1c2b	16	0	FALSE	8853G 13506T! 14470C
J1c2b2	J1c2b	16	0	FALSE	15511C
J1c2b3	J1c2b	16	0	FALSE	5108C 16066G 16370A
J1c2b4	J1c2b	16	0	FALSE	16086C
J1c2b5	J1c2b	16	0	FALSE	6383A
J1c2c	J1c2	15	3	FALSE	10685A 13281C 13933G
J1c2c1	J1c2c	16	1	FALSE	222T
J1c2c1a	J1c2c1	17	0	FALSE	3456C 9145A 16261A
J1c2c2	J1c2c	16	1	FALSE	8865A
J1c2c2a	J1c2c2	17	0	FALSE	12020T
J1c2c3	J1c2c	16	0	FALSE	12397G
J1c2d	J1c2	15	0	FALSE	6620C 8868C
J1c2e	J1c2	15	2	FALSE	16366T
J1c2e1	J1c2e	16	0	FALSE	16390A
J1c2e2	J1c2e	16	0	FALSE	709A 4232C 8404C 16278T!
J1c2f	J1c2	15	0	FALSE	9055A
J1c2g	J1c2	15	0	FALSE	12311C 12379T 15119A
J1c2h	J1c2	15	0	FALSE	222T
J1c2i	J1c2	15	0	FALSE	5162C 7870C 8149G 16147T 16242T
J1c2j	J1c2	15	0	FALSE	8727T 16362C 16390A
J1c2k	J1c2	15	0	FALSE	3866C
J1c2l	J1c2	15	0	FALSE	7891T 15199T 15936T
J1c2m	J1c2	15	1	FALSE	16148T
J1c2m1	J1c2m	16	0	FALSE	16235G 16368C
J1c2n	J1c2	15	1	FALSE	8923G
J1c2n1	J1c2n	16	0	FALSE	10101C 12891T
J1c2o	J1c2	15	0	FALSE	16163G
J1c2p	J1c2	15	0	FALSE	11177T
J1c2q	J1c2	15	1	FALSE	8558T 13557G
J1c2q1	J1c2q	16	0	FALSE	13145A
J1c2r	J1c2	15	0	FALSE	11002G 13032G 14325C 16186T
J1c2s	J1c2	15	1	FALSE	11016A
J1c2s1	J1c2s	16	0	FALSE	114T 7364G
J1c2t	J1c2	15	0	FALSE	15947G
J1c3	J1c	14	12	FALSE	13934T
J1c3_189	J1c3	15	1	FALSE	189G
J1c3m	J1c3_189	16	0	FALSE	16114T 16145A
J1c3a	J1c3	15	2	FALSE	9548A
J1c3a1	J1c3a	16	0	FALSE	7711C
J1c3a2	J1c3a	16	0	FALSE	9836C
J1c3b	J1c3	15	2	FALSE	15367T
J1c3b1	J1c3b	16	1	FALSE	5237A
J1c3b1a	J1c3b1	17	0	FALSE	6261A
J1c3b2	J1c3b	16	0	FALSE	4829G
J1c3c	J1c3	15	2	FALSE	2706A 16222T
J1c3c1	J1c3c	16	0	FALSE	8847T
J1c3c2	J1c3c	16	0	FALSE	10227C
J1c3d	J1c3	15	0	FALSE	1811G
J1c3e	J1c3	15	2	FALSE	16390A
J1c3e1	J1c3e	16	0	FALSE	13145A 14296G
J1c3e2	J1c3e	16	0	FALSE	8865A
J1c3f	J1c3	15	0	FALSE	12477C 16063C
J1c3g	J1c3	15	0	FALSE	9755A
J1c3h	J1c3	15	0	FALSE	8659G
J1c3i	J1c3	15	0	FALSE	5442C 15758G
J1c3j	J1c3	15	0	FALSE	12358G 16311C!
J1c3k	J1c3	15	0	FALSE	10497T
J1c4	J1c	14	2	FALSE	9632G 12083G
J1c4b	J1c4	15	0	FALSE	9120G
J1c4c	J1c4	15	0	FALSE	16278T!
J1c5	J1c	14	6	FALSE	5198G
J1c5a	J1c5	15	1	FALSE	2387C 10192T
J1c5a1	J1c5a	16	0	FALSE	10598G
J1c5b	J1c5	15	0	FALSE	8596G 10334T
J1c5c	J1c5	15	1	FALSE	3531A 8734A
J1c5c1	J1c5c	16	0	FALSE	3721G 8994A 16300G
J1c5d	J1c5	15	0	FALSE	4688C 13434G
J1c5e	J1c5	15	0	FALSE	15916C
J1c5f	J1c5	15	0	FALSE	11087C 15924G
J1c6	J1c	14	1	FALSE	4025T
J1c6a	J1c6	15	0	FALSE	2969G 3398C 10410C 12561A 15913T
J1c8	J1c	14	2	FALSE	10398A
J1c8a	J1c8	15	2	FALSE	10084C 16319A
J1c8a1	J1c8a	16	1	FALSE	9052G 16265G
J1c8a1a	J1c8a1	17	0	FALSE	16189C!
J1c8a2	J1c8a	16	0	FALSE	16265C
J1c8b	J1c8	15	0	FALSE	10345C
J1c9	J1c	14	0	FALSE	6887T
J1c10	J1c	14	1	FALSE	5024T
J1c10a	J1c10	15	0	FALSE	6716G
J1c11	J1c	14	1	FALSE	16224C
J1c11a	J1c11	15	0	FALSE	15262C
J1c15	J1c	14	2	FALSE	12453C
J1c15a	J1c15	15	1	FALSE	15113G
J1c15a1	J1c15a	16	0	FALSE	5231A 11252G
J1c15b	J1c15	15	0	FALSE	146C! 8152A 9117C 13917G 14182C 15514C 16527T
J1c16	J1c	14	0	FALSE	152C! 12123T 15670C 16218T 16256T
J1c17	J1c	14	1	FALSE	3847C
J1c17a	J1c17	15	0	FALSE	2140A 12634G 16126T! 16311C!
J1c_16261	J1c	14	3	FALSE	16261T
J1c7	J1c_16261	15	1	FALSE	6554T 12127A
J1c7a	J1c7	16	0	FALSE	6464A 13681G
J1c14	J1c_16261	15	0	FALSE	195C! 4491A 8940T 9120G 16274A 16355T
J1c_16261_189	J1c_16261	15	2	FALSE	189G
J1c12	J1c_16261_189	16	2	FALSE	789C
J1c12a	J1c12	17	0	FALSE	4084A
J1c12b	J1c12	17	0	FALSE	13581C
J1c13	J1c_16261_189	16	0	FALSE	204C 6249A 9219G 11503T
J2	J	12	2	FALSE	152C! 7476T 15257A
J2a	J2	13	2	FALSE	195C! 10499G 11377A
J2a1	J2a	14	1	FALSE	14133G
J2a1a	J2a1	15	2	FALSE	513A 7789A 16145A 16231C
J2a1a1	J2a1a	16	5	FALSE	13722G 16261T
J2a1a1a	J2a1a1	17	3	FALSE	310.T 1850C
J2a1a1a1	J2a1a1a	18	0	FALSE	189G 10237C 15191C 16172C
J2a1a1a2	J2a1a1a	18	1	FALSE	3447G
J2a1a1a2a	J2a1a1a2	19	0	FALSE	7501C
J2a1a1a3	J2a1a1a	18	0	FALSE	430C
J2a1a1b	J2a1a1	17	0	FALSE	11518A 14793G
J2a1a1c	J2a1a1	17	0	FALSE	15596A
J2a1a1d	J2a1a1	17	0	FALSE	13753C
J2a1a1e	J2a1a1	17	0	FALSE	16189C!
J2a1a2	J2a1a	16	1	FALSE	6635C 16284G
J2a1a2a	J2a1a2	17	1	FALSE	11857T
J2a1a2a1	J2a1a2a	18	1	FALSE	11386C
J2a1a2a1a	J2a1a2a1	19	0	FALSE	11204C
J2a2	J2a	14	5	FALSE	152T 6671C 11002G 12570G 15679G
J2a2a	J2a2	15	2	FALSE	235G 8386T
J2a2a1	J2a2a	16	1	FALSE	11440A 12171G
J2a2a1_16311!	J2a2a1	17	1	FALSE	16311C!
J2a2a1a	J2a2a1_16311!	18	1	FALSE	152C! 9103C
J2a2a1a1	J2a2a1a	19	0	FALSE	13813A
J2a2a2	J2a2a	16	0	FALSE	11797G 13419G 16169T
J2a2b	J2a2	15	3	FALSE	16241G
J2a2b1	J2a2b	16	1	FALSE	189G
J2a2b1a	J2a2b1	17	0	FALSE	5915T 14061T
J2a2b2	J2a2b	16	0	FALSE	456T 13015C 13830C
J2a2b3	J2a2b	16	0	FALSE	4688C 4802C 8078A 11416T 15672C
J2a2c	J2a2	15	1	FALSE	16231C
J2a2c1	J2a2c	16	0	FALSE	12672G 16214T
J2a2d	J2a2	15	0	FALSE	5493C 7076G 8958T 11016A 13759A 15148A
J2a2e	J2a2	15	0	FALSE	10685A 14364A
J2b	J2	13	2	FALSE	5633T 15812A 16193T
J2b1	J2b	14	8	FALSE	10172A
J2b1a	J2b1	15	6	FALSE	16278T!
J2b1a1	J2b1a	16	1	FALSE	14569A
J2b1a1a	J2b1a1	17	0	FALSE	16126T! 16362C
J2b1a2	J2b1a	16	1	FALSE	6216C
J2b1a2a	J2b1a2	17	0	FALSE	6893T
J2b1a3	J2b1a	16	0	FALSE	10966C
J2b1a4	J2b1a	16	0	FALSE	7302C 15014C
J2b1a6	J2b1a	16	0	FALSE	152T 9016G 9494G 15662G
J2b1a_16311!	J2b1a	16	1	FALSE	16311C!
J2b1a5	J2b1a_16311!	17	0	FALSE	6491T
J2b1b	J2b1	15	1	FALSE	2404C 6962T 10389C
J2b1b1	J2b1b	16	0	FALSE	7211A
J2b1c	J2b1	15	1	FALSE	13899C
J2b1c1	J2b1c	16	0	FALSE	16319A
J2b1d	J2b1	15	0	FALSE	14769G
J2b1e	J2b1	15	1	FALSE	8843C
J2b1e1	J2b1e	16	0	FALSE	8290A 14950T 16438A
J2b1f	J2b1	15	0	FALSE	15453C
J2b1g	J2b1	15	0	FALSE	9872G
J2b1h	J2b1	15	0	FALSE	159C 6830A 13612T 16195C 16242A 16526A
J2b2	J2b	14	0	FALSE	5460A 7391C 14029G
T	JT	11	3	FALSE	709A 1888A 4917G 8697A 10463C 13368A 14905A 15607G 15928A 16294T
T1	T	12	2	FALSE	12633A 16163G 16189C!
T1a	T1	13	7	FALSE	16186T
T1a5	T1a	14	1	FALSE	6152C
T1a5a	T1a5	15	0	FALSE	5378G 12406A 16218T
T1a6	T1a	14	0	FALSE	3867T 10376G
T1a7	T1a	14	0	FALSE	512G 14500G 16274A
T1a8	T1a	14	2	FALSE	4991A
T1a8a	T1a8	15	0	FALSE	4107T 11914A! 16325C
T1a8b	T1a8	15	0	FALSE	9438A 14323A
T1a9	T1a	14	0	FALSE	12879C 16249C
T1a10	T1a	14	1	FALSE	13470G
T1a10a	T1a10	15	0	FALSE	150T 214G 13708A
T1a_152!	T1a	14	6	FALSE	152C!
T1a1'3	T1a_152!	15	2	TRUE	195C!
T1a1	T1a1'3	16	17	FALSE	9899C
T1a1_152	T1a1	17	1	FALSE	152T
T1a1l	T1a1_152	18	0	FALSE	3705A
T1a1a	T1a1	17	1	FALSE	5558G
T1a1a1	T1a1a	18	0	FALSE	5414G
T1a1b	T1a1	17	1	FALSE	10143A 14281T
T1a1b1	T1a1b	18	0	FALSE	9548A 12028C
T1a1c	T1a1	17	0	FALSE	9120G 15965G
T1a1d	T1a1	17	0	FALSE	593C 13132T 13785T
T1a1e	T1a1	17	0	FALSE	2380T 4155T 5054A 12308G 16256T
T1a1f	T1a1	17	0	FALSE	1503A
T1a1g	T1a1	17	0	FALSE	15213C
T1a1h	T1a1	17	0	FALSE	16269C
T1a1i	T1a1	17	0	FALSE	3308G 11944C
T1a1j	T1a1	17	0	FALSE	8530G
T1a1k	T1a1	17	2	FALSE	469T
T1a1k1	T1a1k	18	0	FALSE	146C! 11914A! 12753G
T1a1k2	T1a1k	18	0	FALSE	8974T
T1a1m	T1a1	17	1	FALSE	7783C 16325C
T1a1m1	T1a1m	18	0	FALSE	4917A! 13590A
T1a1n	T1a1	17	0	FALSE	16304C
T1a1p	T1a1	17	0	FALSE	9545G
T1a1q	T1a1	17	0	FALSE	11266T
T1a1r	T1a1	17	0	FALSE	14274G 15607A!
T1a3	T1a1'3	16	1	FALSE	10321C
T1a3a	T1a3	17	0	FALSE	7258C
T1a2	T1a_152!	15	2	FALSE	7853A
T1a2a	T1a2	16	0	FALSE	384G 4959A 5558G 9300A 16261T
T1a2b	T1a2	16	0	FALSE	9111C 12957C 16248T 16266T
T1a4	T1a_152!	15	0	FALSE	7001G 16263C
T1a11	T1a_152!	15	0	FALSE	73A 91T 97A 8412C 13759A 13791T 14284T
T1a12	T1a_152!	15	0	FALSE	15884A 16355T
T1a13	T1a_152!	15	0	FALSE	16129A! 16362C
T1b	T1	13	4	FALSE	16243C
T1b1	T1b	14	0	FALSE	11647T
T1b2	T1b	14	0	FALSE	4739T 9254G
T1b3	T1b	14	0	FALSE	15853T
T1b4	T1b	14	0	FALSE	7310C
T2	T	12	13	FALSE	11812G 14233G
T2_150	T2	13	2	FALSE	150T
T2e	T2_150	14	5	FALSE	16153A
T2e1	T2e	15	2	FALSE	41T
T2e1a	T2e1	16	1	FALSE	2308G
T2e1a1	T2e1a	17	2	FALSE	15499T
T2e1a1a	T2e1a1	18	0	FALSE	41C! 16192T
T2e1a1b	T2e1a1	18	1	FALSE	16189C!
T2e1a1b1	T2e1a1b	19	0	FALSE	247A! 4924A 8864C 10682T
T2e1b	T2e1	16	1	FALSE	9181G
T2e1b1	T2e1b	17	0	FALSE	15787C
T2e2	T2e	15	1	FALSE	9139A
T2e2a	T2e2	16	0	FALSE	6026A
T2e5	T2e	15	0	FALSE	200G 8230T
T2e6	T2e	15	0	FALSE	16240C
T2e_152!	T2e	15	1	FALSE	152C!
T2e7	T2e_152!	16	0	FALSE	3203G
T2m	T2_150	14	0	FALSE	153G 8404C 16270T 16357C
T2_16189!	T2	13	1	FALSE	16189C!
T2f	T2_16189!	14	8	FALSE	8270T 8281-8289d
T2f1	T2f	15	1	FALSE	195C! 6489A
T2f1a	T2f1	16	1	FALSE	5277C 5426C 15043A 16298C
T2f1a1	T2f1a	17	0	FALSE	15028A
T2f2	T2f	15	0	FALSE	7984A 16140C 16311C!
T2f3	T2f	15	0	FALSE	8854A 16278T!
T2f4	T2f	15	0	FALSE	6392C
T2f5	T2f	15	0	FALSE	499A 751T 8419C
T2f6	T2f	15	0	FALSE	11818G
T2f7	T2f	15	1	FALSE	10496G
T2f7a	T2f7	16	0	FALSE	16292T
T2f8	T2f	15	1	FALSE	14118G
T2f8a	T2f8	16	0	FALSE	5322C
T2a	T2	13	2	FALSE	13965C
T2a1	T2a	14	2	FALSE	14687G
T2a1a	T2a1	15	7	FALSE	2850C 7022C
T2a1a1	T2a1a	16	0	FALSE	8715C
T2a1a2	T2a1a	16	0	FALSE	4688C
T2a1a3	T2a1a	16	1	FALSE	5498G
T2a1a3a	T2a1a3	17	0	FALSE	4808T
T2a1a5	T2a1a	16	0	FALSE	15935G
T2a1a6	T2a1a	16	0	FALSE	6425C
T2a1a7	T2a1a	16	0	FALSE	7268C
T2a1a8	T2a1a	16	0	FALSE	4931T
T2a1b	T2a1	15	2	FALSE	16324C
T2a1b1	T2a1b	16	1	FALSE	2141C 13966G
T2a1b1a	T2a1b1	17	2	FALSE	9117C
T2a1b1a1	T2a1b1a	18	2	FALSE	12741T
T2a1b1a1a	T2a1b1a1	19	2	FALSE	6524C
T2a1b1a1a1	T2a1b1a1a	20	0	FALSE	9948A
T2a1b1a1a2	T2a1b1a1a	20	0	FALSE	1420C 6249A
T2a1b1a1b	T2a1b1a1	19	1	FALSE	3350C
T2a1b1a1b1	T2a1b1a1b	20	0	FALSE	8256C
T2a1b1a2	T2a1b1a	18	0	FALSE	15110A 16292T
T2a1b2	T2a1b	16	2	FALSE	3882A
T2a1b2a	T2a1b2	17	0	FALSE	15454C
T2a1b2b	T2a1b2	17	0	FALSE	16256T
T2a_195!	T2a	14	2	FALSE	195C!
T2a2	T2a_195!	15	1	FALSE	198T 13020C
T2a2a	T2a2	16	0	FALSE	215G
T2a3	T2a_195!	15	0	FALSE	4464A
T2b	T2	13	31	FALSE	930A 5147A 16304C
T2b1	T2b	14	0	FALSE	14016A
T2b2	T2b	14	1	FALSE	11242G
T2b2b	T2b2	15	1	FALSE	16304T!
T2b2b1	T2b2b	16	0	FALSE	12171G 16192T
T2b3	T2b	14	2	FALSE	10750G
T2b3_151	T2b3	15	4	FALSE	151T
T2b3a	T2b3_151	16	1	FALSE	152C! 5656G 16292T
T2b3a1	T2b3a	17	0	FALSE	55.T 57C 59C
T2b3c	T2b3_151	16	0	FALSE	7150C
T2b3d	T2b3_151	16	0	FALSE	199C 14544A
T2b3e	T2b3_151	16	0	FALSE	16187T!
T2b3b	T2b3	15	0	FALSE	13722G
T2b4	T2b	14	3	FALSE	9254G
T2b4_152!	T2b4	15	7	FALSE	152C!
T2b4b	T2b4_152!	16	0	FALSE	16104T
T2b4c	T2b4_152!	16	0	FALSE	3992T
T2b4d	T2b4_152!	16	0	FALSE	8711G
T2b4e	T2b4_152!	16	0	FALSE	13743C
T2b4f	T2b4_152!	16	0	FALSE	12172G
T2b4g	T2b4_152!	16	0	FALSE	15445C
T2b4h	T2b4_152!	16	0	FALSE	214G
T2b4a	T2b4	15	1	FALSE	16172C
T2b4a1	T2b4a	16	0	FALSE	5527G
T2b4i	T2b4	15	0	FALSE	8152A 16218T
T2b5	T2b	14	1	FALSE	3826C
T2b5a	T2b5	15	1	FALSE	5201C
T2b5a1	T2b5a	16	0	FALSE	8504C
T2b6	T2b	14	2	FALSE	458T 1709A 9300A 11533T
T2b6_146!	T2b6	15	1	FALSE	146C!
T2b6b	T2b6_146!	16	0	FALSE	8730G 14016A 16218T 16287T
T2b6a	T2b6	15	0	FALSE	12007A
T2b7	T2b	14	1	FALSE	9966A
T2b7a	T2b7	15	3	FALSE	9180G
T2b7a1	T2b7a	16	0	FALSE	152C! 13768C 16257d
T2b7a2	T2b7a	16	0	FALSE	1836G 16239T
T2b7a3	T2b7a	16	0	FALSE	11440A 16292T
T2b8	T2b	14	0	FALSE	3338C
T2b11	T2b	14	0	FALSE	207A 3398C
T2b13	T2b	14	2	FALSE	14861A
T2b13a	T2b13	15	0	FALSE	16051G
T2b13b	T2b13	15	0	FALSE	7269A
T2b15	T2b	14	0	FALSE	5836G 8281-8289d
T2b17	T2b	14	1	FALSE	13692T
T2b17a	T2b17	15	0	FALSE	4688C 7891T
T2b19	T2b	14	1	FALSE	13928C
T2b19b	T2b19	15	0	FALSE	13681G 16248T
T2b23	T2b	14	1	FALSE	12441C 16147T 16297C
T2b23a	T2b23	15	0	FALSE	9224C
T2b24	T2b	14	1	FALSE	321C
T2b24a	T2b24	15	0	FALSE	5426C 8572A
T2b25	T2b	14	0	FALSE	7521A! 8934T
T2b26	T2b	14	0	FALSE	14180C
T2b27	T2b	14	0	FALSE	7897A
T2b28	T2b	14	0	FALSE	11176A 11914A!
T2b29	T2b	14	0	FALSE	5483C 8419C
T2b30	T2b	14	0	FALSE	6026A
T2b31	T2b	14	0	FALSE	5811G
T2b32	T2b	14	0	FALSE	1871G 6620C 15884A
T2b33	T2b	14	0	FALSE	385G 1530G 16266T
T2b34	T2b	14	0	FALSE	41T 319C 9861C
T2b35	T2b	14	0	FALSE	9843G
T2b36	T2b	14	0	FALSE	15758G
T2b37	T2b	14	0	FALSE	14569A
T2b_150	T2b	14	1	FALSE	150T
T2b9	T2b_150	15	0	FALSE	5580C 10559G
T2b_152!	T2b	14	2	FALSE	152C!
T2b21	T2b_152!	15	2	FALSE	14836G
T2b21a	T2b21	16	0	FALSE	10490C 12557T 16169T
T2b21b	T2b21	16	0	FALSE	15090C
T2b22	T2b_152!	15	0	FALSE	3820T 12223G 13500C
T2b_16362	T2b	14	1	FALSE	16362C
T2b16	T2b_16362	15	0	FALSE	634C
T2c	T2	13	1	FALSE	10822T
T2c1	T2c	14	3	FALSE	6261A 16292T
T2c1_146!	T2c1	15	3	FALSE	146C!
T2c1d	T2c1_146!	16	2	FALSE	279C 5187T 7873T
T2c1d1	T2c1d	17	1	FALSE	11914A!
T2c1d1a	T2c1d1	18	0	FALSE	12363T
T2c1d_152!	T2c1d	17	1	FALSE	152C!
T2c1d2	T2c1d_152!	18	1	FALSE	15784C
T2c1d2a	T2c1d2	19	0	FALSE	7679C
T2c1e	T2c1_146!	16	0	FALSE	10289G
T2c1f	T2c1_146!	16	0	FALSE	16438A
T2c1a	T2c1	15	3	FALSE	8455T 13973T
T2c1a1	T2c1a	16	0	FALSE	152C! 499A 6998T 8838A 11914A!
T2c1a2	T2c1a	16	0	FALSE	5817T
T2c1a3	T2c1a	16	0	FALSE	9612A 11800G
T2c1c	T2c1	15	2	FALSE	4823C 16146G
T2c1c1	T2c1c	16	0	FALSE	150T 3834A 3915A 15454C 15601C
T2c1c2	T2c1c	16	0	FALSE	7283C 8775T 16284G
T2d	T2	13	2	FALSE	13260C
T2d1	T2d	14	2	FALSE	152C! 5747G 13708A
T2d1a	T2d1	15	0	FALSE	16086C
T2d1b	T2d1	15	2	FALSE	194T 200G 7295G 12373G
T2d1b1	T2d1b	16	0	FALSE	9617G 11827C
T2d1b2	T2d1b	16	0	FALSE	9233C
T2d2	T2d	14	0	FALSE	5471A 6445T 12408C 14323A 14605G
T2g	T2	13	2	FALSE	14798C
T2g1	T2g	14	2	FALSE	3834A 14839G
T2g1a	T2g1	15	1	FALSE	1977C
T2g1a1	T2g1a	16	0	FALSE	16148T
T2g1b	T2g1	15	0	FALSE	16051G
T2g2	T2g	14	1	FALSE	507C 1766C 7337A 13834G
T2g2a	T2g2	15	0	FALSE	16188T 16257T
T2h	T2	13	2	FALSE	12397G
T2h1	T2h	14	0	FALSE	6260A 9234G
T2h2	T2h	14	0	FALSE	8041G 12771A 16172C
T2i	T2	13	2	FALSE	8155A 9422C 16362C
T2i1	T2i	14	0	FALSE	16286T
T2i2	T2i	14	0	FALSE	11812A! 16294C!
T2j	T2	13	1	FALSE	16260T
T2j1	T2j	14	0	FALSE	4695C 6620C 11914A! 14040A
T2k	T2	13	0	FALSE	8271G 10446G 11062T 16291T
T2l	T2	13	0	FALSE	11383C
T2n	T2	13	0	FALSE	152C! 10750G
T3	T	12	0	FALSE	195C! 1406C 1829G 4225G 11467G 11778A 13956G 13980A 15509G 16325C
R2	R2'JT	10	1	FALSE	152C! 4769A 7657C 8473C 9932A 10685A 12654G 14305A 16071T
R2_13500	R2	11	4	FALSE	13500C
R2_13500_195!	R2_13500	12	1	FALSE	195C!
R2a	R2_13500_195!	13	0	FALSE	769A! 12519C
R2b	R2_13500	12	1	FALSE	8790A 9738A 14062G 14323A
R2b1	R2b	13	0	FALSE	146C! 15204C
R2c	R2_13500	12	0	FALSE	146C! 8994A 9861C 12793C 14185G 16320T
R2d	R2_13500	12	0	FALSE	8143C 13434G 13914A
R5	R	9	1	FALSE	8594C 10754G 14544A 16304C 16524G
R5a	R5	10	2	FALSE	16266T
R5a1	R5a	11	1	FALSE	93G 200G 2833G
R5a1a	R5a1	12	0	FALSE	8987C 9708C 10084C
R5a2	R5a	11	2	FALSE	152C! 11293G 13635C 14040A 15385T 16356C
R5a2a	R5a2	12	0	FALSE	16266C! 16311C!
R5a2b	R5a2	12	4	FALSE	597.T 14990T 16309G 16325C
R5a2b1	R5a2b	13	0	FALSE	6629G
R5a2b2	R5a2b	13	0	FALSE	16266C!
R5a2b3	R5a2b	13	0	FALSE	11409T
R5a2b4	R5a2b	13	0	FALSE	13827G
R6	R	9	2	FALSE	12285C 16362C
R6_16129!	R6	10	1	FALSE	16129A!
R6a	R6_16129!	11	2	FALSE	228A 11075C 14058T
R6a1	R6a	12	0	FALSE	6305A 8584A 8650T 16318G 16320T
R6a2	R6a	12	0	FALSE	12133T 15067C
R6b	R6	10	0	FALSE	246C 4991A 7364G 9254G 16179T 16227G 16245T 16278C
R7	R	9	1	FALSE	13105G! 16319A 16362C
R7a'b	R7	10	2	TRUE	1442A 6248C 7870C 9051G 9110C 10289G 13830C 16260T 16261T
R7a	R7a'b	11	1	FALSE	10143A 10915C! 13404C 15346A
R7a1	R7a	12	2	FALSE	12406A 13674C
R7a1a	R7a1	13	0	FALSE	5585A 15497A 16146G
R7a1b	R7a1	13	2	FALSE	3105G
R7a1b1	R7a1b	14	0	FALSE	4596A 16075C
R7a1b2	R7a1b	14	0	FALSE	16390A
R7b	R7a'b	11	2	FALSE	146C! 2282T 8557A 14064T 16311C!
R7b1	R7b	12	1	FALSE	1804G 12432T 15942C
R7b1a	R7b1	13	1	FALSE	152C! 6254G 15326A
R7b1a1	R7b1a	14	0	FALSE	9325C 11776C
R7b2	R7b	12	0	FALSE	3817T 7310C 7711C 11380G 12246T 12384C 12940A
R8	R	9	2	FALSE	195C! 2755G 3384G 7759C 9449T 13215C
R8a	R8	10	2	FALSE	5510G 15326A
R8a1	R8a	11	2	FALSE	709A 5911T 13782T
R8a1_16093	R8a1	12	1	FALSE	16093C
R8a1b	R8a1_16093	13	0	FALSE	13212T 14041T
R8a1a	R8a1	12	3	FALSE	9716C
R8a1a1	R8a1a	13	4	FALSE	8646T
R8a1a1a	R8a1a1	14	2	FALSE	6131G
R8a1a1a1	R8a1a1a	15	1	FALSE	243G
R8a1a1a1a	R8a1a1a1	16	0	FALSE	3483A 5298G 11050C
R8a1a1a2	R8a1a1a	15	0	FALSE	4695C 7444A 16185T
R8a1a1b	R8a1a1	14	0	FALSE	16153A
R8a1a1c	R8a1a1	14	0	FALSE	11914A!
R8a1a1d	R8a1a1	14	0	FALSE	9210G 12462A 16390A
R8a1a2	R8a1a	13	1	FALSE	4205C 16324C
R8a1a2a	R8a1a2	14	0	FALSE	7364G 11172G 11497T 12127A
R8a1a3	R8a1a	13	0	FALSE	16292T
R8a2	R8a	11	0	FALSE	185A 189G 195T 11864C
R8b	R8	10	2	FALSE	456T 6485G 12007A 13194A 16390A
R8b1	R8b	11	1	FALSE	154C
R8b1a	R8b1	12	0	FALSE	2392C
R8b2	R8b	11	0	FALSE	150T 456.T 4136G 14502C 15250T 16172C
R9	R	9	3	FALSE	3970T 13928C 16304C
F	R9	10	4	FALSE	249d 6392C 10310A
F1	F	11	2	FALSE	6962A 10609C 12406A 12882T
F1_16189!	F1	12	4	FALSE	16189C!
F1b	F1_16189!	13	1	FALSE	152C! 10976T 12633T 14476A 16232A 16249C 16311C!
F1b1	F1b	14	4	FALSE	4732G 5147A
F1b1_152	F1b1	15	3	FALSE	152T
F1b1d	F1b1_152	16	0	FALSE	153G 15459T
F1b1e	F1b1_152	16	1	FALSE	1709T 8104C
F1b1e1	F1b1e	17	0	FALSE	3202C 9007G
F1b1f	F1b1_152	16	0	FALSE	10045C
F1b1a	F1b1	15	2	FALSE	16129A! 16344T
F1b1a1	F1b1a	16	1	FALSE	15954G
F1b1a1a	F1b1a1	17	3	FALSE	5049T
F1b1a1a1	F1b1a1a	18	1	FALSE	4705C
F1b1a1a1a	F1b1a1a1	19	0	FALSE	14103A
F1b1a1a2	F1b1a1a	18	0	FALSE	9389G
F1b1a1a3	F1b1a1a	18	0	FALSE	15193G
F1b1a2	F1b1a	16	0	FALSE	14629T
F1b1b	F1b1	15	0	FALSE	204C 8772C 16172C
F1b1c	F1b1	15	0	FALSE	5508C 10235C 12633C! 16311T
F1d	F1_16189!	13	1	FALSE	146C! 1734T 5628C 7738C 15402T
F1d1	F1d	14	0	FALSE	13135A
F1e	F1_16189!	13	3	FALSE	5587C 15024A
F1e1	F1e	14	1	FALSE	12618A
F1e1a	F1e1	15	0	FALSE	3027C 10007C 13260C 13749T 15022T 15496G 16355T
F1e2	F1e	14	0	FALSE	189G 195C! 9078C 11326T 14218C 16234T 16242T
F1e3	F1e	14	0	FALSE	150T 16300G
F1g	F1_16189!	13	1	FALSE	2389T 3398C
F1g1	F1g	14	0	FALSE	3621C
F1a'c'f	F1	12	3	TRUE	9053A 13759A 16129A!
F1a	F1a'c'f	13	3	FALSE	4086T 16172C
F1a1'4	F1a	14	2	TRUE	9548A
F1a1	F1a1'4	15	4	FALSE	16162G
F1a1a	F1a1	16	1	FALSE	8149G 16108T
F1a1a1	F1a1a	17	0	FALSE	11215T
F1a1b	F1a1	16	0	FALSE	64T 14002G
F1a1c	F1a1	16	3	FALSE	548T 10211T
F1a1c1	F1a1c	17	0	FALSE	195C! 3666A 10283G 16224C
F1a1c2	F1a1c	17	0	FALSE	15314A 15629C
F1a1c3	F1a1c	17	0	FALSE	2706A 6098G
F1a1d	F1a1	16	1	FALSE	11380G 16399G
F1a1d1	F1a1d	17	0	FALSE	10042G 14305A
F1a4	F1a1'4	15	2	FALSE	15445C
F1a4a	F1a4	16	1	FALSE	152C! 5985A 16362C
F1a4a1	F1a4a	17	0	FALSE	8277C 13422G 16294T
F1a4b	F1a4	16	0	FALSE	466C 8251A
F1a2	F1a	14	1	FALSE	10034C 16129G
F1a2a	F1a2	15	0	FALSE	16465T
F1a3	F1a	14	2	FALSE	15565C
F1a3_16311!	F1a3	15	1	FALSE	16311C!
F1a3a	F1a3_16311!	16	3	FALSE	9554A 9944C 13748G
F1a3a1	F1a3a	17	1	FALSE	16129G 16390A
F1a3a1a	F1a3a1	18	0	FALSE	8705C 16284G
F1a3a2	F1a3a	17	0	FALSE	150T 4011T 16189C!
F1a3a3	F1a3a	17	1	FALSE	15452T
F1a3a3a	F1a3a3	18	0	FALSE	14323A
F1a3b	F1a3	15	0	FALSE	53A 54C 318C 8718G 13044T
F1c	F1a'c'f	13	1	FALSE	709A 10454C
F1c1	F1c	14	1	FALSE	152C! 6599G
F1c1a	F1c1	15	2	FALSE	16111T
F1c1a1	F1c1a	16	2	FALSE	16266T
F1c1a1a	F1c1a1	17	0	FALSE	9647C
F1c1a1b	F1c1a1	17	0	FALSE	8772C
F1c1a2	F1c1a	16	0	FALSE	1927A
F1f	F1a'c'f	13	0	FALSE	4715G 6515C 12771A
F2	F	11	6	FALSE	1005C 1824C 7828G 10535C 10586A 12338C 13708A
F2_195!	F2	12	2	FALSE	195C!
F2h	F2_195!	13	0	FALSE	9612C 10005G 11696A 14002G 14560A 15862C
F2i	F2_195!	13	0	FALSE	152C! 275A 3753C 10084C 11323T 11410C 16221T
F2_16291	F2	12	3	FALSE	16291T
F2a	F2_16291	13	1	FALSE	16203G
F2a_16291!	F2a	14	1	FALSE	16291C!
F2a1	F2a_16291!	15	0	FALSE	10810C!
F2b	F2_16291	13	1	FALSE	4811G
F2b1	F2b	14	0	FALSE	16092A
F2g	F2_16291	13	0	FALSE	747G
F2c	F2	12	2	FALSE	13722G
F2c1	F2c	13	0	FALSE	11150A 16189C!
F2c2	F2c	13	0	FALSE	761G 5978G 6156T 6570T 8152A 14133G 15418T 16067T 16271C
F2d	F2	12	0	FALSE	235G 1009T 16304T!
F2e	F2	12	1	FALSE	2281G 3010A 14769G
F2e1	F2e	13	0	FALSE	64T 153G 4820A 8020A 8473C 13782A 16260T
F2f	F2	12	0	FALSE	11339C
F3	F	11	2	FALSE	3434G 5585A 5913A 5978G 10320A 11065G 16298C 16304T! 16362C
F3a	F3	12	1	FALSE	12621T 16355T
F3a_207	F3a	13	1	FALSE	207A
F3a1	F3a_207	14	0	FALSE	709A 5894G 14971C 16260T
F3b	F3	12	1	FALSE	9947A 16220C
F3b_152!	F3b	13	1	FALSE	152C!
F3b1	F3b_152!	14	2	FALSE	150T 5076T 8838A 11065A! 15784C 16265G
F3b1a	F3b1	15	2	FALSE	6791G 16311C!
F3b1a2	F3b1a	16	0	FALSE	152T 16265A!
F3b1a_16093	F3b1a	16	1	FALSE	16093C
F3b1a1	F3b1a_16093	17	0	FALSE	16274A
F3b1b	F3b1	15	1	FALSE	8337C 14133G
F3b1b1	F3b1b	16	0	FALSE	14013G
F4	F	11	2	FALSE	5263T 12630A 15670C
F4a	F4	12	2	FALSE	146C! 152C! 3290C 10915C! 16207G 16399G
F4a1	F4a	13	2	FALSE	12153T 13602C 16362C
F4a1a	F4a1	14	0	FALSE	207A 7861C 11038G 12396C 12408C 16497G
F4a1b	F4a1	14	0	FALSE	152T 317A 3316A 7561C 16126C
F4a2	F4a	13	0	FALSE	281G 11776C 12612G 14016A 15908C
F4b	F4	12	1	FALSE	6653T 8020A 8575T 8603C 16218T 16311C!
F4b1	F4b	13	0	FALSE	10097C
R9b	R9	10	2	FALSE	1541C
R9b1	R9b	11	2	FALSE	12714C 16309G 16390A
R9b1a	R9b1	12	3	FALSE	183G 16192T
R9b1a1	R9b1a	13	1	FALSE	143A 4017T 7849T
R9b1a1a	R9b1a1	14	0	FALSE	16288C
R9b1a2	R9b1a	13	2	FALSE	10736T
R9b1a2a	R9b1a2	14	0	FALSE	12172G 16145A 16243C
R9b1a2b	R9b1a2	14	0	FALSE	6620C
R9b1a3	R9b1a	13	0	FALSE	3204T 3316A 6815C
R9b1b	R9b1	12	0	FALSE	2322A 16124C 16148T
R9b2	R9b	11	0	FALSE	3666A 6647G 8724G 11299C 11422T 13191C 13722G 15314A 15883A 16362C
R9c	R9	10	1	FALSE	7861C 11002G 15479C
R9c1	R9c	11	2	FALSE	16157C
R9c1a	R9c1	12	3	FALSE	249d 951A 6446A 8440G 11308T 14227T 15734A 16256T 16335G
R9c1a1	R9c1a	13	0	FALSE	1462A
R9c1a2	R9c1a	13	0	FALSE	11197T
R9c1a3	R9c1a	13	0	FALSE	12123T
R9c1b	R9c1	12	2	FALSE	12618A
R9c1b1	R9c1b	13	0	FALSE	151T 479G 7684C
R9c1b2	R9c1b	13	0	FALSE	7299G 12406A
R12'21	R	9	2	TRUE	10398G! 11404G 16295T
R12	R12'21	10	0	FALSE	4011T 4200G 4695C 4703C 5417A 8027A 8906G 9386C 9644G 9881C 12172G 13708A 13759A 14305A 14989T 15562G 15884A
R21	R12'21	10	0	FALSE	146C! 152C! 199C 249G 1709A 1719A 2397T 4711T 8279C 9067G 9077C 9109G 10610T 12234G 12510T 13145A 15613G 16168T 16296T 16304C
R14	R	9	0	FALSE	56T 182T 204C 234G 4002C 7022G 8860A 9128C 10172A 11321G 11560G 12612G 13281C 14002G 14800T 15394C 15458C 16187T! 16288C 16304G 16362C
R22	R	9	0	FALSE	152C! 329A 1040C 6770G 10316G 10609C 13359A 16249C 16288C 16304C
R23	R	9	0	FALSE	195C! 634A 6216C 7007T 7158G 7388G 7822G 8614C 10987G 11914A! 12151G 12459G 13885A 14687G 15412C 16256T 16290T 16465T
R30	R	9	2	FALSE	8584A
R30a	R30	10	1	FALSE	3316A 6764A 11047A 12714C 15055C
R30a1	R30a	11	3	FALSE	2056A 4232C 5442C 9156G 9242G
R30a1a	R30a1	12	0	FALSE	10688A!
R30a1b	R30a1	12	1	FALSE	4225G 16209C
R30a1b1	R30a1b	13	0	FALSE	11735T 16256T
R30a1c	R30a1	12	0	FALSE	9142A 9869G 13161C 13773G 16172C 16278T!
R30b	R30	10	2	FALSE	373G
R30b1	R30b	11	0	FALSE	152C! 299d 480C 1598A 4062C 4225G 5836G 7268G 7490G 8805G 9174C 10631A 11009C 12406A 13236G 14194T 14305A 15307T 16189C! 16298C 16299G
R30b2	R30b	11	1	FALSE	6290T 7280T 7843G 13539G 15148A 16292T
R30b2a	R30b2	12	0	FALSE	14000A
R31	R	9	2	FALSE	15884A
R31a	R31	10	1	FALSE	146C! 338T 1531T 5348T 6293C 6480A 7981T 10373A 10631T 13557G 13768A 14553T 15334T 16172C 16304C
R31a1	R31a	11	0	FALSE	152C! 237G 2248C 8842G 14290C 16463G
R31b	R31	10	0	FALSE	207A 228A 234G 1309G 1452C 2763C 3849A 3882A 5503C 6827C 7046G 8400C 8988G 12007A 12651A 14488C 15148A 16051G 16093C 16189C! 16218T 16292T
R32	R	9	0	FALSE	152C! 3816G 4820A 8281-8289d 8464T 8743A 8784G 8887G 9116C 12771A 15712G 16145A 16185T 16239T 16311C! 16325C
R_16189!	R	9	3	FALSE	16189C!
B4'5	R_16189!	10	2	TRUE	8281-8289d
B4	B4'5	11	4	FALSE	16217C
B4_16261	B4	12	6	FALSE	16261T
B4a	B4_16261	13	5	FALSE	5465C 9123A
B4a1	B4a	14	4	FALSE	10238C
B4a1_16311!	B4a1	15	2	FALSE	16311C!
B4a1b	B4a1_16311!	16	1	FALSE	9932A 10915C! 13143C 16288C
B4a1b1	B4a1b	17	1	FALSE	16268T
B4a1b1a	B4a1b1	18	0	FALSE	9977C
B4a1e	B4a1_16311!	16	0	FALSE	3548C 16168T
B4a1a	B4a1	15	7	FALSE	146C! 6719C 12239T 15746G
B4a1a1	B4a1a	16	31	FALSE	14022G
B4a1a1_151	B4a1a1	17	1	FALSE	151T
B4a1a1m	B4a1a1_151	18	1	FALSE	2416C
B4a1a1m1	B4a1a1m	19	0	FALSE	1692G
B4a1a1_152!	B4a1a1	17	1	FALSE	152C!
B4a1a1o	B4a1a1_152!	18	0	FALSE	11203T
B4a1a1_16126	B4a1a1	17	1	FALSE	16126C
B4a1a1r	B4a1a1_16126	18	0	FALSE	3909T
B4a1a1a	B4a1a1	17	23	FALSE	6905G
B4a1a1a1	B4a1a1a	18	4	FALSE	13479G
B4a1a1a1a	B4a1a1a1	19	1	FALSE	373G
B4a1a1a1a1	B4a1a1a1a	20	0	FALSE	8842G
B4a1a1a1b	B4a1a1a1	19	0	FALSE	7598A
B4a1a1a1c	B4a1a1a1	19	0	FALSE	94A 10084C
B4a1a1a1d	B4a1a1a1	19	0	FALSE	152C! 12940A
B4a1a1a2	B4a1a1a	18	2	FALSE	16292T
B4a1a1a2a	B4a1a1a2	19	0	FALSE	15905C
B4a1a1a2b	B4a1a1a2	19	0	FALSE	16136C
B4a1a1a3	B4a1a1a	18	0	FALSE	14470C
B4a1a1a4	B4a1a1a	18	0	FALSE	16249C
B4a1a1a5	B4a1a1a	18	0	FALSE	14560A 15355A
B4a1a1a6	B4a1a1a	18	0	FALSE	10931C
B4a1a1a7	B4a1a1a	18	0	FALSE	14540C
B4a1a1a8	B4a1a1a	18	0	FALSE	235G 6261A 12468C
B4a1a1a9	B4a1a1a	18	0	FALSE	2706A 16163G
B4a1a1a10	B4a1a1a	18	0	FALSE	10364A
B4a1a1a11	B4a1a1a	18	2	FALSE	13943T
B4a1a1a11a	B4a1a1a11	19	0	FALSE	10966C
B4a1a1a11b	B4a1a1a11	19	0	FALSE	16261C!
B4a1a1a12	B4a1a1a	18	0	FALSE	16305G
B4a1a1a13	B4a1a1a	18	0	FALSE	4093G
B4a1a1a14	B4a1a1a	18	0	FALSE	16390A
B4a1a1a15	B4a1a1a	18	0	FALSE	13759A
B4a1a1a16	B4a1a1a	18	0	FALSE	16182T
B4a1a1a17	B4a1a1a	18	0	FALSE	7534T
B4a1a1a18	B4a1a1a	18	0	FALSE	9145A 16051G
B4a1a1a19	B4a1a1a	18	0	FALSE	16302G
B4a1a1a20	B4a1a1a	18	0	FALSE	11016A 16274A
B4a1a1a21	B4a1a1a	18	0	FALSE	4216C
B4a1a1a22	B4a1a1a	18	0	FALSE	3398C
B4a1a1a_195!	B4a1a1a	18	1	FALSE	195C!
B4a1a1a23	B4a1a1a_195!	19	0	FALSE	9734G
B4a1a1aa	B4a1a1	17	0	FALSE	4742C 16311C!
B4a1a1ab	B4a1a1	17	0	FALSE	9809G
B4a1a1ac	B4a1a1	17	0	FALSE	8790A
B4a1a1ad	B4a1a1	17	0	FALSE	5460A 15061G
B4a1a1ae	B4a1a1	17	0	FALSE	7058C
B4a1a1af	B4a1a1	17	0	FALSE	16212G
B4a1a1b	B4a1a1	17	0	FALSE	1473T 3423A
B4a1a1c	B4a1a1	17	0	FALSE	1185T 4769A
B4a1a1d	B4a1a1	17	0	FALSE	6581G
B4a1a1e	B4a1a1	17	0	FALSE	3391A
B4a1a1f	B4a1a1	17	0	FALSE	7740G
B4a1a1g	B4a1a1	17	0	FALSE	8338G
B4a1a1h	B4a1a1	17	0	FALSE	318C 10031C
B4a1a1i	B4a1a1	17	0	FALSE	11399C 11887A
B4a1a1j	B4a1a1	17	0	FALSE	16289T
B4a1a1k	B4a1a1	17	1	FALSE	16399G
B4a1a1k1	B4a1a1k	18	0	FALSE	70A 16352C
B4a1a1n	B4a1a1	17	0	FALSE	8572A
B4a1a1p	B4a1a1	17	0	FALSE	13416G
B4a1a1q	B4a1a1	17	0	FALSE	16255A
B4a1a1s	B4a1a1	17	0	FALSE	11407T
B4a1a1t	B4a1a1	17	0	FALSE	15221A
B4a1a1u	B4a1a1	17	0	FALSE	10325A
B4a1a1v	B4a1a1	17	0	FALSE	7346G 13908T
B4a1a1w	B4a1a1	17	0	FALSE	7389C
B4a1a1x	B4a1a1	17	0	FALSE	15924G
B4a1a1y	B4a1a1	17	0	FALSE	15601C
B4a1a1z	B4a1a1	17	0	FALSE	14683G
B4a1a2	B4a1a	16	0	FALSE	4733C 6366A 12519C
B4a1a3	B4a1a	16	1	FALSE	14449G
B4a1a3a	B4a1a3	17	1	FALSE	16223T!
B4a1a3a1	B4a1a3a	18	1	FALSE	8525G
B4a1a3a1a	B4a1a3a1	19	0	FALSE	195C! 14290C
B4a1a4	B4a1a	16	0	FALSE	4025T 4769A
B4a1a5	B4a1a	16	1	FALSE	4048A
B4a1a5a	B4a1a5	17	0	FALSE	5539G
B4a1a6	B4a1a	16	1	FALSE	11928G
B4a1a6a	B4a1a6	17	0	FALSE	3483A
B4a1a7	B4a1a	16	0	FALSE	6492T 13350G
B4a1c	B4a1	15	3	FALSE	709A
B4a1c1	B4a1c	16	1	FALSE	9254G
B4a1c1a	B4a1c1	17	1	FALSE	15292T
B4a1c1a1	B4a1c1a	18	0	FALSE	73C 89C
B4a1c3	B4a1c	16	2	FALSE	16194C 16195C
B4a1c3a	B4a1c3	17	0	FALSE	310C 3960T 4203G 5263T 7927T 15479C 16000A 16266G
B4a1c3b	B4a1c3	17	0	FALSE	4218C 4907C
B4a1c_146!	B4a1c	16	3	FALSE	146C!
B4a1c2	B4a1c_146!	17	0	FALSE	7052G 7271G 9822A 15661T 16167T 16317G
B4a1c4	B4a1c_146!	17	0	FALSE	12904G
B4a1c5	B4a1c_146!	17	0	FALSE	11632T 12237T 15038G
B4a1d	B4a1	15	0	FALSE	5894G
B4a2	B4a	14	2	FALSE	6620C 9812T
B4a2a	B4a2	15	3	FALSE	4823C 16324C
B4a2a1	B4a2a	16	0	FALSE	5824A 6131G 15777A 16129A!
B4a2a2	B4a2a	16	0	FALSE	3693A 16154C
B4a2a3	B4a2a	16	0	FALSE	11992C 12366G 16272G
B4a2b	B4a2	15	1	FALSE	16360T
B4a2b1	B4a2b	16	1	FALSE	10876G
B4a2b1a	B4a2b1	17	0	FALSE	9069G 13413G
B4a3	B4a	14	0	FALSE	15355A 15632A 15940C 15941C 15983C 16092C 16399G
B4a4	B4a	14	0	FALSE	193G 14751T 16299G
B4a5	B4a	14	0	FALSE	5814C 12732C 14518G
B4g	B4_16261	13	2	FALSE	9968T 16213A 16292T
B4g1	B4g	14	2	FALSE	7789A
B4g1a	B4g1	15	0	FALSE	5108C 14905A
B4g1b	B4g1	15	0	FALSE	11353C 13547T 16153A
B4g2	B4g	14	0	FALSE	62A 2378T 6482T 16301T
B4h	B4_16261	13	1	FALSE	5093C 13269G 16129A!
B4h1	B4h	14	0	FALSE	4703C 16217T!
B4i	B4_16261	13	1	FALSE	6302G
B4i1	B4i	14	0	FALSE	6497C 9329A
B4k	B4_16261	13	0	FALSE	5483C 12741T 16093C
B4m	B4_16261	13	0	FALSE	10398G! 16240G
B4b'd'e'j	B4	12	4	TRUE	827G 15535T
B4b	B4b'd'e'j	13	2	FALSE	499A 4820A 13590A
B2	B4b	14	25	FALSE	3547G 4977C 6473T 9950C 11177T
B2_16278!	B2	15	1	FALSE	16278T!
B2w	B2_16278!	16	0	FALSE	146C! 11950G 14569A 16270G
B2a	B2	15	5	FALSE	16111T 16483A
B2a1	B2a	16	2	FALSE	10895G
B2a1a	B2a1	17	1	FALSE	14766C
B2a1a1	B2a1a	18	0	FALSE	12729G
B2a1b	B2a1	17	0	FALSE	3027C 12890T
B2a2	B2a	16	0	FALSE	9097G
B2a3	B2a	16	0	FALSE	551G 5054A
B2a4	B2a	16	1	FALSE	16092C
B2a4a	B2a4	17	1	FALSE	228A
B2a4a1	B2a4a	18	0	FALSE	3663G 10685A 16325C
B2a5	B2a	16	0	FALSE	189G 5987T 11884G 13221G 16278T!
B2b	B2	15	4	FALSE	6755A
B2b2	B2b	16	1	FALSE	16145A
B2b2a	B2b2	17	0	FALSE	209C 3394C 6260A 9233C 10915C! 11968G 16320T
B2b3	B2b	16	1	FALSE	13708A
B2b3a	B2b3	17	0	FALSE	152C! 271T 3918A 4232C 15784C 16249C 16312G
B2b4	B2b	16	0	FALSE	8641G 9605T 11569C 15521A
B2b_152!	B2b	16	1	FALSE	152C!
B2b1	B2b_152!	17	0	FALSE	207A 1041G 1842G 4226C 4814T 16093C 16175G
B2c	B2	15	2	FALSE	7241G
B2c1	B2c	16	3	FALSE	9098C
B2c1a	B2c1	17	0	FALSE	6722A
B2c1b	B2c1	17	0	FALSE	4435G 7262G 7822G
B2c1c	B2c1	17	0	FALSE	14063C
B2c2	B2c	16	2	FALSE	146C! 4755C 14757C
B2c2a	B2c2	17	0	FALSE	8702T 16319A
B2c2b	B2c2	17	0	FALSE	152C! 9682C 13661G 16295T
B2d	B2	15	0	FALSE	498d 4122G 4123G 8875C 9682C
B2e	B2	15	0	FALSE	6119T 14049T
B2f	B2	15	0	FALSE	3796G 3996T 10535C 13833G
B2g	B2	15	2	FALSE	114G 3766C 6164T
B2g1	B2g	16	0	FALSE	1002T 16298C
B2g2	B2g	16	0	FALSE	7340A 11647T 11875C
B2h	B2	15	0	FALSE	11821G 16468C
B2i	B2	15	2	FALSE	6272G
B2i1	B2i	16	0	FALSE	430C 485C 961C 16311C!
B2i2	B2i	16	2	FALSE	470G 11611A 15077A
B2i2a	B2i2	17	1	FALSE	16207G
B2i2a1	B2i2a	18	2	FALSE	10248C 16291T
B2i2a1a	B2i2a1	19	0	FALSE	4259T 12400G
B2i2a1b	B2i2a1	19	0	FALSE	3843G
B2i2b	B2i2	17	1	FALSE	207A
B2i2b1	B2i2b	18	0	FALSE	153G 16249C
B2j	B2	15	0	FALSE	131C 183G 5270T 15924G 16166G 16361A
B2k	B2	15	0	FALSE	146C! 4371C
B2l	B2	15	0	FALSE	16422C
B2m	B2	15	0	FALSE	15766G 16164G 16519A
B2n	B2	15	0	FALSE	4191G 6383A
B2o	B2	15	1	FALSE	16092C
B2o1	B2o	16	1	FALSE	7270C 16145A
B2o1a	B2o1	17	0	FALSE	152C! 14500G
B2p	B2	15	0	FALSE	2380T 8222C 11696A
B2q	B2	15	0	FALSE	4047C
B2r	B2	15	0	FALSE	5899d
B2s	B2	15	0	FALSE	310C 8567C 12616C 13740C 16152C 16325C
B2t	B2	15	0	FALSE	10792G 15244G 15884A 16259T 16357C 16467T
B2u	B2	15	0	FALSE	152C! 182T 3927G 5492C 8146G 16256T
B2v	B2	15	0	FALSE	7376T 15661T 16140C
B2x	B2	15	0	FALSE	4129G 10646A 11389T 12346T 16323C
B2y	B2	15	1	FALSE	16261T
B2y1	B2y	16	0	FALSE	3480G
B4b1	B4b	14	2	FALSE	16136C
B4b1a	B4b1	15	1	FALSE	6023A 6413C
B4b1a_207	B4b1a	16	3	FALSE	207A
B4b1a1	B4b1a_207	17	3	FALSE	199C 202G 2831A 4117C 8206A 15236G 16284G
B4b1a1a	B4b1a1	18	0	FALSE	7664A
B4b1a1b	B4b1a1	18	0	FALSE	10685A
B4b1a1c	B4b1a1	18	0	FALSE	16357C
B4b1a2	B4b1a_207	17	9	FALSE	6216C
B4b1a2a	B4b1a2	18	0	FALSE	1719A 2220G
B4b1a2b	B4b1a2	18	2	FALSE	16300G
B4b1a2b1	B4b1a2b	19	0	FALSE	9305A
B4b1a2b2	B4b1a2b	19	0	FALSE	8659G 13105G!
B4b1a2c	B4b1a2	18	0	FALSE	13599T 16311C!
B4b1a2d	B4b1a2	18	0	FALSE	2836T 14004T 14053G 15459T 16131C
B4b1a2e	B4b1a2	18	0	FALSE	1452C 3648T
B4b1a2f	B4b1a2	18	0	FALSE	709A 14110C
B4b1a2g	B4b1a2	18	1	FALSE	16365T
B4b1a2g1	B4b1a2g	19	0	FALSE	7843G
B4b1a2h	B4b1a2	18	0	FALSE	14783C
B4b1a2i	B4b1a2	18	0	FALSE	16067T
B4b1a3	B4b1a_207	17	1	FALSE	408A 9055A 9338T 9615C
B4b1a3a	B4b1a3	18	0	FALSE	146C! 14133G 16086C
B4b1b'c	B4b1	15	2	TRUE	16218T
B4b1b	B4b1b'c	16	0	FALSE	152C! 1391C 3981G 5585A 13934T 14569A 16298C 16362C
B4b1c	B4b1b'c	16	2	FALSE	14587G
B4b1c1	B4b1c	17	0	FALSE	7521A! 9101G 11239G 11914A!
B4b1c2	B4b1c	17	0	FALSE	8343G
B4d	B4b'd'e'j	13	2	FALSE	11914A! 13942G
B4d1'2'3	B4d	14	3	TRUE	15930A
B4d1	B4d1'2'3	15	1	FALSE	15038G
B4d1a	B4d1	16	0	FALSE	12732C
B4d2	B4d1'2'3	15	0	FALSE	6722A 8379G 8855T 9701C 15512C
B4d3	B4d1'2'3	15	1	FALSE	151T 197G 546G 9120G 12135T 16185T 16234T
B4d3a	B4d3	16	1	FALSE	5418C
B4d3a1	B4d3a	17	0	FALSE	5084G
B4d4	B4d	14	0	FALSE	6040G 6836T 9212T 11314G 14053G 14687G 15470C 16155G 16278T!
B4e	B4b'd'e'j	13	0	FALSE	146C! 185A 189G 195C! 513A 6026A 6614C 9921A 10750G
B4j	B4b'd'e'j	13	0	FALSE	3548C 4080C 5300T 6122T 11893G 11941G 13911G 14248T 15172A 16223T! 16362C
B4c	B4	12	2	FALSE	1119C 15346A
B4c1	B4c	13	2	FALSE	3497T
B4c1a'b	B4c1	14	2	TRUE	709A
B4c1a	B4c1a'b	15	2	FALSE	10310A
B4c1a1	B4c1a	16	3	FALSE	14133G 16311C!
B4c1a1a	B4c1a1	17	2	FALSE	16086C
B4c1a1a1	B4c1a1a	18	1	FALSE	8844T
B4c1a1a1a	B4c1a1a1	19	0	FALSE	5592G 16129A!
B4c1a1a2	B4c1a1a	18	0	FALSE	6164T
B4c1a1b	B4c1a1	17	0	FALSE	6416G
B4c1a1c	B4c1a1	17	0	FALSE	152C! 7319C 14452G
B4c1a2	B4c1a	16	1	FALSE	16527T
B4c1a2a	B4c1a2	17	0	FALSE	12373G 16092C
B4c1b	B4c1a'b	15	2	FALSE	150T 16140C 16274A
B4c1b1	B4c1b	16	1	FALSE	211G 455.T 3221G 4742C 5826C 7909T 13879C 14162A 16111T 16154C 16497G
B4c1b1a	B4c1b1	17	0	FALSE	8167A 15148A 15391T
B4c1b_16335	B4c1b	16	1	FALSE	16335G
B4c1b2	B4c1b_16335	17	3	FALSE	3571T
B4c1b2a	B4c1b2	18	2	FALSE	146C! 8772C
B4c1b2a1	B4c1b2a	19	0	FALSE	1709A 1716C
B4c1b2a2	B4c1b2a	19	2	FALSE	195C! 15301A
B4c1b2a2a	B4c1b2a2	20	0	FALSE	4937C
B4c1b2a2b	B4c1b2a2	20	0	FALSE	7598A
B4c1b2b	B4c1b2	18	0	FALSE	195C! 8200C
B4c1b2c	B4c1b2	18	2	FALSE	3435T 9128C 11440A
B4c1b2c1	B4c1b2c	19	0	FALSE	9575A 10493C 16136C 16249C 16291T
B4c1b2c2	B4c1b2c	19	0	FALSE	16129A! 16166G
B4c1c	B4c1	14	1	FALSE	150T 195C! 5441G 10398G! 13629G 15941C
B4c1c_16311!	B4c1c	15	1	FALSE	16311C!
B4c1c1	B4c1c_16311!	16	0	FALSE	214G
B4c2	B4c	13	3	FALSE	5108C 14088C 14209G 16147T 16184A 16235G
B4c2a	B4c2	14	0	FALSE	9103C
B4c2b	B4c2	14	0	FALSE	6221C
B4c2c	B4c2	14	0	FALSE	8823C 9053A
B4f	B4	12	1	FALSE	200G 1442A 4612C 5127G 6332G 7389C 11969A 13105G! 16168T 16172C 16249C 16325C 16390A
B4f1	B4f	13	0	FALSE	257G 8291G 16523G
B5	B4'5	11	2	FALSE	709A 8584A 9950C 10398G! 16140C
B5a	B5	12	2	FALSE	210G 3537G 15235G 16266A
B5a1	B5a	13	4	FALSE	6960T
B5a1a	B5a1	14	1	FALSE	13145A 13395G
B5a1a1	B5a1a	15	0	FALSE	11881T
B5a1b	B5a1	14	1	FALSE	10754G 14989T
B5a1b1	B5a1b	15	0	FALSE	7852A
B5a1c	B5a1	14	2	FALSE	10325A
B5a1c1	B5a1c	15	1	FALSE	10523G
B5a1c1a	B5a1c1	16	1	FALSE	593C 5237A
B5a1c1a1	B5a1c1a	17	0	FALSE	16262T
B5a1c2	B5a1c	15	0	FALSE	4562G 15514C
B5a1d	B5a1	14	0	FALSE	152C! 4086T 11465C 16261T
B5a2	B5a	13	1	FALSE	9962A 11151T 16266T
B5a2a	B5a2	14	2	FALSE	93G 11149A 14149T
B5a2a1	B5a2a	15	2	FALSE	12234G 16187T!
B5a2a1_16129!	B5a2a1	16	1	FALSE	16129A!
B5a2a1b	B5a2a1_16129!	17	0	FALSE	14158T
B5a2a1a	B5a2a1	16	0	FALSE	9189T 13422G 14861A 16256T
B5a2a2	B5a2a	15	2	FALSE	8614C
B5a2a2a	B5a2a2	16	2	FALSE	15046G 16362C
B5a2a2a1	B5a2a2a	17	0	FALSE	8557A 15301A
B5a2a2a2	B5a2a2a	17	0	FALSE	16245T
B5a2a2b	B5a2a2	16	2	FALSE	5027T 8059T
B5a2a2b1	B5a2a2b	17	1	FALSE	4824G
B5a2a2b1a	B5a2a2b1	18	0	FALSE	9554A
B5a2a2b2	B5a2a2b	17	0	FALSE	16243A
B5b	B5	12	5	FALSE	103A 204C 1598A 8829T 12361G 15223T 15508T 15662G 15851G 15927A 16243C
B5b1	B5b	13	2	FALSE	8784G
B5b1a	B5b1	14	2	FALSE	11146T 14470C
B5b1a1	B5b1a	15	0	FALSE	103G! 195C! 16278T! 16324C
B5b1a2	B5b1a	15	1	FALSE	199C 11914A! 12192A 16223T! 16318T 16319A
B5b1a2a	B5b1a2	16	0	FALSE	14959G
B5b1c	B5b1	14	1	FALSE	152C! 3480G 3819T 5836G 7771G 8467T 10274C
B5b1c1	B5b1c	15	1	FALSE	6116G 14233G
B5b1c1a	B5b1c1	16	0	FALSE	11207T
B5b2	B5b	13	3	FALSE	131C 4895G 15850C 16111T 16234T 16463G
B5b2_204!	B5b2	14	1	FALSE	204T!
B5b2c	B5b2_204!	15	1	FALSE	481T 4161T 11101G
B5b2c1	B5b2c	16	0	FALSE	131T! 2361A 12451G
B5b2a	B5b2	14	2	FALSE	103G!
B5b2a1	B5b2a	15	0	FALSE	5744A 11437C 16291T
B5b2a2	B5b2a	15	1	FALSE	207A 15758G
B5b2a2a	B5b2a2	16	2	FALSE	14750G
B5b2a2a1	B5b2a2a	17	0	FALSE	8894T
B5b2a2a2	B5b2a2a	17	0	FALSE	103A 7542G 7853A 10807G 15758A! 16399G
B5b2b	B5b2	14	0	FALSE	5964C
B5b3	B5b	13	2	FALSE	189G 203A 2626C 6962A 8856A 10103G
B5b3a	B5b3	14	0	FALSE	199C 13477A 16256T
B5b3b	B5b3	14	0	FALSE	15758G
B5b4	B5b	13	0	FALSE	146C! 4703C 7170T 16274A
B5b5	B5b	13	0	FALSE	152C! 195C! 3834A 4924A 14028G 14410A 14831A 16166G
R11'B6	R_16189!	10	2	TRUE	12950G
B6	R11'B6	11	1	FALSE	150T 8281-8289d 9452A 13928C
B6a	B6	12	1	FALSE	5894C 11914A! 14305A 16093C
B6a1	B6a	13	1	FALSE	150C! 356.C 4093G 16051G
B6a1a	B6a1	14	0	FALSE	1719A 16093T! 16527T
R11	R11'B6	11	2	FALSE	185A 189G 709A 8277C 10031C 10398G! 11061T 13681G 16311C!
R11a	R11	12	0	FALSE	10978G
R11b	R11	12	1	FALSE	13269G
R11b1	R11b	13	2	FALSE	16390A
R11b1a	R11b1	14	0	FALSE	13215C 16092C
R11b1b	R11b1	14	0	FALSE	234G
R24	R_16189!	10	1	FALSE	146C! 3565G 4260T 9759T 11710T 12483T 16051G 16185T 16193d
R24a	R24	11	0	FALSE	8772C 13434G 14902T 16324C
U	R	9	4	FALSE	11467G 12308G 12372A
U1	U	10	2	FALSE	285T 12879C 13104G 14070G 15148A 15954C 16249C
U1a	U1	11	3	FALSE	2218T 14364A 16189C!
U1a1	U1a	12	4	FALSE	4991A 6026A 7581C
U1a1a	U1a1	13	3	FALSE	385G 3158.T 3591A 13422G
U1a1a1	U1a1a	14	1	FALSE	9575A
U1a1a1a	U1a1a1	15	0	FALSE	2836T
U1a1a2	U1a1a	14	0	FALSE	262T 4561C
U1a1a_16129!	U1a1a	14	1	FALSE	16129A!
U1a1a3	U1a1a_16129!	15	0	FALSE	195C! 5899.C 15326A 16288C
U1a1b	U1a1	13	0	FALSE	152C! 8730G 16166d 16311C!
U1a1c	U1a1	13	1	FALSE	15217A
U1a1c1	U1a1c	14	4	FALSE	15115C
U1a1c1a	U1a1c1	15	0	FALSE	8766T 16465T
U1a1c1b	U1a1c1	15	0	FALSE	6041T 6293C 7253G 15106A
U1a1c1c	U1a1c1	15	1	FALSE	7403G
U1a1c1c1	U1a1c1c	16	0	FALSE	195C! 663G 11116C 13656C 16145A
U1a1c1d	U1a1c1	15	1	FALSE	10253C
U1a1c1d1	U1a1c1d	16	0	FALSE	9716C 16129A!
U1a1d	U1a1	13	0	FALSE	16242T 16362C
U1a2	U1a	12	0	FALSE	455.T 12136C 16129A!
U1a3	U1a	12	0	FALSE	146C! 10203A 13681G 14063C
U1b	U1	11	3	FALSE	146C! 2387C 8395T 10885C 11566G 15172A 16327T
U1b1	U1b	12	0	FALSE	15110A
U1b2	U1b	12	0	FALSE	16214A
U1b3	U1b	12	0	FALSE	195C! 16311C!
U2'3'4'7'8'9	U	10	5	TRUE	1811G
U2	U2'3'4'7'8'9	11	3	FALSE	16051G
U2_152!	U2	12	2	FALSE	152C!
U2c'd	U2_152!	13	2	TRUE	16234T
U2c	U2c'd	14	1	FALSE	5790A 14935C 15061G
U2c1	U2c	15	2	FALSE	8023C 8676T 9767T
U2c1a	U2c1	16	0	FALSE	15043A 16179T 16240C
U2c1b	U2c1	16	0	FALSE	12172G
U2d	U2c'd	14	3	FALSE	199C 263A 471C 1700C 4025T 8938G 11893G 14926G 16189C! 16294T
U2d1	U2d	15	0	FALSE	8982G 16184T 16342C
U2d2	U2d	15	0	FALSE	5147A 5460A 6956C 8296G 13789C
U2d3	U2d	15	0	FALSE	1040C 6023A 7277G 7894G 16266T
U2e	U2_152!	13	1	FALSE	508G 3720G 5390G 5426C 6045T 6152C 10876G 13020C 13734C 15907G 16129C 16189C! 16362C
U2e1'2'3	U2e	14	3	TRUE	217C
U2e1	U2e1'2'3	15	8	FALSE	340T
U2e1a	U2e1	16	1	FALSE	11197T 11732C
U2e1a1	U2e1a	17	3	FALSE	3116T
U2e1a1a	U2e1a1	18	0	FALSE	3197C
U2e1a1b	U2e1a1	18	0	FALSE	108G
U2e1a1c	U2e1a1	18	0	FALSE	10127G
U2e1b	U2e1	16	2	FALSE	988A 16256T
U2e1b1	U2e1b	17	0	FALSE	7109T 15784C 16362T!
U2e1b2	U2e1b	17	0	FALSE	3229.A 15661T
U2e1c	U2e1	16	1	FALSE	7151T 12346T
U2e1c1	U2e1c	17	0	FALSE	11176A
U2e1d	U2e1	16	0	FALSE	4132A
U2e1e	U2e1	16	0	FALSE	2526T 12618A 16145A
U2e1f	U2e1	16	1	FALSE	15519C 16311C!
U2e1f1	U2e1f	17	0	FALSE	146C! 489C 8155A 9101C 12358G
U2e1g	U2e1	16	0	FALSE	11233C
U2e1h	U2e1	16	0	FALSE	152T 16189T
U2e2	U2e1'2'3	15	1	FALSE	8473C
U2e2a	U2e2	16	1	FALSE	12557T
U2e2a1	U2e2a	17	4	FALSE	3849A 4553C
U2e2a1a	U2e2a1	18	2	FALSE	4736C
U2e2a1a1	U2e2a1a	19	0	FALSE	9664G
U2e2a1a2	U2e2a1a	19	0	FALSE	15891T
U2e2a1b	U2e2a1	18	0	FALSE	7624C 16525G
U2e2a1c	U2e2a1	18	0	FALSE	5686T
U2e2a1d	U2e2a1	18	0	FALSE	5746A
U2e3	U2e1'2'3	15	1	FALSE	394T 16260T 16356C
U2e3a	U2e3	16	0	FALSE	309d 575T 3170A 15721C 16181G
U2a	U2	12	2	FALSE	16206C
U2a1	U2a	13	2	FALSE	16230G! 16311C!
U2a1a	U2a1	14	0	FALSE	8572A 16154C
U2a1b	U2a1	14	0	FALSE	11383C
U2a2	U2a	13	0	FALSE	194T 3316A 4970G 5201C 7382A 7853A 7859A 11151T 11299C 12477C 12561A 14883T 15734A 16271C
U2b	U2	12	2	FALSE	146C! 2706A 5186T 12106T 13194A 15049T
U2b1	U2b	13	1	FALSE	3915A 4093G
U2b1a	U2b1	14	0	FALSE	13708A
U2b2	U2b	13	0	FALSE	152C! 234G 1888A 9094T 9614G 12793C 13656C 15930A 16209C 16239T 16352C 16353T
U3	U2'3'4'7'8'9	11	2	FALSE	150T 14139G 15454C 16343G
U3a'c	U3	12	2	TRUE	2294G 4703C 9266A
U3a	U3a'c	13	3	FALSE	6518T 10506G 13934T 16390A
U3a1	U3a	14	3	FALSE	3010A
U3a1a	U3a1	15	1	FALSE	7521A!
U3a1a1	U3a1a	16	0	FALSE	14258A
U3a1b	U3a1	15	0	FALSE	723C
U3a1c	U3a1	15	1	FALSE	16356C
U3a1c1	U3a1c	16	0	FALSE	16301T
U3a2	U3a	14	1	FALSE	11050C
U3a2a	U3a2	15	1	FALSE	200G
U3a2a1	U3a2a	16	1	FALSE	189G
U3a2a1a	U3a2a1	17	0	FALSE	6452T 14921A 16245T
U3a3	U3a	14	0	FALSE	2766A 10143A 16189C!
U3c	U3a'c	13	0	FALSE	12843C 15613G 16193T 16249C 16526A
U3b	U3	12	3	FALSE	4188G 4640A 9656C 13743C
U3b1	U3b	13	2	FALSE	3546A
U3b1a	U3b1	14	1	FALSE	8812G 16086C
U3b1a1	U3b1a	15	0	FALSE	152C! 4562G 4654T 5465C 8778T
U3b1b	U3b1	14	0	FALSE	6359G 12720G
U3b2	U3b	13	3	FALSE	15944d
U3b2a	U3b2	14	1	FALSE	2707G 9770C
U3b2a1	U3b2a	15	1	FALSE	8950A
U3b2a1a	U3b2a1	16	0	FALSE	334C
U3b2b	U3b2	14	0	FALSE	8490C 15327T 16362C
U3b2c	U3b2	14	0	FALSE	6383A
U3b3	U3b	13	0	FALSE	16168T
U4'9	U2'3'4'7'8'9	11	2	TRUE	195C! 499A 5999C
U4	U4'9	12	4	FALSE	4646C 6047G 11332T 14620T 15693C 16356C
U4a	U4	13	3	FALSE	8818T
U4a1	U4a	14	5	FALSE	152C! 12937G 16134T
U4a1a	U4a1	15	3	FALSE	961C
U4a1a1	U4a1a	16	0	FALSE	
U4a1a2	U4a1a	16	0	FALSE	5250C 12630A
U4a1a3	U4a1a	16	0	FALSE	6216C 15544A
U4a1b	U4a1	15	2	FALSE	745G 3204T
U4a1b1	U4a1b	16	1	FALSE	296T
U4a1b1a	U4a1b1	17	0	FALSE	8705C 16129A!
U4a1b2	U4a1b	16	0	FALSE	16301T
U4a1c	U4a1	15	0	FALSE	8155A 13158G 14110C 16234T
U4a1d	U4a1	15	0	FALSE	198T
U4a1e	U4a1	15	0	FALSE	16093C 16311C!
U4a2	U4a	14	8	FALSE	310C
U4a2a	U4a2	15	3	FALSE	16356T!
U4a2a1	U4a2a	16	0	FALSE	8496C
U4a2a2	U4a2a	16	0	FALSE	13759A
U4a2a3	U4a2a	16	0	FALSE	14319C 16294T
U4a2b	U4a2	15	0	FALSE	16223T!
U4a2c	U4a2	15	1	FALSE	8567C
U4a2c1	U4a2c	16	0	FALSE	6047A! 10654T 16242A 16288C 16362C
U4a2d	U4a2	15	0	FALSE	16295T
U4a2e	U4a2	15	0	FALSE	2246G 6383A
U4a2f	U4a2	15	0	FALSE	1189C 1978G 12397G 15172A
U4a2g	U4a2	15	0	FALSE	6164T
U4a2h	U4a2	15	1	FALSE	5261A
U4a2h1	U4a2h	16	0	FALSE	16173T
U4a3	U4a	14	1	FALSE	247A! 2792G 6665T 6929G 8065A 16362C
U4a3a	U4a3	15	0	FALSE	16265G
U4b	U4	13	3	FALSE	7705C
U4b1	U4b	14	2	FALSE	11339C
U4b1_146!	U4b1	15	1	FALSE	146C! 152C!
U4b1b	U4b1_146!	16	2	FALSE	13528G
U4b1b1	U4b1b	17	4	FALSE	13565T
U4b1b1_16311!	U4b1b1	18	1	FALSE	16311C!
U4b1b1c	U4b1b1_16311!	19	0	FALSE	2483C
U4b1b1a	U4b1b1	18	0	FALSE	16111T 16140C
U4b1b1b	U4b1b1	18	0	FALSE	146T 8308G 9389G 10819G 15373G 15758G
U4b1b1d	U4b1b1	18	0	FALSE	5262A
U4b1b2	U4b1b	17	0	FALSE	146T 11788T 15326A 15514C
U4b1a	U4b1	15	4	FALSE	3672G
U4b1a1	U4b1a	16	1	FALSE	2083C 12297C
U4b1a1a	U4b1a1	17	1	FALSE	15789T
U4b1a1a1	U4b1a1a	18	0	FALSE	8642G 16362C
U4b1a2	U4b1a	16	2	FALSE	11143T 11176A 12609C 13708A
U4b1a2a	U4b1a2	17	0	FALSE	15632T
U4b1a2b	U4b1a2	17	0	FALSE	10876G 15067C
U4b1a3	U4b1a	16	1	FALSE	146C! 5752d 9989C 11674T
U4b1a3a	U4b1a3	17	0	FALSE	7265G
U4b1a4	U4b1a	16	0	FALSE	7853A 11965T 12957C
U4b2	U4b	14	1	FALSE	16136C
U4b2a	U4b2	15	1	FALSE	15883A
U4b2a1	U4b2a	16	1	FALSE	16278T!
U4b2a1a	U4b2a1	17	0	FALSE	8433C 14178C
U4b3	U4b	14	0	FALSE	215G
U4c	U4	13	2	FALSE	10907C
U4c1	U4c	14	1	FALSE	4811G 6146G 9070G 11009C 14866T 16179T
U4c1a	U4c1	15	0	FALSE	3654T
U4c2	U4c	14	1	FALSE	8705C 10676T
U4c2a	U4c2	15	0	FALSE	16261T
U4d	U4	13	3	FALSE	629C 2405.C
U4d1	U4d	14	2	FALSE	2772T
U4d1a	U4d1	15	1	FALSE	5984G 6938T
U4d1a1	U4d1a	16	1	FALSE	8260C
U4d1a1a	U4d1a1	17	0	FALSE	5319T
U4d1b	U4d1	15	0	FALSE	13398G
U4d2	U4d	14	0	FALSE	5567C 10692T 11326T 11518A 13105G! 16189C!
U4d3	U4d	14	0	FALSE	14577C
U9	U4'9	12	2	FALSE	3531A 3834A 6386T 14094C
U9a	U9	13	1	FALSE	195T 16051G 16278T!
U9a1	U9a	14	0	FALSE	3290C 15077A 16193T 16357C
U9b	U9	13	1	FALSE	12615G
U9b1	U9b	14	0	FALSE	9299G 11350G 13111C
U7	U2'3'4'7'8'9	11	2	FALSE	152C! 980C 3741T 5360T 8137T 8684T 10142T 13500C 14569A 16318T
U7a	U7	12	5	FALSE	151T
U7a1	U7a	13	1	FALSE	16167T
U7a1a	U7a1	14	0	FALSE	270G 5486T 13281C
U7a2	U7a	13	1	FALSE	4502C
U7a2a	U7a2	14	0	FALSE	5265G 12094T 14533T 16129A!
U7a3	U7a	13	2	FALSE	12618A
U7a3a	U7a3	14	0	FALSE	9852G
U7a3b	U7a3	14	0	FALSE	3834A 16207G
U7a4	U7a	13	1	FALSE	146C! 16126C
U7a4a	U7a4	14	1	FALSE	16148T
U7a4a1	U7a4a	15	1	FALSE	195C! 6221C
U7a4a1a	U7a4a1	16	0	FALSE	8574T
U7a5	U7a	13	0	FALSE	9300A 13966G 14245T 14869C 16291T 16304C
U7b	U7	12	2	FALSE	10084C
U7b1	U7b	13	0	FALSE	13395G 16271C
U7b2	U7b	13	0	FALSE	291.A 9480C 16166d
U8	U2'3'4'7'8'9	11	2	FALSE	9698C
U8a	U8	12	2	FALSE	282C 6392C 6455T 7055G 9365T 13145A
U8a1	U8a	13	2	FALSE	3738T
U8a1a	U8a1	14	4	FALSE	5240G 10733T 16342C
U8a1a1	U8a1a	15	2	FALSE	12135A
U8a1a1a	U8a1a1	16	1	FALSE	4129G
U8a1a1a1	U8a1a1a	17	0	FALSE	4053G
U8a1a1b	U8a1a1	16	1	FALSE	9777A
U8a1a1b1	U8a1a1b	17	0	FALSE	9338G
U8a1a2	U8a1a	15	0	FALSE	11465C
U8a1a3	U8a1a	15	0	FALSE	1503A 7340A
U8a1a4	U8a1a	15	0	FALSE	12768G 16189C!
U8a1b	U8a1	14	0	FALSE	709A 4491A 16167T 16179T
U8a2	U8a	13	0	FALSE	195C! 827G 1700C
U8b'c	U8	12	2	TRUE	3480G
U8b	U8b'c	13	2	FALSE	9055A 14167T
K	U8b	14	3	FALSE	10550G 11299C 14798C 16224C 16311C!
K1	K	15	4	FALSE	1189C 10398G!
K1_16362	K1	16	3	FALSE	16362C
K1d	K1_16362	17	1	FALSE	195C! 4856C 5592G 8901G
K1d1	K1d	18	0	FALSE	6890G
K1e	K1_16362	17	1	FALSE	152C! 1819C 8251A 10478T 14142G
K1e1	K1e	18	0	FALSE	151T 6413C 16189A 16274A
K1f	K1_16362	17	0	FALSE	3513T 8137T
K1a	K1	16	19	FALSE	497T
K1a1	K1a	17	3	FALSE	11914A!
K1a1a	K1a1	18	2	FALSE	3552C
K1a1a1	K1a1a	19	0	FALSE	9801A
K1a1a2	K1a1a	19	1	FALSE	15799G
K1a1a2a	K1a1a2	20	1	FALSE	6060G 8276.C
K1a1a2a1	K1a1a2a	21	0	FALSE	4959A
K1a1b	K1a1	18	2	FALSE	15924G
K1a1b1	K1a1b	19	7	FALSE	11470G
K1a1b1a	K1a1b1	20	0	FALSE	10978G 12954C 16234T
K1a1b1b	K1a1b1	20	1	FALSE	593C 2483C
K1a1b1b1	K1a1b1b	21	0	FALSE	789C 11620G
K1a1b1c	K1a1b1	20	0	FALSE	5585A 16222T
K1a1b1d	K1a1b1	20	0	FALSE	14388G 16092C 16223T!
K1a1b1e	K1a1b1	20	0	FALSE	9932A
K1a1b1f	K1a1b1	20	0	FALSE	4823C 6528T 8842C
K1a1b1g	K1a1b1	20	0	FALSE	5583T 12007A
K1a1b2	K1a1b	19	2	FALSE	13326C
K1a1b2a	K1a1b2	20	1	FALSE	152C! 7729G 9800C
K1a1b2a1	K1a1b2a	21	1	FALSE	3777C 15758G
K1a1b2a1a	K1a1b2a1	22	0	FALSE	7278C
K1a1b2b	K1a1b2	20	0	FALSE	189G 10202T
K1a1c	K1a1	18	0	FALSE	709A 1694C 16362C 16400T
K1a2	K1a	17	3	FALSE	11025C
K1a2a	K1a2	18	2	FALSE	5773A
K1a2a1	K1a2a	19	0	FALSE	4748T 13368A 16189C!
K1a2a2	K1a2a	19	0	FALSE	7918T
K1a2b	K1a2	18	0	FALSE	8005C
K1a2c	K1a2	18	0	FALSE	4216C 7775A
K1a3	K1a	17	1	FALSE	13117G
K1a3a	K1a3	18	4	FALSE	7559G
K1a3a1	K1a3a	19	2	FALSE	8440G
K1a3a1a	K1a3a1	20	0	FALSE	9548A 10697T 14530C
K1a3a1b	K1a3a1	20	0	FALSE	8522T
K1a3a2	K1a3a	19	0	FALSE	5580C
K1a3a3	K1a3a	19	0	FALSE	13590A
K1a3a4	K1a3a	19	0	FALSE	6257A 14094C
K1a4	K1a	17	10	FALSE	11485C
K1a4_146!	K1a4	18	1	FALSE	146C!
K1a4j	K1a4_146!	19	1	FALSE	12681C
K1a4j1	K1a4j	20	0	FALSE	152C! 11167G
K1a4a	K1a4	18	1	FALSE	6260A
K1a4a1	K1a4a	19	9	FALSE	11840T 13740C
K1a4a1a	K1a4a1	20	2	FALSE	4295G 15884A
K1a4a1a2	K1a4a1a	21	2	FALSE	16245T
K1a4a1a2a	K1a4a1a2	22	0	FALSE	9377G
K1a4a1a2b	K1a4a1a2	22	0	FALSE	146C! 13401C
K1a4a1a_195!	K1a4a1a	21	2	FALSE	195C!
K1a4a1a1	K1a4a1a_195!	22	0	FALSE	3867T
K1a4a1a3	K1a4a1a_195!	22	0	FALSE	5177A
K1a4a1b	K1a4a1	20	2	FALSE	8098G
K1a4a1b1	K1a4a1b	21	0	FALSE	8856C
K1a4a1b2	K1a4a1b	21	0	FALSE	1811A! 16261T
K1a4a1c	K1a4a1	20	1	FALSE	13413G
K1a4a1c1	K1a4a1c	21	0	FALSE	199C
K1a4a1d	K1a4a1	20	0	FALSE	3394C
K1a4a1e	K1a4a1	20	0	FALSE	152C! 16311T
K1a4a1f	K1a4a1	20	1	FALSE	152C! 325T 10029G
K1a4a1f1	K1a4a1f	21	0	FALSE	217C 5774C
K1a4a1g	K1a4a1	20	0	FALSE	8149G 16287T
K1a4a1h	K1a4a1	20	0	FALSE	13404C
K1a4a1i	K1a4a1	20	0	FALSE	6260G! 15880G
K1a4b	K1a4	18	1	FALSE	280G 9448G
K1a4b1	K1a4b	19	0	FALSE	6975C 7388G 8410T 13105G!
K1a4c	K1a4	18	1	FALSE	152C! 12612G 13827G
K1a4c1	K1a4c	19	0	FALSE	5264T 13710G 16246T
K1a4d	K1a4	18	0	FALSE	723C 11071T 15355A
K1a4e	K1a4	18	0	FALSE	942G
K1a4f	K1a4	18	1	FALSE	7118G
K1a4f1	K1a4f	19	0	FALSE	12017G
K1a4g	K1a4	18	0	FALSE	6518T 11914A!
K1a4h	K1a4	18	1	FALSE	5237A 8531G
K1a4h1	K1a4h	19	0	FALSE	4137T
K1a4i	K1a4	18	0	FALSE	1926T
K1a5	K1a	17	2	FALSE	11017C
K1a5a	K1a5	18	0	FALSE	4640T 9647C 16362C
K1a5b	K1a5	18	0	FALSE	153G 408A 6407C 9428C
K1a6	K1a	17	0	FALSE	8790A 10454C 16527T
K1a7	K1a	17	0	FALSE	431A
K1a8	K1a	17	2	FALSE	295A
K1a8a	K1a8	18	1	FALSE	7927G 16234T
K1a8a1	K1a8a	19	0	FALSE	15850G
K1a8b	K1a8	18	0	FALSE	11818G 16497G
K1a12	K1a	17	1	FALSE	5460A
K1a12a	K1a12	18	1	FALSE	11923G
K1a12a1	K1a12a	19	1	FALSE	6284G
K1a12a1a	K1a12a1	20	0	FALSE	11497T
K1a17	K1a	17	1	FALSE	247A! 4561C 15670C
K1a17a	K1a17	18	0	FALSE	1719A 16260T
K1a18	K1a	17	0	FALSE	6680C 6881G
K1a19	K1a	17	1	FALSE	12338C
K1a19a	K1a19	18	0	FALSE	63C 64T 8277C 11878C 12134C 12397G 15031T
K1a23	K1a	17	0	FALSE	5093C
K1a25	K1a	17	0	FALSE	152C! 4158G 14308C
K1a27	K1a	17	0	FALSE	7202G 16176T
K1a28	K1a	17	0	FALSE	466C 6071C 9287A 15544T
K1a29	K1a	17	1	FALSE	8167C
K1a29a	K1a29	18	0	FALSE	3702G 16265G
K1a_150	K1a	17	4	FALSE	150T
K1a11	K1a_150	18	2	FALSE	16T 199C 8281-8289d 9938C 16129A!
K1a11a	K1a11	19	1	FALSE	152C! 10966C
K1a11a1	K1a11a	20	0	FALSE	8702T
K1a11b	K1a11	19	0	FALSE	14605T
K1a24	K1a_150	18	1	FALSE	15625A
K1a24a	K1a24	19	0	FALSE	195C! 5964C 15791G 16145A
K1a30	K1a_150	18	1	FALSE	15650A
K1a30a	K1a30	19	0	FALSE	6392C
K1a31	K1a_150	18	0	FALSE	8952C
K1a_195!	K1a	17	7	FALSE	195C!
K1a9	K1a_195!	18	0	FALSE	16524G
K1a10	K1a_195!	18	1	FALSE	16048A
K1a10a	K1a10	19	0	FALSE	16291T
K1a13	K1a_195!	18	1	FALSE	146C! 1709A 9545G
K1a13a	K1a13	19	0	FALSE	8870C
K1a14	K1a_195!	18	0	FALSE	8020A 9977C 15626T
K1a15	K1a_195!	18	0	FALSE	8155A
K1a16	K1a_195!	18	0	FALSE	6367C
K1a26	K1a_195!	18	0	FALSE	4113A
K1b	K1	16	2	FALSE	5913A
K1b1	K1b	17	3	FALSE	9962A 10289G 15946T
K1b1_s	K1b1	18	0	FALSE	
K1b1_s8	K1b1	18	2	FALSE	
K1b1a	K1b1_s8	19	2	FALSE	152C! 11923G 15257A 16319A 16463G
K1b1a1	K1b1a	20	3	FALSE	13967T
K1b1a1_199	K1b1a1	21	2	FALSE	199C
K1b1a1a	K1b1a1_199	22	0	FALSE	4646C
K1b1a1b	K1b1a1_199	22	0	FALSE	14308C
K1b1a1c	K1b1a1	21	1	FALSE	3834A 4775G
K1b1a1c1	K1b1a1c	22	0	FALSE	5298G
K1b1a1d	K1b1a1	21	1	FALSE	10861C
K1b1a1d1	K1b1a1d	22	0	FALSE	15148A
K1b1a2	K1b1a	20	0	FALSE	195C! 8260C 9371T 15381T 16318T
K1b1b	K1b1_s8	19	1	FALSE	6053T 8164T
K1b1b1	K1b1b	20	0	FALSE	14063C 14384A
K1b1c	K1b1	18	0	FALSE	94A 3337A 11914A!
K1b2	K1b	17	2	FALSE	146C! 195C! 12738G
K1b2a	K1b2	18	3	FALSE	12771A
K1b2a1	K1b2a	19	1	FALSE	13759A
K1b2a1a	K1b2a1	20	1	FALSE	12019T
K1b2a1a1	K1b2a1a	21	0	FALSE	16524G
K1b2a2	K1b2a	19	1	FALSE	7521A!
K1b2a2a	K1b2a2	20	0	FALSE	14687G
K1b2a3	K1b2a	19	0	FALSE	12188C
K1b2b	K1b2	18	1	FALSE	5237A 6845T 10154G 15301A
K1b2b1	K1b2b	19	0	FALSE	368G
K1c	K1	16	2	FALSE	146C! 152C! 498d
K1c1	K1c	17	9	FALSE	9093G 11377A
K1c1a	K1c1	18	0	FALSE	7082T
K1c1b	K1c1	18	0	FALSE	15900C
K1c1c	K1c1	18	0	FALSE	9903C
K1c1d	K1c1	18	0	FALSE	1442A 3720G 13602C
K1c1e	K1c1	18	0	FALSE	16368C
K1c1f	K1c1	18	0	FALSE	10698T
K1c1g	K1c1	18	0	FALSE	12161C
K1c1h	K1c1	18	0	FALSE	8473C
K1c1i	K1c1	18	0	FALSE	7202G
K1c2	K1c	17	1	FALSE	9006G 14002G 14040A 16320T
K1c2a	K1c2	18	0	FALSE	15944d
K2	K	15	3	FALSE	146C! 9716C
K2a	K2	16	11	FALSE	152C! 709A 4561C
K2a1	K2a	17	1	FALSE	7930G 15325G 15652G
K2a1a	K2a1	18	0	FALSE	11881T 16311T
K2a2	K2a	17	1	FALSE	8697A
K2a2a	K2a2	18	1	FALSE	11348T
K2a2a1	K2a2a	19	0	FALSE	512C 9254G 11914A!
K2a3	K2a	17	1	FALSE	13293T
K2a3a	K2a3	18	1	FALSE	12795A
K2a3a1	K2a3a	19	0	FALSE	13708A
K2a4	K2a	17	0	FALSE	11549T
K2a5	K2a	17	2	FALSE	324T
K2a5a	K2a5	18	1	FALSE	15803A
K2a5a1	K2a5a	19	0	FALSE	11491G 16235G
K2a5b	K2a5	18	0	FALSE	2831A
K2a6	K2a	17	0	FALSE	14305A
K2a7	K2a	17	0	FALSE	12346T
K2a8	K2a	17	0	FALSE	207A 16189C!
K2a9	K2a	17	0	FALSE	5081C 5130C
K2a10	K2a	17	0	FALSE	11923G
K2a11	K2a	17	0	FALSE	10398G! 11204C 12870T 16293G
K2b	K2	16	2	FALSE	2217T 5231A 14037G
K2b1	K2b	17	2	FALSE	11869A
K2b1a	K2b1	18	4	FALSE	13135A
K2b1a1	K2b1a	19	1	FALSE	16270T
K2b1a1a	K2b1a1	20	0	FALSE	16222T
K2b1a2	K2b1a	19	0	FALSE	11374G
K2b1a3	K2b1a	19	0	FALSE	723G
K2b1a4	K2b1a	19	0	FALSE	93G 207A 11167G
K2b1b	K2b1	18	0	FALSE	5054A 11016A 12501A 16129A!
K2b2	K2b	17	0	FALSE	7310C
K2c	K2	16	0	FALSE	11172G
K3	K	15	0	FALSE	150T 195C! 235G 560T 7657C 8188G 9852T 14212C 16093C 16148T 16153A
U8b1	U8b	14	2	FALSE	195C! 16189C! 16234T
U8b1a	U8b1	15	2	FALSE	6546T 6599G 12771A
U8b1a1	U8b1a	16	0	FALSE	9948A 11914A! 16129A!
U8b1a2	U8b1a	16	2	FALSE	14831A
U8b1a2_16311!	U8b1a2	17	1	FALSE	16311C!
U8b1a2b	U8b1a2_16311!	18	0	FALSE	16172C
U8b1a2a	U8b1a2	17	0	FALSE	14364A 16259T
U8b1b	U8b1	15	2	FALSE	1811A! 5165T 16324C
U8b1b1	U8b1b	16	0	FALSE	14053G
U8b1b2	U8b1b	16	0	FALSE	3696T 11582G 12557T
U8c	U8b'c	13	0	FALSE	151T 7031T 10398G! 16189C!
U5	U	10	1	FALSE	16192T 16270T
U5a'b	U5	11	2	TRUE	3197C 9477A 13617C
U5a	U5a'b	12	2	FALSE	14793G 16256T
U5a1	U5a	13	9	FALSE	15218G 16399G
U5a1_16192!	U5a1	14	2	FALSE	16192C!
U5a1a	U5a1_16192!	15	2	FALSE	1700C
U5a1a1	U5a1a	16	6	FALSE	5495C 15924G
U5a1a1_152!	U5a1a1	17	3	FALSE	152C!
U5a1a1a	U5a1a1_152!	18	0	FALSE	3816G
U5a1a1b	U5a1a1_152!	18	0	FALSE	15110A
U5a1a1h	U5a1a1_152!	18	0	FALSE	16294T
U5a1a1_16362	U5a1a1	17	1	FALSE	16362C
U5a1a1d	U5a1a1_16362	18	1	FALSE	185A 204C
U5a1a1d1	U5a1a1d	19	0	FALSE	189G
U5a1a1c	U5a1a1	17	0	FALSE	6905G 13015C
U5a1a1e	U5a1a1	17	0	FALSE	9682C
U5a1a1g	U5a1a1	17	0	FALSE	4224T
U5a1a1i	U5a1a1	17	0	FALSE	3388A
U5a1a2	U5a1a	16	2	FALSE	12346T
U5a1a2a	U5a1a2	17	1	FALSE	5319G 6629G 6719C
U5a1a2a1	U5a1a2a	18	1	FALSE	6293C
U5a1a2a1a	U5a1a2a1	19	0	FALSE	10972G
U5a1a2b	U5a1a2	17	1	FALSE	13105G!
U5a1a2b1	U5a1a2b	18	0	FALSE	8269A 10326A 14278C
U5a1g	U5a1_16192!	15	2	FALSE	7792T
U5a1g1	U5a1g	16	0	FALSE	11914A! 16293G
U5a1g2	U5a1g	16	0	FALSE	64T
U5a1b	U5a1	14	3	FALSE	9667G
U5a1b1	U5a1b	15	8	FALSE	16291T
U5a1b1a	U5a1b1	16	2	FALSE	4553C
U5a1b1a1	U5a1b1a	17	0	FALSE	14574T
U5a1b1a2	U5a1b1a	17	0	FALSE	15883A
U5a1b1b	U5a1b1	16	1	FALSE	8119C
U5a1b1b1	U5a1b1b	17	0	FALSE	16092C
U5a1b1c	U5a1b1	16	2	FALSE	9055A
U5a1b1c1	U5a1b1c	17	0	FALSE	1187C
U5a1b1c2	U5a1b1c	17	0	FALSE	3705A 16129A!
U5a1b1d	U5a1b1	16	1	FALSE	12358G
U5a1b1d_16093	U5a1b1d	17	1	FALSE	16093C
U5a1b1d1	U5a1b1d_16093	18	0	FALSE	198T
U5a1b1e	U5a1b1	16	0	FALSE	12582G
U5a1b1f	U5a1b1	16	0	FALSE	15596A 16129A!
U5a1b1g	U5a1b1	16	0	FALSE	11353C
U5a1b1h	U5a1b1	16	0	FALSE	10754G
U5a1b2	U5a1b	15	0	FALSE	9632G
U5a1b_16362	U5a1b	15	2	FALSE	16362C
U5a1b3	U5a1b_16362	16	1	FALSE	16428A
U5a1b3a	U5a1b3	17	1	FALSE	5153G
U5a1b3a1	U5a1b3a	18	0	FALSE	249G
U5a1b4	U5a1b_16362	16	0	FALSE	12331G
U5a1c	U5a1	14	2	FALSE	16320T
U5a1c1	U5a1c	15	1	FALSE	195C! 13802T
U5a1c1a	U5a1c1	16	0	FALSE	153G
U5a1c2	U5a1c	15	1	FALSE	961C
U5a1c2a	U5a1c2	16	1	FALSE	183G 10544T
U5a1c2a1	U5a1c2a	17	0	FALSE	16286T
U5a1d	U5a1	14	2	FALSE	3027C
U5a1d1	U5a1d	15	0	FALSE	5263T 13002A
U5a1d2	U5a1d	15	2	FALSE	3552C
U5a1d2a	U5a1d2	16	1	FALSE	195C! 4823C 5583T 16145A 16189C!
U5a1d2a1	U5a1d2a	17	0	FALSE	6584T 6836T
U5a1d2b	U5a1d2	16	0	FALSE	4924C 10858C 14110C 15217A 16304C
U5a1e	U5a1	14	0	FALSE	3564G 8610C
U5a1f	U5a1	14	2	FALSE	6023A
U5a1f1	U5a1f	15	1	FALSE	5585A 7569G 16311C!
U5a1f1a	U5a1f1	16	1	FALSE	199C 8251A
U5a1f1a1	U5a1f1a	17	0	FALSE	16526A
U5a1f2	U5a1f	15	0	FALSE	5557C 8994A 11935C 12491T 16222T
U5a1h	U5a1	14	0	FALSE	150T 1303A 3192T 3591A 4592C 11296T 11938T 12618A 16239T
U5a1i	U5a1	14	1	FALSE	4796T 14893G 14971C
U5a1i1	U5a1i	15	0	FALSE	12103A 14003T
U5a1j	U5a1	14	0	FALSE	3198G 4745T 8994A
U5a2	U5a	13	5	FALSE	16526A
U5a2_16294	U5a2	14	1	FALSE	16294T
U5a2a	U5a2_16294	15	2	FALSE	16114A
U5a2a1	U5a2a	16	5	FALSE	13827G 13928C
U5a2a1_152!	U5a2a1	17	1	FALSE	152C!
U5a2a1e	U5a2a1_152!	18	0	FALSE	14198A
U5a2a1a	U5a2a1	17	0	FALSE	12630A 16271C
U5a2a1b	U5a2a1	17	1	FALSE	13015C
U5a2a1b1	U5a2a1b	18	0	FALSE	252C
U5a2a1c	U5a2a1	17	0	FALSE	9293T
U5a2a1d	U5a2a1	17	0	FALSE	4232C 4655A 11893G
U5a2a2	U5a2a	16	1	FALSE	7853A 12406A 16192C!
U5a2a2a	U5a2a2	17	0	FALSE	13145A 14518G
U5a2_16362	U5a2	14	1	FALSE	16362C
U5a2e	U5a2_16362	15	0	FALSE	151T 152C! 3768G 15289C 16311C!
U5a2b	U5a2	14	5	FALSE	9548A
U5a2b1	U5a2b	15	4	FALSE	
U5a2b1a	U5a2b1	16	0	FALSE	12441C
U5a2b1b	U5a2b1	16	0	FALSE	16465T
U5a2b1c	U5a2b1	16	0	FALSE	15903G
U5a2b1d	U5a2b1	16	0	FALSE	4655A 8933T
U5a2b2	U5a2b	15	1	FALSE	10685A 11984C 12308A! 12654G 13285G
U5a2b2a	U5a2b2	16	1	FALSE	13269G
U5a2b2a1	U5a2b2a	17	0	FALSE	8281-8289d 16234T
U5a2b3	U5a2b	15	1	FALSE	455d 14684T 16168T
U5a2b3a	U5a2b3	16	1	FALSE	13351T
U5a2b3a1	U5a2b3a	17	0	FALSE	152C! 3666A
U5a2b4	U5a2b	15	1	FALSE	15301A
U5a2b4a	U5a2b4	16	0	FALSE	13759A
U5a2b5	U5a2b	15	0	FALSE	207A 3504C 7471T
U5a2c	U5a2	14	4	FALSE	10619T
U5a2c1	U5a2c	15	0	FALSE	9469T
U5a2c2	U5a2c	15	0	FALSE	10768G
U5a2c3	U5a2c	15	1	FALSE	11465C 16192C!
U5a2c3a	U5a2c3	16	0	FALSE	7960C 10709C
U5a2c4	U5a2c	15	0	FALSE	3531A
U5a2d	U5a2	14	1	FALSE	7843G
U5a2d1	U5a2d	15	1	FALSE	3750T 7978T 8104C 11107T 16192C!
U5a2d1a	U5a2d1	16	0	FALSE	9148C 14577G
U5b	U5a'b	12	3	FALSE	150T 7768G 14182C
U5b1	U5b	13	6	FALSE	5656G
U5b1_16189!	U5b1	14	3	FALSE	16189C!
U5b1_16189!_16192!	U5b1_16189!	15	2	FALSE	16192C!
U5b1e	U5b1_16189!_16192!	16	1	FALSE	152C! 16465T
U5b1e1	U5b1e	17	1	FALSE	2757G 10283G 12616C
U5b1e1a	U5b1e1	18	0	FALSE	4209C
U5b1h	U5b1_16189!_16192!	16	0	FALSE	384G
U5b1b	U5b1_16189!	15	2	FALSE	12618A
U5b1b1	U5b1b	16	4	FALSE	7385G 10927C
U5b1b1_152!	U5b1b1	17	1	FALSE	152C!
U5b1b1e	U5b1b1_152!	18	0	FALSE	2387C
U5b1b1_16192!	U5b1b1	17	3	FALSE	16192C!
U5b1b1a	U5b1b1_16192!	18	3	FALSE	16144C
U5b1b1a1	U5b1b1a	19	2	FALSE	4059T
U5b1b1a1a	U5b1b1a1	20	1	FALSE	1341T
U5b1b1a1a1	U5b1b1a1a	21	0	FALSE	16301T
U5b1b1a1b	U5b1b1a1	20	0	FALSE	8428A
U5b1b1a2	U5b1b1a	19	0	FALSE	10907C
U5b1b1a3	U5b1b1a	19	0	FALSE	1850C 16148T
U5b1b1d	U5b1b1_16192!	18	0	FALSE	15884A
U5b1b1f	U5b1b1_16192!	18	0	FALSE	1047G
U5b1b1b	U5b1b1	17	0	FALSE	8413G 16320T
U5b1b1g	U5b1b1	17	1	FALSE	1822C 5788C 10301G 14470C
U5b1b1g1	U5b1b1g	18	1	FALSE	15533G 16074G
U5b1b1g1a	U5b1b1g1	19	0	FALSE	242T
U5b1b2	U5b1b	16	2	FALSE	217C
U5b1b2a	U5b1b2	17	0	FALSE	3434G
U5b1b2b	U5b1b2	17	0	FALSE	8230T
U5b1c	U5b1_16189!	15	2	FALSE	15191C 16311C!
U5b1c1	U5b1c	16	1	FALSE	16336A
U5b1c1a	U5b1c1	17	1	FALSE	55A
U5b1c1a1	U5b1c1a	18	0	FALSE	14420T 14470C
U5b1c2	U5b1c	16	2	FALSE	516T 16174T
U5b1c2a	U5b1c2	17	0	FALSE	16140C 16192C! 16288C
U5b1c2b	U5b1c2	17	0	FALSE	6341T 13194A
U5b1a	U5b1	14	0	FALSE	7028C 15097C
U5b1d	U5b1	14	2	FALSE	5437T
U5b1d1	U5b1d	15	3	FALSE	15721C
U5b1d1a	U5b1d1	16	0	FALSE	742C 15355A 16192C!
U5b1d1b	U5b1d1	16	0	FALSE	199C 2225A 3507T 8277C 10084C 12136C
U5b1d1c	U5b1d1	16	0	FALSE	7912A 15631G 16218T 16320T
U5b1d2	U5b1d	15	0	FALSE	7085C 16239T
U5b1f	U5b1	14	1	FALSE	3507A
U5b1f1	U5b1f	15	1	FALSE	533G
U5b1f1a	U5b1f1	16	0	FALSE	16319A
U5b1g	U5b1	14	0	FALSE	151T 228A 10654T 13759A 14577C
U5b1i	U5b1	14	0	FALSE	3105G 3498T 6674C 15777A 16167T 16311T 16356C
U5b2	U5b	13	3	FALSE	1721T 13637G
U5b2a	U5b2	14	4	FALSE	4732G 16189C!
U5b2a1	U5b2a	15	2	FALSE	16270C!
U5b2a1a	U5b2a1	16	2	FALSE	15511C 16189T
U5b2a1a2	U5b2a1a	17	0	FALSE	1834C 5452T 8705C 15924G 16192C!
U5b2a1a_16311!	U5b2a1a	17	1	FALSE	16311C!
U5b2a1a1	U5b2a1a_16311!	18	3	FALSE	896G
U5b2a1a1a	U5b2a1a1	19	0	FALSE	12406A
U5b2a1a1b	U5b2a1a1	19	0	FALSE	249d
U5b2a1a1d	U5b2a1a1	19	0	FALSE	11329G
U5b2a1b	U5b2a1	16	0	FALSE	152C! 5918C 14323A 16192C! 16325C
U5b2a2	U5b2a	15	3	FALSE	3212T 16398A
U5b2a2a	U5b2a2	16	2	FALSE	12136C
U5b2a2a1	U5b2a2a	17	0	FALSE	9682C
U5b2a2a2	U5b2a2a	17	0	FALSE	5508C 10589A
U5b2a2b	U5b2a2	16	1	FALSE	2757G 14956C
U5b2a2b1	U5b2a2b	17	0	FALSE	4843T
U5b2a2c	U5b2a2	16	0	FALSE	12678C 16192C! 16261T 16304C
U5b2a3	U5b2a	15	1	FALSE	10031C
U5b2a3a	U5b2a3	16	0	FALSE	6899A
U5b2a_16192!	U5b2a	15	3	FALSE	16192C!
U5b2a4	U5b2a_16192!	16	1	FALSE	3397G 13368A 14767C
U5b2a4a	U5b2a4	17	0	FALSE	6293C
U5b2a5	U5b2a_16192!	16	1	FALSE	8706G 10654T 11725G 16311C!
U5b2a5a	U5b2a5	17	0	FALSE	3394C
U5b2a6	U5b2a_16192!	16	0	FALSE	4129G
U5b2b	U5b2	14	5	FALSE	11653G 12634G 13630G 16192C!
U5b2b1	U5b2b	15	2	FALSE	15497A
U5b2b1a	U5b2b1	16	2	FALSE	3861G 16362C
U5b2b1a1	U5b2b1a	17	0	FALSE	16292T
U5b2b1a2	U5b2b1a	17	0	FALSE	12696C 16240C
U5b2b1b	U5b2b1	16	0	FALSE	13420T 16526A
U5b2b2	U5b2b	15	0	FALSE	4616T 8027A
U5b2b3	U5b2b	15	2	FALSE	517T 2755G 15905C 16224C
U5b2b3a	U5b2b3	16	1	FALSE	279C 3338C 5261A
U5b2b3a1	U5b2b3a	17	1	FALSE	9494G
U5b2b3a1a	U5b2b3a1	18	0	FALSE	16114T
U5b2b3b	U5b2b3	16	0	FALSE	16242T
U5b2b4	U5b2b	15	1	FALSE	9670G 16189C!
U5b2b4a	U5b2b4	16	0	FALSE	185A
U5b2b5	U5b2b	15	0	FALSE	13161C 16296T
U5b2c	U5b2	14	2	FALSE	723G 13017G
U5b2c1	U5b2c	15	0	FALSE	6920A 13434G
U5b2c2	U5b2c	15	2	FALSE	3861G 5836G 10262G
U5b2c2a	U5b2c2	16	0	FALSE	14259A
U5b2c2b	U5b2c2	16	0	FALSE	16249C
U5b3	U5b	13	8	FALSE	7226A 16304C
U5b3a	U5b3	14	2	FALSE	16235G
U5b3a1	U5b3a	15	2	FALSE	16169A
U5b3a1a	U5b3a1	16	0	FALSE	373G 11177T 16304T!
U5b3a1b	U5b3a1	16	0	FALSE	15781T
U5b3a2	U5b3a	15	0	FALSE	10978G
U5b3b	U5b3	14	2	FALSE	9196A
U5b3b1	U5b3b	15	0	FALSE	189G
U5b3b2	U5b3b	15	0	FALSE	16526A
U5b3c	U5b3	14	0	FALSE	4775G 5557C 6461G
U5b3d	U5b3	14	0	FALSE	13830C 16067T 16311C!
U5b3e	U5b3	14	0	FALSE	3535A 8701G!
U5b3f	U5b3	14	0	FALSE	16129A!
U5b3g	U5b3	14	0	FALSE	5147A
U5b3h	U5b3	14	0	FALSE	6527G 16192C!
U6	U	10	2	FALSE	3348G 16172C
U6a'b'd	U6	11	2	TRUE	16219G
U6a	U6a'b'd	12	6	FALSE	7805A 14179G 16278T!
U6a1	U6a	13	2	FALSE	14927G
U6a1a	U6a1	14	2	FALSE	3969T 16189C!
U6a1a1	U6a1a	15	0	FALSE	4172A 11938T 16239T
U6a1a2	U6a1a	15	0	FALSE	1472A 13759A
U6a1b	U6a1	14	4	FALSE	16235G
U6a1b1	U6a1b	15	2	FALSE	11176A 12376G 12727C 15244G
U6a1b1a	U6a1b1	16	0	FALSE	146C! 16355T
U6a1b1b	U6a1b1	16	0	FALSE	2158C 10336C 14034C 16145A
U6a1b2	U6a1b	15	0	FALSE	195C! 10364A 14562T
U6a1b3	U6a1b	15	0	FALSE	11971T
U6a1b4	U6a1b	15	0	FALSE	8865A 9377G 9896G 10784G 12022T 13834G 15067C 16086C
U6a4	U6a	13	0	FALSE	150T 12246T 13674C 14215C 15862C 16134T
U6a5	U6a	13	3	FALSE	3591A 7642A 13590A 15927A
U6a5a	U6a5	14	1	FALSE	11590G
U6a5a1	U6a5a	15	0	FALSE	11191T
U6a5b	U6a5	14	0	FALSE	3714G 16184T 16234T
U6a5c	U6a5	14	0	FALSE	6407C 10398G! 16189C!
U6a6	U6a	13	2	FALSE	8557C
U6a6a	U6a6	14	1	FALSE	3714G 12172G 16079T 16189C! 16274A
U6a6a1	U6a6a	15	0	FALSE	9031T
U6a6b	U6a6	14	2	FALSE	8407A 13440T
U6a6b1	U6a6b	15	0	FALSE	7391C
U6a6b2	U6a6b	15	0	FALSE	9779T 10700G 11734G
U6a7	U6a	13	3	FALSE	15043A
U6a7a	U6a7	14	2	FALSE	152C! 794A 1193C 1692T 5471A 8473C 15530C 15632T
U6a7a1	U6a7a	15	3	FALSE	5120G
U6a7a1_152	U6a7a1	16	1	FALSE	152T
U6a7a1c	U6a7a1_152	17	0	FALSE	11038G
U6a7a1a	U6a7a1	16	0	FALSE	2672G 11929C
U6a7a1b	U6a7a1	16	0	FALSE	150T
U6a7a2	U6a7a	15	1	FALSE	14034C 16278C
U6a7a2a	U6a7a2	16	0	FALSE	11941G
U6a7b	U6a7	14	1	FALSE	195C! 198T 960.C
U6a7b1	U6a7b	15	0	FALSE	709A 1842G 7735G 12950C 16219A!
U6a7c	U6a7	14	1	FALSE	7337A 16189C!
U6a7c1	U6a7c	15	0	FALSE	14179A!
U6a_16189!	U6a	13	3	FALSE	16189C!
U6a3	U6a_16189!	14	4	FALSE	15790T
U6a3_185	U6a3	15	3	FALSE	185A
U6a3b	U6a3_185	16	1	FALSE	146C! 152C! 188G 1211A 11268T 13431T 15634G
U6a3b1	U6a3b	17	0	FALSE	16311C!
U6a3e	U6a3_185	16	0	FALSE	3337A 4021G 8705C 12097T 13569C 13928A 16362C 16399G
U6a3f	U6a3_185	16	2	FALSE	150T
U6a3f1	U6a3f	17	0	FALSE	3826C
U6a3f2	U6a3f	17	0	FALSE	15941C
U6a3a	U6a3	15	2	FALSE	4820A
U6a3a1	U6a3a	16	1	FALSE	14364A
U6a3a1a	U6a3a1	17	0	FALSE	8598C
U6a3a2	U6a3a	16	1	FALSE	185A 16093C
U6a3a2a	U6a3a2	17	0	FALSE	709A 3847C
U6a3c	U6a3	15	0	FALSE	146C! 291.A 960d 1809C 5554A 6182A 11272G 15380G
U6a3d	U6a3	15	1	FALSE	16147T
U6a3d1	U6a3d	16	1	FALSE	13635C
U6a3d1a	U6a3d1	17	0	FALSE	385G 4674G 10203A 10927C 15067C
U6a_16189!_s	U6a_16189!	14	0	FALSE	
U6a_16189!_s7	U6a_16189!	14	2	FALSE	
U6a2	U6a_16189!_s7	15	3	FALSE	15626T
U6a2_195!	U6a2	16	1	FALSE	195C!
U6a2c	U6a2_195!	17	0	FALSE	1709A
U6a2a	U6a2	16	2	FALSE	960d 6359G 11204C
U6a2a1	U6a2a	17	0	FALSE	9128C 9891C
U6a2a2	U6a2a	17	1	FALSE	146C! 13359A
U6a2a2a	U6a2a2	18	0	FALSE	337G 16235G
U6a2b	U6a2	16	1	FALSE	15383C 16354T
U6a2b1	U6a2b	17	0	FALSE	15314A 16184T
U6a8	U6a_16189!_s7	15	2	FALSE	10172A
U6a8a	U6a8	16	0	FALSE	143A 750A 8282T 11539T
U6a8b	U6a8	16	0	FALSE	4936T 5894C 9100G 9128C 9335A 16295T
U6a'b'd_16311!	U6a'b'd	12	2	TRUE	16311C!
U6b	U6a'b'd_16311!	13	3	FALSE	9438A
U6b1	U6b	14	2	FALSE	9738A 15431A
U6b1a	U6b1	15	1	FALSE	2352C 16163G
U6b1a1	U6b1a	16	0	FALSE	7700T
U6b1b	U6b1	15	0	FALSE	1520C 4113A 5821A 9571T 16189C!
U6b2	U6b	14	0	FALSE	4062C 12535T 13637G 15355A
U6b3	U6b	14	1	FALSE	16278T!
U6b3a	U6b3	15	0	FALSE	235G
U6d	U6a'b'd_16311!	13	3	FALSE	4336C 12501A 14518G
U6d1	U6d	14	2	FALSE	4454C 14470C 16261T
U6d1a	U6d1	15	0	FALSE	5147A
U6d1b	U6d1	15	0	FALSE	12603T
U6d2	U6d	14	0	FALSE	5460A 12842C 15892C
U6d3	U6d	14	1	FALSE	16174T
U6d3a	U6d3	15	0	FALSE	10397G 11947G 12530G
U6c	U6	11	2	FALSE	150T 437T 793T 3688C 4965G 5081C 11013T 13879C 15244G 16169T 16189C!
U6c1	U6c	12	0	FALSE	15553A 16129A!
U6c2	U6c	12	0	FALSE	194T
S	N	8	3	FALSE	8404C
S1	S	9	1	FALSE	14384C 16075C
S1a	S1	10	0	FALSE	150G 189G 215G 271G 8251A 8506C 15040T 16172C 16311C!
S2	S	9	0	FALSE	2380T 3438A 6167C
S_152!	S	9	3	FALSE	152C!
S3	S_152!	10	0	FALSE	63C 64T 66A 151T 195C! 710C 5302C 5492C 8277C 9938C 10398G! 10786C 11151T 15204C 15317A 15663C 15664T 16140C 16187T! 16189C! 16287T 16311C!
S4	S_152!	10	0	FALSE	1007A 4181G 5090C 6528T 7498A 9866T 16172C 16192T 16319A
S5	S_152!	10	0	FALSE	234G 249d 508G 1375T 3169T 3593C 3996T 8027A 10188G 11470G 13770A 14121T 16243C 16256T
X	N	8	2	FALSE	6221C 6371T 13966G 14470C 16189C! 16278T!
X1'2'3	X	9	2	TRUE	153G
X1'3	X1'2'3	10	2	TRUE	146C!
X1	X1'3	11	2	FALSE	5302C 14587G 15654C 16278C
X1a	X1	12	0	FALSE	6359G 7533T 8140T
X1c	X1	12	0	FALSE	7337A 9615C
X3	X1'3	11	1	FALSE	3531A 13785T 13879C 14560A 15672C
X3a	X3	12	0	FALSE	256T
X2	X1'2'3	10	4	FALSE	195C! 1719A
X2_225	X2	11	9	FALSE	225A
X2_225_153!	X2_225	12	2	FALSE	153A!
X2g	X2_225_153!	13	0	FALSE	769A! 5111T 9722C 13368A 15650A 15924G
X2l	X2_225_153!	13	0	FALSE	9899C 11197T 15358G
X2_225_16223	X2_225	12	1	FALSE	16223C
X2h	X2_225_16223	13	0	FALSE	8467T 9033G
X2a'j	X2_225	12	2	TRUE	12397G
X2a	X2a'j	13	2	FALSE	200G 8913G 14502C 16213A
X2a1	X2a	14	3	FALSE	143A 225G! 3552C 16093C
X2a1a	X2a1	15	1	FALSE	6113G 16357C
X2a1a1	X2a1a	16	0	FALSE	153A! 204C 16093T! 16319A 16213G!
X2a1b	X2a1	15	1	FALSE	8422G
X2a1b1	X2a1b	16	1	FALSE	7299G
X2a1b1a	X2a1b1	17	0	FALSE	6680C
X2a1c	X2a1	15	0	FALSE	8842G 16104T 16147T
X2a2	X2a	14	0	FALSE	1415A 10256C 14560A 16254C
X2j	X2a'j	13	0	FALSE	44.C 794C 2120A 9548A 15469G 16179T 16357C
X2b'd	X2_225	12	2	TRUE	13708A
X2b	X2b'd	13	1	FALSE	8393T 15927A
X2b_226	X2b	14	12	FALSE	226C
X2b1	X2b_226	15	0	FALSE	8814T 16248T
X2b2	X2b_226	15	0	FALSE	4722G 7400A 11908G
X2b3	X2b_226	15	0	FALSE	8269A 14818C
X2b4	X2b_226	15	1	FALSE	3705A
X2b4a	X2b4	16	1	FALSE	8592A
X2b4a1	X2b4a	17	0	FALSE	5375T
X2b5	X2b_226	15	0	FALSE	10532G 13251T
X2b6	X2b_226	15	1	FALSE	4577T 7570G 11914A! 14016A
X2b6a	X2b6	16	0	FALSE	5427G
X2b7	X2b_226	15	0	FALSE	4216C
X2b8	X2b_226	15	0	FALSE	4820A
X2b9	X2b_226	15	0	FALSE	9830T
X2b10	X2b_226	15	1	FALSE	146C! 8425G 15466A
X2b10a	X2b10	16	0	FALSE	16365T
X2b11	X2b_226	15	0	FALSE	189G 8910T
X2b_226_16192	X2b_226	15	2	FALSE	16192T
X2b12	X2b_226_16192	16	0	FALSE	9151G
X2b13	X2b_226_16192	16	0	FALSE	16320T
X2d	X2b'd	13	2	FALSE	153A! 225G! 6791G 8503C
X2d1	X2d	14	1	FALSE	204C 207A 5186G 11878C
X2d1a	X2d1	15	0	FALSE	6626C 10084C 11465C
X2d2	X2d	14	0	FALSE	15300C
X2c	X2_225	12	2	FALSE	227G 16255A
X2c1	X2c	13	5	FALSE	8705C
X2c1a	X2c1	14	0	FALSE	16108T
X2c1b	X2c1	14	0	FALSE	8463G 16300G
X2c1c	X2c1	14	1	FALSE	200G
X2c1c1	X2c1c	15	0	FALSE	16209C
X2c1d	X2c1	14	0	FALSE	15313C
X2c1e	X2c1	14	0	FALSE	4541A 16248T
X2c2	X2c	13	0	FALSE	15314A
X2e	X2_225	12	2	FALSE	15310C
X2e1	X2e	13	2	FALSE	16189A
X2e1a	X2e1	14	1	FALSE	9380A
X2e1a1	X2e1a	15	0	FALSE	16134T 16311C!
X2e1b	X2e1	14	0	FALSE	225G! 16126C
X2e2	X2e	13	3	FALSE	225G! 12084T
X2e2a	X2e2	14	2	FALSE	3948G
X2e2a1	X2e2a	15	0	FALSE	13327G
X2e2a2	X2e2a	15	0	FALSE	152C! 8856A
X2e2b	X2e2	14	1	FALSE	16265G
X2e2b1	X2e2b	15	0	FALSE	7853A 11875C
X2e2c	X2e2	14	1	FALSE	153A! 14861A 16316G
X2e2c1	X2e2c	15	0	FALSE	2232.A 8406T 14025C
X2i	X2_225	12	1	FALSE	16248T
X2i_225!	X2i	13	1	FALSE	225G!
X2i1	X2i_225!	14	0	FALSE	16527T
X2m'n	X2_225	12	2	TRUE	226C
X2m	X2m'n	13	2	FALSE	143A 153A!
X2m1	X2m	14	0	FALSE	235G 16292T
X2m2	X2m	14	0	FALSE	4059T 6713T 8473C 16217C
X2n	X2m'n	13	0	FALSE	64T 263A 4659A 9903C 15793T 16266T
X2o	X2_225	12	1	FALSE	1656d 9840A 13656C
X2o1	X2o	13	0	FALSE	225G! 13035A
X2f	X2	11	1	FALSE	257G
X2f1	X2f	12	0	FALSE	2392C 10398G! 16311C!
X2k	X2	11	0	FALSE	13212T
X2p	X2	11	1	FALSE	7109T
X2p1	X2p	12	0	FALSE	513A 4093G 8645G 9708C 11778A 16291T
X4	X	9	0	FALSE	152C! 195C! 6227C 12406A 16266T 16274A 16390A
L4	L3'4	6	2	FALSE	195C! 5460A 16362C
L4a	L4	7	2	FALSE	198T 3357A 10373A 11253C 11344G 11485C 12414C 13174C 14302C 16260T
L4a1	L4a	8	1	FALSE	325T 6167C 7376T 7775A 11653G 14000A 16207T
L4a1a	L4a1	9	0	FALSE	7762A 8473C 8631G
L4a2	L4a	8	0	FALSE	12361G 16264T
L4b	L4	7	2	FALSE	709A 3918A
L4b1	L4b	8	1	FALSE	150T 195T 204C 4977C 10813T
L4b1a	L4b1	9	0	FALSE	199C 513A 1804G 3010A 3505G 4017T 4029A 4216C 4232C 7624C 8614C 8974G 9248T 9986A 12661T 13497G 14016A 14905A 16179T 16189C! 16239T 16320T
L4b2	L4b	8	2	FALSE	146C! 244G 5460G! 6260A 8104C 9855G 12609C 13470G 16293T 16355T 16399G
L4b2a	L4b2	9	2	FALSE	709G! 1413C
L4b2a1	L4b2a	10	0	FALSE	152C! 471C 547G 5471A 5580C 5746A 6260G! 16274A
L4b2a2	L4b2a	10	3	FALSE	195T 1694C 4949G 10783C 16172C
L4b2a2a	L4b2a2	11	0	FALSE	2483C 6620C 11137C
L4b2a2b	L4b2a2	11	0	FALSE	6956C 8485A 15970C 16287T
L4b2a2c	L4b2a2	11	0	FALSE	391C 8478T 15454C
L4b2b	L4b2	9	1	FALSE	5128G 7805A 10265C 12438C
L4b2b1	L4b2b	10	0	FALSE	340T 2220T 4206G 16316G
L6	L3'4'6	5	2	FALSE	146C! 152C! 185C 709A 770T 961C 1461G 4964T 5267C 6002G 6284G 9332T 10978G 11116C 11743T 12771A 13710G 14791T 14959G 15244G 15289C 15499T 16048A 16224C
L6a	L6	6	0	FALSE	207A 265C
L6b	L6	6	0	FALSE	14533A
L5	L2'3'4'5'6	3	2	FALSE	459.C 3423C 7972G 12432T 12950G 16148T 16166G
L5a	L5	4	2	FALSE	152C! 455.T 709A 851G 1822C 5111T 5147A 5656G 6182A 6297C 7424G 8155A 8188G 8582T 9305A 9329A 11025C 11881T 12236A 13722G 14212C 14239T 14581C 14905A 14971C 15217A 15884A 16355T 16362C
L5a1	L5a	5	3	FALSE	455.TT 930A 4496T 8754T
L5a1a	L5a1	6	0	FALSE	5004C 9899C
L5a1b	L5a1	6	0	FALSE	14668T 14819C
L5a1c	L5a1	6	0	FALSE	513A 4137T
L5a2	L5a	5	0	FALSE	527T 8856A
L5b	L5	4	2	FALSE	182C! 13105A 16254G 16311T
L5b1	L5b	5	2	FALSE	249d 535T 2417G 3027C 3720G 4976G 5213T 9809C 10493C 11701C 12188C 12546T 12714C 12810G 13569C 13830C 16111T 16360T
L5b1a	L5b1	6	0	FALSE	182T 8152A 11065G 12215C
L5b1b	L5b1	6	0	FALSE	14581C
L5b2	L5b	5	0	FALSE	195T 459.CD! 1717C 1719A 2080C 2484T 3564G 3918A 4092A 4655A 4676T 4967C 6527G 7765G 7789A 7972A! 9018C 9653C 10101C 11266T 11287C 11809C 12507G 12940A 12950A! 13050G 13383T 13602C 15236G 15418T 16189T 16368C 16527T
