haplogroup	parent	depth	n_subclades	mutations
mtMRCA		0	2	
L0	mtMRCA	1	2	263A 1048T 3516A 5442C 6185C 9042T 9347G 10589A 12007A 12720G
L0a'b'f'g'k	L0	2	2	189G 4586C 9818T 16172C
L0a'b'f'g	L0a'b'f'g'k	3	2	73A 185A 195T 263G! 2245G 5603T 11641G 15136T 15431A
L0a'b'g	L0a'b'f'g	4	2	93G 95C 236C 8428T 8566G 9755A 16148T
L0a'g	L0a'b'g	5	2	11176A 16188G
L0a	L0a'g	6	3	146T 5231A 5460A 14308C 16278C 16320T
L0a1'4	L0a	7	2	16168T
L0a1	L0a1'4	8	3	5096C
L0a1a	L0a1	9	1	64T 3866C
L0a1a+200G	L0a1a	10	3	200G
L0a1a1	L0a1a+200G	11	0	2759C
L0a1a2	L0a1a+200G	11	0	152T 2245C
L0a1a3	L0a1a+200G	11	0	9181G
L0a1+16293G	L0a1	9	3	16293G
L0a1b	L0a1+16293G	10	2	5911T 14007G 16278C!
L0a1b1	L0a1b	11	1	152T 8191G
L0a1b1a	L0a1b1	12	1	12127A
L0a1b1a1	L0a1b1a	13	1	961C
L0a1b1a1a	L0a1b1a1	14	0	11017C 15381T
L0a1b2	L0a1b	11	1	5563A 14106C 16093C
L0a1b2a	L0a1b2	12	0	15099C
L0a1c	L0a1+16293G	10	1	14569A
L0a1c1	L0a1c	11	0	8188G 16129G 16287T
L0a1d	L0a1+16293G	10	0	553T 12557T 16320C!
L0a1e	L0a1	9	0	152T 5147A 5608T 7568C 16168C!
L0a4	L0a1'4	8	0	152T 2887C 3010A 5060T 7830A 8545A 8870C 11380G 11809C 12780G 14001G 14142T 16192T 16234T 16259A 16319A
L0a2	L0a	7	4	64T 185G! 5147A 5711G 6257A 8281d 8282d 8283d 8284d 8285d 8286d 8287d 8288d 8289d 8460G 11172G 16129G
L0a2a	L0a2	8	2	11143T 14755G
L0a2a1	L0a2a	9	2	14182C
L0a2a1a	L0a2a1	10	2	4598C
L0a2a1a1	L0a2a1a	11	0	8264T 9178A
L0a2a1a2	L0a2a1a	11	0	7424G 15617A
L0a2a1b	L0a2a1	10	0	3834A 5558G
L0a2a2	L0a2a	9	1	204C 207A 9545G 9554A
L0a2a2a	L0a2a2	10	2	13116T
L0a2a2a1	L0a2a2a	11	0	8701A 14905A
L0a2a2a2	L0a2a2a	11	0	9734T
L0a2b	L0a2	8	1	152T 189A! 3372C 5237A 11269T 12172G 13281C 16188A 16242T 16390A
L0a2b1	L0a2b	9	0	1598A
L0a2c	L0a2	8	0	194T 3693A 3738T 4012G 8389G 11009C 11887A 13984T 14560A 16188A 16214T 16234T 16320C!
L0a2d	L0a2	8	0	5581G 15317A
L0a3	L0a	7	0	14581C
L0g	L0a'g	6	0	195T! 198T 204C 207A 499A 1415A 4466G 4814T 4943G 5141T 5603C! 5656G 5782C 8047C 8224G 10039G 10427A 12528A 12705C 13431T 13767A 14002G 14110C 15803A 16169T
L0b	L0a'b'g	5	0	6719C 15106A 15622C 16051G 16164G 16187C
L0f	L0a'b'f'g	4	2	207A 4964T 7148C 9581C 9620T 13470G 14109T 14620T 15852C 16169T 16327T 16368C
L0f1	L0f	5	0	146T 151T 7364G 16187C 16354T
L0f2	L0f	5	2	4194T 11287C 13680T 13928C
L0f2a	L0f2	6	1	1719A 4562G 10790C
L0f2a1	L0f2a	7	0	143A 978G 2772T 2789T 3852T 5321T 10143A 11299C 12720A! 13708A 16173T 16239T
L0f2b	L0f2	6	0	152T 183G 184A 783G 3027C 3531A 3592A 6152C 6176C 7419A 8020A 8748T 9725C 11974G 12855G 13145A 13317A 14683G 15884A 15927A 16129G 16218T 16291T 16354T
L0k	L0a'b'f'g'k	3	2	199C 850C 1243C 4541A 4907C 5811G 7257G 8911C 8922T 8994A 9136G 10499G 10876G 10920T 11296T 11299C 11653G 13590A 13819C 13928C 14020C 14182C 14371C 14374C 16129G 16166C 16214T 16291G
L0k1	L0k	4	2	2836A 6938T 16209C
L0k1a	L0k1	5	3	198T 199T! 10939T 12070A 12720A! 13020C
L0k1a1	L0k1a	6	4	207A 8922C!
L0k1a1a	L0k1a1	7	0	204C 8251A
L0k1a1b	L0k1a1	7	0	14569A
L0k1a1c	L0k1a1	7	0	2060G
L0k1a1d	L0k1a1	7	0	5582G
L0k1a2	L0k1a	6	1	8222C
L0k1a2a	L0k1a2	7	0	10978G
L0k1a3	L0k1a	6	0	16129G! 16242T 16269G 16274A
L0k1b	L0k1	5	0	593C 3777C 10321C 14364A 15721C 15884A
L0k2	L0k	4	2	204C 9347A! 9884T 15221A 16223C 16291A
L0k2a	L0k2	5	1	4012G 9136A! 15299C 16527T
L0k2a1	L0k2a	6	1	16171G
L0k2a1a	L0k2a1	7	0	8838A 11893G 16360T
L0k2b	L0k2	5	0	16287T
L0d	L0	2	2	1438A 4232C 6815C 8113A 8152A 8251A 12121C 15466A 15930A 15941C 16243C
L0d1'2	L0d	3	2	498d 3756G 9755A 16278C
L0d1	L0d1'2	4	2	719A 2706A 3438A 6266G 13759A
L0d1a'c'd	L0d1	5	2	16234T
L0d1a'd	L0d1a'c'd	6	2	152T 16223C
L0d1a	L0d1a'd	7	1	1243C 9950C 12142G 16266G
L0d1a1	L0d1a	8	4	199C 12798T 16266A
L0d1a1a	L0d1a1	9	3	7389C 12696C
L0d1a1a1	L0d1a1a	10	0	199T!
L0d1a1a2	L0d1a1a	10	0	318C
L0d1a1a3	L0d1a1a	10	0	14750G
L0d1a1b	L0d1a1	9	1	13855T 13967T
L0d1a1b1	L0d1a1b	10	2	153G 16209C
L0d1a1b1a	L0d1a1b1	11	0	10319G
L0d1a1b1b	L0d1a1b1	11	0	14953T
L0d1a1c	L0d1a1	9	0	152T! 195T 1719A 7283C 10237C 15924G
L0d1a1d	L0d1a1	9	0	3849A 8793C
L0d1d	L0d1a'd	7	0	2491.1C 4688C 5104T 8270T 11447A 11611A 13506C 14560A 15459T 16129G 16172C 16187C 16218T
L0d1c	L0d1a'c'd	6	3	456T 4197T 9150G 11437C 12235C 13129T 15951G 16129G
L0d1c1	L0d1c	7	1	15550T 16242T
L0d1c1a	L0d1c1	8	2	7828G 9438A
L0d1c1a1	L0d1c1a	9	2	198T 16167T
L0d1c1a1a	L0d1c1a1	10	2	3666A
L0d1c1a1a1	L0d1c1a1a	11	0	294C 5460A 15731A
L0d1c1a1a2	L0d1c1a1a	11	0	9105T
L0d1c1a1b	L0d1c1a1	10	0	7967T
L0d1c1a2	L0d1c1a	9	0	114A 5460A 13203G
L0d1c2	L0d1c	7	1	16294G
L0d1c2a	L0d1c2	8	1	200G 6929G 16256T 16294A
L0d1c2a1	L0d1c2a	9	0	9180G 12609A 15470C 16274A
L0d1c3	L0d1c	7	0	265C 3591A 15519C 16093C
L0d1b	L0d1	5	2	3618C
L0d1b1	L0d1b	6	3	188G 2484.1C 4562C 10398A 16179T
L0d1b1a	L0d1b1	7	1	3531A 8027A 10707G 15217A 15479C
L0d1b1a1	L0d1b1a	8	0	15314A
L0d1b1b	L0d1b1	7	1	11341G
L0d1b1b1	L0d1b1b	8	0	204C 207A 16140C 16293G
L0d1b1+152T	L0d1b1	7	1	152T
L0d1b1c	L0d1b1+152T	8	0	731G 2285C 2758G 2882C 11016A 16390T
L0d1b2	L0d1b	6	2	7283C 14315T 14659T 16294T
L0d1b2a	L0d1b2	7	2	6692G 8790A 14280G 14560A 15449C 16153A 16474T
L0d1b2a1	L0d1b2a	8	0	9887C
L0d1b2a2	L0d1b2a	8	0	2951G 8388C 13062G
L0d1b2b	L0d1b2	7	2	16239T
L0d1b2b1	L0d1b2b	8	2	9111C 10920T
L0d1b2b1a	L0d1b2b1	9	0	957T 5460A 8715C 8970T 11087C 12303T 14211T 15106A
L0d1b2b1b	L0d1b2b1	9	1	6383A 12436T 15337T
L0d1b2b1b1	L0d1b2b1b	10	0	10084C
L0d1b2b2	L0d1b2b	8	3	573.XC 8383C 15692G 16230A
L0d1b2b2a	L0d1b2b2	9	0	2887C
L0d1b2b2b	L0d1b2b2	9	1	15697C
L0d1b2b2b1	L0d1b2b2b	10	0	12501A 16218T
L0d1b2b2c	L0d1b2b2	9	2	5029C
L0d1b2b2c1	L0d1b2b2c	10	0	8937C
L0d1b2b2c2	L0d1b2b2c	10	0	3666A 12816T 16157C
L0d2	L0d1'2	4	2	3981G 4025T 4044G 7154G 11854C 15766G
L0d2a'b'd	L0d2	5	3	16212G
L0d2a	L0d2a'b'd	6	2	5153G 12172G 14221C 16390A
L0d2a1	L0d2a	7	3	198T 597T 4225G 8392A 12234G 12810G
L0d2a1a	L0d2a1	8	3	8545A
L0d2a1a1	L0d2a1a	9	1	2072G
L0d2a1a1a	L0d2a1a1	10	0	16292T
L0d2a1a2	L0d2a1a	9	0	4896C
L0d2a1a3	L0d2a1a	9	0	16172C
L0d2a1b	L0d2a1	8	0	463T 7861C 16187C
L0d2a1c	L0d2a1	8	0	2609C 2623G 9656C 11150A
L0d2a2	L0d2a	7	0	93G 95C 3105G 3290C 4574G 7412T 16256T 16289G
L0d2b	L0d2a'b'd	6	2	152T 1386C 9932A 10084C 16069T 16169T
L0d2b1	L0d2b	7	2	265C 4769A 5515G 8865A 8994A 13386C 14770T 16126C 16187C 16258C 16291T
L0d2b1a	L0d2b1	8	1	709A 3756A!
L0d2b1a1	L0d2b1a	9	1	8563G 9776T
L0d2b1a1a	L0d2b1a1	10	0	15596A
L0d2b1b	L0d2b1	8	0	13466C 14302C 14693G 15944d
L0d2b2	L0d2b	7	0	794C 5054A 13768C 14326C
L0d2d	L0d2a'b'd	6	0	125C 127C 150T 188G 5147A 5231A 6776C 8434T 9254G 9476G 10745T 14094C 15884A 16390T
L0d2c	L0d2	5	2	294A 4038G 4204C 4937C 6644T 8284T 8420G 9230C 9305A 11974G 13827G 14007G 15346A
L0d2c1	L0d2c	6	2	6249A
L0d2c1a	L0d2c1	7	1	4052T 4395G 5899.XC
L0d2c1a1	L0d2c1a	8	0	930A 2483C 6134T 9554A
L0d2c1b	L0d2c1	7	0	12562T 16482G
L0d2c2	L0d2c	6	2	94A 152T 8725G 8860A 9531G 10373A
L0d2c2a	L0d2c2	7	1	4646C
L0d2c2a1	L0d2c2a	8	1	12234G
L0d2c2a1a	L0d2c2a1	9	0	14693G 15541C
L0d2c2b	L0d2c2	7	0	9072G 9090A
L0d3	L0d	3	2	150T 316A 721C 1243C 2755G 5460A 5773A 6377T 8459G 8598C 9027T 9488T 11061T 13359A 15236G 15312C 16290T 16300G
L0d3a	L0d3	4	0	11653G 15461C 15586C 16399G
L0d3b	L0d3	4	2	152T 6170T 7119A 8290A 10114C 10128A 16129G 16274A
L0d3b1	L0d3b	5	0	12978G
L0d3b2	L0d3b	5	0	6152C
L1'2'3'4'5'6	mtMRCA	1	2	146T 182T 4312C 10664C 10915T 11914G 13276A 16230A
L1	L1'2'3'4'5'6	2	2	3666A 7055G 7389C 13789C 14178C 14560A
L1b	L1	3	2	185T 357G 709A 710C 1438A 1738C 2352C 2768G 3308C 3693A 6548T 6827C 6989G 7867T 8248G 12519C 14769G 15115C 16126C 16129G 16264T 16270T 16293G
L1b1	L1b	4	1	5036G 5046A 5655C 13880A 14203G
L1b1a	L1b1	5	12	5393C
L1b1a1'4	L1b1a	6	2	16114A
L1b1a1	L1b1a1'4	7	0	264T 3396C 16215G
L1b1a4	L1b1a1'4	7	1	8790A
L1b1a4a	L1b1a4	8	0	13194A
L1b1a2	L1b1a	6	1	7954C
L1b1a2a	L1b1a2	7	0	16289G
L1b1a+189G	L1b1a	6	5	189G
L1b1a3	L1b1a+189G	7	2	13980A
L1b1a3a	L1b1a3	8	1	7915T
L1b1a3a1	L1b1a3a	9	0	11254C
L1b1a3b	L1b1a3	8	0	1719A 4216C
L1b1a9	L1b1a+189G	7	0	6446A
L1b1a15	L1b1a+189G	7	1	15077A 15103T
L1b1a15a	L1b1a15	8	0	16355T
L1b1a17	L1b1a+189G	7	0	15629C
L1b1a18	L1b1a+189G	7	0	182C! 12609C 12696C
L1b1a5	L1b1a	6	0	14812T
L1b1a6	L1b1a	6	0	9755A 14110C
L1b1a7	L1b1a	6	1	6378C
L1b1a7a	L1b1a7	7	0	228A 14053G
L1b1a8	L1b1a	6	0	7298G
L1b1a10	L1b1a	6	2	151T
L1b1a10a	L1b1a10	7	0	15763G
L1b1a10b	L1b1a10	7	0	11506C
L1b1a12	L1b1a	6	2	1462A 16400T
L1b1a12a	L1b1a12	7	0	11002G
L1b1a12b	L1b1a12	7	0	7298G 16187C
L1b1a13	L1b1a	6	0	5509C
L1b1a14	L1b1a	6	0	12512T
L1b1a16	L1b1a	6	0	185C 14016A 14040A
L1b2'3	L1b	4	2	195T
L1b2	L1b2'3	5	1	189G 12891T 13893G 14323A 16239T
L1b2a	L1b2	6	0	146T! 12171G 16111T 16264C!
L1b3	L1b2'3	5	0	723G 4562G 7972G 14800T
L1c	L1	3	2	151T 186A 189C 316A 2395d 5951G 6071C 8027A 9072G 10586A 12810G 13485G 14000A 14911T 16294T 16360T
L1c1'2'4'5'6	L1c	4	2	297G
L1c1'2'4'6	L1c1'2'4'5'6	5	3	198T 10321C
L1c1	L1c1'2'4'6	6	2	3796T 3843G 14148G 16293G
L1c1a'b'd	L1c1	7	2	11899C
L1c1a	L1c1a'b'd	8	1	4454A 8087C 14088C
L1c1a+198C!	L1c1a	9	2	198C!
L1c1a1	L1c1a+198C!	10	2	10398A 14034C 16223C
L1c1a1a	L1c1a1	11	2	44.1C 204C 11257T 16214T 16234T 16249C
L1c1a1a1	L1c1a1a	12	2	182C! 467T 2308G 5984G 11167G 12930T 16274A
L1c1a1a1a	L1c1a1a1	13	0	6182A 8928C 9311C 15663C 16293A!
L1c1a1a1b	L1c1a1a1	13	1	204T! 16051G 16258G
L1c1a1a1b1	L1c1a1a1b	14	0	5300T
L1c1a1a2	L1c1a1a	12	0	4491A 10667C 13194A 16129G
L1c1a1b	L1c1a1	11	0	195T 2141C 5277C 8769G 9580G 12164A 13174C 14040A 15777A 16129G 16184T 16360C!
L1c1a2	L1c1a+198C!	10	3	93G 95C 151C! 236C 2755G 2863C 3513T 3927G 4506G 7202G 9647C 12768G 16274A
L1c1a2a	L1c1a2	11	2	4634C 9336G 12477C
L1c1a2a1	L1c1a2a	12	0	7692C
L1c1a2a2	L1c1a2a	12	0	15289C
L1c1a2b	L1c1a2	11	0	152T 6752G 7660C 7693T 9272T
L1c1a2c	L1c1a2	11	0	8266G 12007A 13879C
L1c1b'd	L1c1a'b'd	8	2	16086C
L1c1b	L1c1b'd	9	1	1291C 4688C 5553C 8619T 9861C 10084C 12681C 14393G 16241G
L1c1b1	L1c1b	10	0	4824G 8277C 15025T 16291T 16293A!
L1c1d	L1c1b'd	9	1	5460A 11914A! 15301A 15626T 16038G
L1c1d1	L1c1d	10	0	5108C 7948T
L1c1c	L1c1	7	0	198C! 249d 6267A 8387A 8389G 9233C 11335T 12879C 16172C 16187C 16294C!
L1c2'4	L1c1'2'4'6	6	2	5899.1C 12049T 13149G
L1c2	L1c2'4	7	2	6150A 6253C 7076G 7337A 8784G 8877C 10792G 10793T 11654G 16265C 16286G 16527T
L1c2a	L1c2	8	3	1420C 2156.1A 15016T 15784C
L1c2a1	L1c2a	9	2	16145A 16213A
L1c2a1a	L1c2a1	10	0	7744C 8251A 13212T 13281C 14812T 16071T 16234T
L1c2a1b	L1c2a1	10	0	3777C 5237A
L1c2a2	L1c2a	9	0	709A 3438A 5899.1C! 7070T 7160T 7301G 8701A 9018C 13437C 16288C 16357C 16360C!
L1c2a3	L1c2a	9	1	471C 6723A 11329G 14861A
L1c2a3a	L1c2a3	10	0	385G 1048T 7741C 14127G 16129G 16172C
L1c2b	L1c2	8	2	11164G 16093C 16286A
L1c2b1	L1c2b	9	2	10031C
L1c2b1a'b	L1c2b1	10	2	2220G
L1c2b1a	L1c2b1a'b	11	1	5580C 6209T 14071G
L1c2b1a1	L1c2b1a	12	0	3349G 7675T 12771A
L1c2b1b	L1c2b1a'b	11	1	5087C 6480A 9108G 12669T
L1c2b1b1	L1c2b1b	12	0	264T 3275G 6173T
L1c2b1c	L1c2b1	10	0	633G 723G 3421A 3777C 5580C 5894d 10071C 15672C 16292T
L1c2b2	L1c2b	9	0	8567C 13269G 16320T
L1c4	L1c2'4	7	2	151C! 198C! 5196C 6629G 7673G 7960G 9266A 9545G 13741G 13879C 16184T 16301T
L1c4a	L1c4	8	0	280T 1503A 4596A 4937C 4959A 5054A 11337G 11854C 12940A 14182C 15191C 16037G 16093C 16140C
L1c4b	L1c4	8	0	4706G 11002G
L1c6	L1c1'2'4'6	6	0	930A 2251G 5231A 14470C
L1c5	L1c1'2'4'5'6	5	0	291T 709A 5390G 7762A 8143C 8281d 8282d 8283d 8284d 8285d 8286d 8287d 8288d 8289d 9899C 11150A 12425G 12630A 13359A 13368A 15449C 15553A 15941C 16114A 16261T 16294C!
L1c3	L1c	4	2	195T 6221A 6917A 7055A! 11302T 15226G 15905C 15978T
L1c3a	L1c3	5	1	6260A 7498A 7789A 9966A 12019T 12501A 16187C 16215G
L1c3a1	L1c3a	6	2	3105G
L1c3a1a	L1c3a1	7	0	2387C 12616C
L1c3a1b	L1c3a1	7	0	8668C 16355T
L1c3b'c	L1c3	5	2	2283T 16293G
L1c3b	L1c3b'c	6	2	8251A 13981T 14794T 16163G
L1c3b1	L1c3b	7	2	629C 3210T 3434G 4755C 8417T 12400G 12542T 16017C
L1c3b1a	L1c3b1	8	0	11317G 13708A 16209C
L1c3b1b	L1c3b1	8	0	1686G 2083C
L1c3b2	L1c3b	7	0	2283C! 3096C 6297C 6353G 7805A 7844G 14128G 14831A 15244G 15924G 16086C
L1c3c	L1c3b'c	6	0	93G 195T! 248G 458T 745.1T 3027C 3525T 3600T 4853A 11852A 11984C 12507G 14669G
L2'3'4'5'6	L1'2'3'4'5'6	2	2	152T 2758G 2885T 7146A 8468C
L5	L2'3'4'5'6	3	2	459.1C 3423C 7972G 12432T 12950G 16148T 16166G
L5a	L5	4	2	152T! 455.1T 709A 851G 1822C 5111T 5147A 5656G 6182A 6297C 7424G 8155A 8188G 8582T 9305A 9329A 11025C 11881T 12236A 13722G 14212C 14239T 14581C 14905A 14971C 15217A 15884A 16355T 16362C
L5a1	L5a	5	3	455.2T 930A 4496T 8754T
L5a1a	L5a1	6	0	5004C 9899C
L5a1b	L5a1	6	0	14668T 14819C
L5a1c	L5a1	6	0	513A 4137T
L5a2	L5a	5	0	527T 8856A
L5b	L5	4	2	182C! 13105A 16254G 16311T
L5b1	L5b	5	2	249d 535T 2417G 3027C 3720G 4976G 5213T 9809C 10493C 11701C 12188C 12546T 12714C 12810G 13569C 13830C 16111T 16360T
L5b1a	L5b1	6	0	182T! 8152A 11065G 12215C
L5b1b	L5b1	6	0	14581C
L5b2	L5b	5	0	195T 459.1C! 1717C 1719A 2080C 2484T 3564G 3918A 4092A 4655A 4676T 4967C 6527G 7765G 7789A 7972G! 9018C 9653C 10101C 11266T 11287C 11809C 12507G 12940A 12950A! 13050G 13383T 13602C 15236G 15418T 16189T 16368C 16527T
L2'3'4'6	L2'3'4'5'6	3	2	195T 247G 825T 8655C 10688G 10810T 13105A 13506C 15301A 16129G 16187C 16189T
L2	L2'3'4'6	4	2	146T! 150T 152T! 2416C 8206A 9221G 10115C 13590A 16311T 16390A
L2a'b'c'd	L2	5	2	195T! 11944C
L2a	L2a'b'c'd	6	2	150C! 7175C
L2a1'2'3'4	L2a	7	2	2789T 7274T 7771G 11914A! 13803G 14566G 16294T
L2a1	L2a1'2'3'4	8	3	182C! 12693G 15784C 16309G
L2a1a	L2a1	9	3	3918A 5285G 15244G 15629C
L2a1a1	L2a1a	10	0	6152C 15391T 16368C
L2a1a2	L2a1a	10	3	16286T
L2a1a2a	L2a1a2	11	1	10454C
L2a1a2a1	L2a1a2a	12	1	15211T
L2a1a2a1a	L2a1a2a1	13	0	15421G
L2a1a2b	L2a1a2	11	0	3336C
L2a1a2c	L2a1a2	11	0	5492C 8841T 13615G
L2a1a3	L2a1a	10	3	143A 16093C
L2a1a3a	L2a1a3	11	0	9165C
L2a1a3b	L2a1a3	11	0	3316A
L2a1a3c	L2a1a3	11	0	9449T 16256T
L2a1+16189T! (16192T)	L2a1	9	3	16189T! 16192T
L2a1b	L2a1+16189T! (16192T)	10	3	10143A
L2a1b1	L2a1b	11	1	15735T
L2a1b1a	L2a1b1	12	0	5090C 16290T
L2a1b2	L2a1b	11	0	8116G
L2a1b+143A	L2a1b	11	1	143A
L2a1b3	L2a1b+143A	12	0	207A 1189C
L2a1f	L2a1+16189T! (16192T)	10	3	5581G
L2a1f1	L2a1f	11	1	731G
L2a1f1a	L2a1f1	12	0	7394G
L2a1f2	L2a1f	11	0	11692T
L2a1f3	L2a1f	11	0	198T
L2a1g	L2a1+16189T! (16192T)	10	0	8014G 14281T 16131C 16225T 16234T
L2a1+143A	L2a1	9	4	143A
L2a1c	L2a1+143A	10	5	3010A 6663G
L2a1c+16086C	L2a1c	11	2	16086C
L2a1c1	L2a1c+16086C	12	1	198T 930A 3308C 8604C
L2a1c1a	L2a1c1	13	2	6311T
L2a1c1a1	L2a1c1a	14	0	3338C
L2a1c1a2	L2a1c1a	14	0	6164T
L2a1c6	L2a1c+16086C	12	0	189G 4164G 10954T 16169T
L2a1c2	L2a1c	11	1	10903T 15924G 16213A
L2a1c2a	L2a1c2	12	0	513A 16193T 16239T
L2a1c3	L2a1c	11	2	9932A
L2a1c3a	L2a1c3	12	1	7858T
L2a1c3a1	L2a1c3a	13	0	198T 5843G 15115C 16290T
L2a1c3b	L2a1c3	12	2	16309A! 16355T
L2a1c3b1	L2a1c3b	13	0	10410C
L2a1c3b2	L2a1c3b	13	0	9854C 14384A 14965G 16311T!
L2a1c4	L2a1c	11	1	12172G
L2a1c4a	L2a1c4	12	1	12354C
L2a1c4a1	L2a1c4a	13	0	5252A
L2a1c+16129G!	L2a1c	11	1	16129G!
L2a1c5	L2a1c+16129G!	12	0	13260C
L2a1+143A +16309A!	L2a1+143A	10	2	16309A!
L2a1d	L2a1+143A +16309A!	11	2	182T! 5196C 9530C 11386C 12612G 13934T
L2a1d1	L2a1d	12	0	12007A 13395G 16209C 16301T 16354T
L2a1d2	L2a1d	12	0	9356T
L2a1h	L2a1+143A +16309A!	11	0	3505G 4772C 12976T
L2a1e	L2a1+143A	10	1	3495A 8790A 12630A
L2a1e1	L2a1e	11	0	143G! 8541A 14599G
L2a1+143A +16189T! (16192T)	L2a1+143A	10	8	16189T! 16192T
L2a1+143A +16189T! (16192T) +16309A!	L2a1+143A +16189T! (16192T)	11	2	16309A!
L2a1i	L2a1+143A +16189T! (16192T) +16309A!	12	1	15229C 16362C
L2a1i1	L2a1i	13	0	6164T 10920T
L2a1q	L2a1+143A +16189T! (16192T) +16309A!	12	0	2746C 13917G 16245T
L2a1j	L2a1+143A +16189T! (16192T)	11	0	8764A 14464G
L2a1k	L2a1+143A +16189T! (16192T)	11	0	6722A 12903C 16218T
L2a1l	L2a1+143A +16189T! (16192T)	11	3	534T
L2a1l1	L2a1l	12	2	12408C
L2a1l1a	L2a1l1	13	2	5580C
L2a1l1a1	L2a1l1a	14	0	11059T
L2a1l1a2	L2a1l1a	14	0	3345C
L2a1l1b	L2a1l1	13	0	15880G
L2a1l2	L2a1l	12	1	5366A
L2a1l2a	L2a1l2	13	1	143G! 14180C
L2a1l2a1	L2a1l2a	14	0	3573A
L2a1l3	L2a1l	12	0	14905A 16357C
L2a1m	L2a1+143A +16189T! (16192T)	11	1	13884G
L2a1m1	L2a1m	12	1	8281d 8282d 8283d 8284d 8285d 8286d 8287d 8288d 8289d
L2a1m1a	L2a1m1	13	0	8553T
L2a1n	L2a1+143A +16189T! (16192T)	11	0	4317d 5147A
L2a1o	L2a1+143A +16189T! (16192T)	11	0	12438C
L2a1p	L2a1+143A +16189T! (16192T)	11	0	9410G 13818C 15626T
L2a2'3'4	L2a1'2'3'4	8	2	146T! 6752G 16189T! 16229C 16311T!
L2a2'3	L2a2'3'4	9	2	709A 15939T 16291T
L2a2	L2a2'3	10	2	9932A
L2a2a	L2a2	11	1	9083C 9438A 15803A
L2a2a1	L2a2a	12	0	8727T
L2a2b	L2a2	11	2	195T! 11767T 14118G
L2a2b1	L2a2b	12	1	13827G
L2a2b1a	L2a2b1	13	0	182C! 7664A 8721G 13068G 16172C
L2a2b2	L2a2b	12	0	235G 6383A 9077C
L2a3	L2a2'3	10	0	195T! 257G 9797C 14894C 16086C 16215G
L2a4	L2a2'3'4	9	2	513A 593A 9438A 13125T 16170G
L2a4a	L2a4	10	0	573.XC 5147A 6959T 7897A 8614C 12480T 15812A
L2a4b	L2a4	10	0	195T! 2780T 3834A 4703C 12612G 16264T
L2a5	L2a	7	0	195T! 2626C 3654T 5263T 6040C 6497C 12879C 14890G 16224C
L2b'c'd	L2a'b'c'd	6	2	2332T
L2b'c	L2b'c'd	7	2	198T 1442A 7624A 12236A 15110A 15217A
L2b	L2b'c	8	3	204C 1706T 2358G 4158G 4370C 4767G 5027T 5331A 5814C 6713T 8080T 8387A 12948G 14059G 16114A 16129G! 16213A
L2b1	L2b	9	2	418T 6026A 10828C 13924T 16362C
L2b1a	L2b1	10	3	146T! 16355T
L2b1a2	L2b1a	11	0	7569G
L2b1a3	L2b1a	11	0	8856A
L2b1a4	L2b1a	11	0	12406A
L2b1b	L2b1	10	0	385G 6629G
L2b2	L2b	9	1	6614C 6806G 8503C
L2b2a	L2b2	10	0	709A 8790A 9350G 13966G 14407T 16354T
L2b3	L2b	9	3	15944.1T
L2b3a	L2b3	10	0	4185T 5744A 8925G 14544A 15236G 15326A
L2b3b	L2b3	10	0	2626C
L2b3c	L2b3	10	0	12011C
L2c	L2b'c	8	5	93G 325T 680C 709A 3200A 13928C 13958C 15849T
L2c1	L2c	9	1	16318G
L2c1a	L2c1	10	0	93A! 5201C
L2c2	L2c	9	2	1040C 16264T
L2c2a	L2c2	10	1	15043A
L2c2a1	L2c2a	11	0	869T 5823G 13184C
L2c2b	L2c2	10	2	183G
L2c2b1	L2c2b	11	2	8772C 15313C
L2c2b1a	L2c2b1	12	0	1888A 15574T
L2c2b1b	L2c2b1	12	0	8567C 9063G 10790C 16311T!
L2c2b2	L2c2b	11	0	9758C
L2c3	L2c	9	1	513A
L2c3a	L2c3	10	0	5255T 8733C
L2c4	L2c	9	0	13440T
L2c5	L2c	9	0	4596A
L2d	L2b'c'd	7	1	152T 182C! 456T 870T 2159C 3254A 3434G 3693A 6231T 9554A 9941G 10955T 11353C 14845T 15777C 16189T! 16223C 16300G 16354T 16399G
L2d+16129G!	L2d	8	1	16129G!
L2d1	L2d+16129G!	9	1	10700G
L2d1a	L2d1	10	0	8856A 15263T 15458C 15703G
L2e	L2	5	1	479G 719A 1211A 3537G 4562G 5069T 6014C 8383C 9377G 9971T 11935C 12189C 13708A 14299C 15697C 15734A 15889C 16111A 16145A 16184T 16239T 16292T 16355T 16399G 16400T
L2e1	L2e	6	1	954T
L2e1a	L2e1	7	0	8994A 11149A 13194A
L3'4'6	L2'3'4'6	4	2	4104A 7521G
L6	L3'4'6	5	2	146T! 152T! 185C 709A 770T 961C 1461G 4964T 5267C 6002G 6284G 9332T 10978G 11116C 11743T 12771A 13710G 14791T 14959G 15244G 15289C 15499T 16048A 16224C
L6a	L6	6	0	207A 265C
L6b	L6	6	0	14533A
L3'4	L3'4'6	5	2	182C! 3594C 7256C 13650C 16278C
L4	L3'4	6	2	195T! 5460A 16362C
L4a	L4	7	2	198T 3357A 10373A 11253C 11344G 11485C 12414C 13174C 14302C 16260T
L4a1	L4a	8	1	325T 6167C 7376T 7775A 11653G 14000A 16207T
L4a1a	L4a1	9	0	150T 7762A 8473C 8631G
L4a2	L4a	8	0	12361G 16264T
L4b	L4	7	2	709A 3918A
L4b1	L4b	8	1	150T 195T! 204C 4977C 10813T
L4b1a	L4b1	9	0	199C 513A 1804G 3010A 3505G 4017T 4029A 4216C 4232C 7624C 8614C 8974G 9248T 9986A 12661T 13497G 14016A 14905A 16179T 16189T! 16239T 16320T
L4b2	L4b	8	2	146T! 244G 5460G! 6260A 8104C 9855G 12609C 13470G 16293T 16355T 16399G
L4b2a	L4b2	9	2	709G! 1413C
L4b2a1	L4b2a	10	0	152T! 471C 547G 5471A 5580C 5746A 6260G! 16274A
L4b2a2	L4b2a	10	3	195T! 1694C 4949G 10783C 16172C
L4b2a2a	L4b2a2	11	0	2483C 6620C 11137C
L4b2a2b	L4b2a2	11	0	6956C 8485A 15970C 16287T
L4b2a2c	L4b2a2	11	0	391C 8478T 15454C
L4b2b	L4b2	9	1	5128G 7805A 10265C 12438C
L4b2b1	L4b2b	10	0	340T 2220T 4206G 16316G
L3	L3'4	6	7	769G 1018G 16311T
L3a	L3	7	2	151T 152T! 12816T 16254G 16316G
L3a1	L3a	8	2	721C 10314T 14461C 14851G 15553A 16311T!
L3a1a	L3a1	9	0	151C! 4088T
L3a1b	L3a1	9	0	195T! 198T 2357T 10184T 12618A 13708A 14566G
L3a+709A	L3a	8	1	709A
L3a2	L3a+709A	9	1	573T 7364G
L3a2a	L3a2	10	0	151C! 3996T 13887G 16223C
L3b'f	L3	7	2	15944d
L3b	L3b'f	8	3	3450T 5773A 6221C 9449T 10086G 13105G! 13914A 15311G 15824G 16124C 16278C! 16362C
L3b1	L3b	9	2	10373A
L3b1a	L3b1	10	9	11002G
L3b1a1	L3b1a	11	1	11800G
L3b1a1a	L3b1a1	12	0	15883A
L3b1a2	L3b1a	11	0	9300A
L3b1a3	L3b1a	11	0	13933G 16311T!
L3b1a4	L3b1a	11	0	1710C 9605T
L3b1a5	L3b1a	11	1	5063C
L3b1a5a	L3b1a5	12	0	5417A
L3b1a+152C!	L3b1a	11	1	152T!
L3b1a6	L3b1a+152C!	12	0	3385G 5255T 8155A
L3b1a+16124T!	L3b1a	11	3	16124T!
L3b1a7	L3b1a+16124T!	12	1	3441G 5211T 5581G 15299C
L3b1a7a	L3b1a7	13	0	9477A
L3b1a8	L3b1a+16124T!	12	0	2332T 16145A
L3b1a9	L3b1a+16124T!	12	1	16051G
L3b1a9a	L3b1a9	13	0	16318G
L3b1a10	L3b1a	11	0	4659A 7859A
L3b1a11	L3b1a	11	0	13790G 16311T!
L3b1b	L3b1	10	1	152T! 9079G 15664T
L3b1b1	L3b1b	11	0	217C
L3b2	L3b	9	2	3420T 10640C 16527T
L3b2a	L3b2	10	0	5250C 16189T!
L3b2b	L3b2	10	0	9053A 9067G 15550T
L3b3	L3b	9	0	185A 189G 6527G 9007G 13934T 14182C 16048A
L3f	L3b'f	8	3	3396C 4218C 15514C 16209C
L3f1	L3f	9	2	5601T 9950C
L3f1a	L3f1	10	1	3693A 4350T 5194T 14148G 15106A
L3f1a1	L3f1a	11	0	3197C 12507G
L3f1b	L3f1	10	1	189G 200G 1822C 7819A 8527G 8932T 11440A 14769G 16311T!
L3f1b+16292T	L3f1b	11	4	16292T
L3f1b1	L3f1b+16292T	12	1	16295T
L3f1b1a	L3f1b1	13	1	8410T 10070T 16129G!
L3f1b1a1	L3f1b1a	14	0	272G
L3f1b2	L3f1b+16292T	12	1	7235A
L3f1b2a	L3f1b2	13	0	16172C 16266A
L3f1b+16292T +150T	L3f1b+16292T	12	2	150T
L3f1b3	L3f1b+16292T +150T	13	0	711C 6806G 7158G
L3f1b4	L3f1b+16292T +150T	13	3	3505G
L3f1b4a	L3f1b4	14	1	13167G 16292C!
L3f1b4a1	L3f1b4a	15	0	8799G
L3f1b4b	L3f1b4	14	0	15930A
L3f1b4c	L3f1b4	14	0	16218T
L3f1b5	L3f1b+16292T	12	0	11582G
L3f2	L3f	9	2	745.1T 16311T!
L3f2a	L3f2	10	1	152T! 15479C
L3f2a1	L3f2a	11	1	5821A 9365T 15314A
L3f2a1a	L3f2a1	12	0	1842G 16266T
L3f2b	L3f2	10	0	374.1A 2442C 5342T 11016A 12338C 15466A 15658T
L3f3	L3f	9	2	189G 318C 959T 4643A 5181G 6602T 8158G 8251A 9932A 10604C 11770C 15940C 16176T 16234T
L3f3a	L3f3	10	0	16284G
L3f3b	L3f3	10	0	16188T
L3c'd	L3	7	2	152T! 13105G!
L3c	L3c'd	8	0	195T! 498.1C 678C 3582T 4491A 5393C 7394G 9337C 9682C 12373G 14221C 14371C 14560A 14587G 16311T! 16362C
L3d	L3c'd	8	1	5147A 7424G 8618C 13886C 14284T 16124C
L3d1'2'3'4'5'6	L3d	9	6	921C
L3d1	L3d1'2'3'4'5'6	10	4	6680C
L3d1a	L3d1	11	1	4048A 7648T 11887A
L3d1a1'2	L3d1a	12	2	16319A
L3d1a1	L3d1a1'2	13	2	1503A
L3d1a1a	L3d1a1	14	1	150T 4203G 5471A 10640C 10915C!
L3d1a1a1	L3d1a1a	15	0	3579G
L3d1a1b	L3d1a1	14	0	146T! 195T! 5162C 9452A 10837T 12406A 13884G 15106A
L3d1a2	L3d1a1'2	13	0	15061G
L3d1b	L3d1	11	3	5046A
L3d1b1	L3d1b	12	2	6272G
L3d1b1a	L3d1b1	13	0	8014C
L3d1b1b	L3d1b1	13	0	151T 195T! 3957G
L3d1b2	L3d1b	12	0	150T 4553C 15514C
L3d1b3	L3d1b	12	1	146T! 14634C 15110A
L3d1b3a	L3d1b3	13	0	16256T
L3d1c	L3d1	11	1	3203G 9111C 11239G 12870T 13542G 16166G
L3d1c1	L3d1c	12	0	5372G 9254G
L3d1d	L3d1	11	0	7765G 9151G 16256T 16368C
L3d2	L3d1'2'3'4'5'6	10	2	14272T 14584C 16111T
L3d2a	L3d2	11	0	15115C 16189T!
L3d2b	L3d2	11	0	199C
L3d3	L3d1'2'3'4'5'6	10	2	1719A 4688C 15061G
L3d3a	L3d3	11	1	3498G 8251A 10899G 11404G 16189C 16278T 16304C 16311C
L3d3a1	L3d3a	12	2	15208G
L3d3a1a	L3d3a1	13	0	2416C
L3d3a1b	L3d3a1	13	0	16000A
L3d3b	L3d3	11	0	7389C
L3d4	L3d1'2'3'4'5'6	10	1	189G 195T!
L3d4a	L3d4	11	0	1393A 12280G
L3d5	L3d1'2'3'4'5'6	10	1	15799G 16362C
L3d5a	L3d5	11	0	7158G 12311C 15930A
L3d6	L3d1'2'3'4'5'6	10	0	5492C 8473C 8658T 9300A 15223T
L3e'i'k'x	L3	7	4	150T 10819G
L3e	L3e'i'k'x	8	3	2352C 14212C
L3e1	L3e	9	7	189G 200G 6221C 6587T 14152G 15670C 15942C 16327T
L3e1a	L3e1	10	3	16185T
L3e1a1	L3e1a	11	1	185A 8650T 16311T!
L3e1a1a	L3e1a1	12	0	3438A
L3e1a2	L3e1a	11	0	152T! 195T! 207A 5774A 9254G 11024T 14569A 16209C
L3e1a3	L3e1a	11	2	10398A
L3e1a3a	L3e1a3	12	0	5255T 7337A
L3e1a3b	L3e1a3	12	0	10172A 12438C 16093C
L3e1b	L3e1	10	2	14926G 16325d
L3e1b1	L3e1b	11	0	16256T
L3e1b2	L3e1b	11	0	185A 200A! 8577G 12192A
L3e1c	L3e1	10	0	3675G 5460A 8289.1CCCCCTCTACCCCCTCTA 8701A 14323A
L3e1d	L3e1	10	1	152T! 16176T
L3e1d1	L3e1d	11	1	8703T 9300A 12738C
L3e1d1a	L3e1d1	12	0	9327G
L3e1e	L3e1	10	2	10370C
L3e1e1	L3e1e	11	0	14571A
L3e1e2	L3e1e	11	0	73A 90A 97A 106d 107d 108d 109d 110d 111d 4562G 9098C
L3e1f	L3e1	10	2	8281d 8282d 8283d 8284d 8285d 8286d 8287d 8288d 8289d
L3e1f1	L3e1f	11	1	16189T!
L3e1f1a	L3e1f1	12	0	4395G 16260T
L3e1f2	L3e1f	11	0	195T! 207A 4219A 7805A
L3e1g	L3e1	10	0	1442A 4844G 5498G 5618C 8093C 10490C 11318C 12215C 16172C 16399G
L3e2	L3e	9	2	195T! 14905A 16320T
L3e2a	L3e2	10	3	4823C 13105G! 14869A
L3e2a1	L3e2a	11	2	198T
L3e2a1a	L3e2a1	12	0	1737G 3852T 7196T 15924G
L3e2a1b	L3e2a1	12	3	6413C
L3e2a1b1	L3e2a1b	13	0	16399G
L3e2a1b2	L3e2a1b	13	0	15076G 16311T!
L3e2a1b3	L3e2a1b	13	0	14750G
L3e2a2	L3e2a	11	0	10335C
L3e2a3	L3e2a	11	0	5102G 12414C
L3e2b	L3e2	10	5	16172C 16189T!
L3e2b1	L3e2b	11	1	9377G
L3e2b1a	L3e2b1	12	2	2483C
L3e2b1a1	L3e2b1a	13	0	5580C
L3e2b1a2	L3e2b1a	13	0	3277A 12406A
L3e2b2	L3e2b	11	0	11377A
L3e2b+152C!	L3e2b	11	4	152T!
L3e2b3	L3e2b+152C!	12	0	6932G
L3e2b4	L3e2b+152C!	12	0	10861C
L3e2b5	L3e2b+152C!	12	0	6261A
L3e2b6	L3e2b+152C!	12	0	146T! 7370T
L3e2b7	L3e2b	11	0	1927A
L3e2b8	L3e2b	11	0	9196A
L3e3'4'5	L3e	9	2	750A
L3e3'4	L3e3'4'5	10	2	5262A
L3e3	L3e3'4	11	2	195T! 2000T 6524C 9554A 10667C 10816G 13101C 16265T
L3e3a	L3e3	12	0	573.XC 10286G 12397G
L3e3b	L3e3	12	3	4655A 12248G 13197T 13651G 15812A
L3e3b1	L3e3b	13	0	6261A
L3e3b2	L3e3b	13	0	16527T
L3e3b3	L3e3b	13	0	16465T
L3e4	L3e3'4	11	1	3915A 5584G 11257T 13749T 16051G
L3e4a	L3e4	12	1	16264T
L3e4a1	L3e4a	13	0	9490T
L3e5	L3e3'4'5	10	6	398C 8392A 16041G
L3e5a	L3e5	11	1	13317A
L3e5a1	L3e5a	12	1	2833G
L3e5a1a	L3e5a1	13	0	431A
L3e5b	L3e5	11	0	5483C
L3e5+195T!	L3e5	11	1	195T!
L3e5c	L3e5+195T!	12	0	11548G
L3e5d	L3e5	11	0	8869G 12591T
L3e5e	L3e5	11	0	15367T 16037G
L3e5f	L3e5	11	0	12173C 15734A 16343G
L3i	L3e'i'k'x	8	2	7645C
L3i1	L3i	9	2	10679G 11260C 13800A 16153A
L3i1a	L3i1	10	0	15758G 16129G! 16223C
L3i1b	L3i1	10	0	2158C 13687T
L3i2	L3i	9	0	152T! 189G 5441G 8222C 14818G 15388C 16260T 16311T!
L3k	L3e'i'k'x	8	1	152T! 235G 494T 3918A 6620G 8649G 9467C 13135A 13992T 15314A
L3k1	L3k	9	0	735G 4313C 9007T 9329A 13542G 13862G 16355T
L3x	L3e'i'k'x	8	2	3483A 5899.XC 6401G 8311C 8817G 13708A 16169T
L3x1	L3x	9	2	204C 15172A 16278C!
L3x1a	L3x1	10	2	5460A
L3x1a1	L3x1a	11	0	189G 199C 5899.1C!
L3x1a2	L3x1a	11	0	13392C
L3x1+16311T!	L3x1	10	1	16311T!
L3x1b	L3x1+16311T!	11	0	16256T
L3x2	L3x	9	2	200G 249d 494T 9941G 16193T 16195C
L3x2a	L3x2	10	1	3435T 16223C
L3x2a1	L3x2a	11	1	368.1AGAA 6392C 7129G 16086C
L3x2a1a	L3x2a1	12	0	9180G 13681G 13722G
L3x2b	L3x2	10	0	650C 9254G 15758G 15928A 16243C
L3h	L3	7	2	7861C 9575A
L3h1	L3h	8	2	1719A 4388G 5300T 9509C 11590G 16311T!
L3h1a	L3h1	9	2	5492C
L3h1a1	L3h1a	10	0	8047C 8485A 12432T 13708A 13926C 14110C 16192T 16298C
L3h1a2	L3h1a	10	2	8781A
L3h1a2a	L3h1a2	11	1	146T! 4688C 4742C 8943T 12175C 12519C 14587G 15646T 16399G
L3h1a2a1	L3h1a2a	12	0	12236A 14862T
L3h1a2b	L3h1a2	11	0	16270T
L3h1b	L3h1	9	2	189C 195T! 10044G 14410A 16256A
L3h1b1	L3h1b	10	1	16284G
L3h1b1a	L3h1b1	11	0	3777C 16179T
L3h1b2	L3h1b	10	0	151T 152T! 294C 606G 990C 8842G 9758C 12882T 13437C 16129G! 16362C
L3h2	L3h	8	0	150T 195T! 318C 3879G 5460A 5813G 5930C 8020A 9098C 9380A 9965C 11440A 12469G 13080T 13755T 16111T 16184T 16304C
M	L3	7	54	489C 10400T 14783C 15043A
M1'20'51	M	8	3	14110C
M1	M1'20'51	9	2	195T! 6446A 6680C 12403T 12950C 16129G! 16189T! 16249C 16311T!
M1a	M1	10	8	813G 6671C
M1a1	M1a	11	8	3705A 12346T 16359C
M1a1a	M1a1	12	1	14182C
M1a1a1	M1a1a	13	0	4011T 8521G 11044T 16249T!
M1a1b	M1a1	12	2	930A 7853A
M1a1b1	M1a1b	13	3	14769G
M1a1b1a	M1a1b1	14	0	5319G
M1a1b1b	M1a1b1	14	1	13152G
M1a1b1b1	M1a1b1b	15	0	9053A
M1a1b1c	M1a1b1	14	0	375G 16289G
M1a1b2	M1a1b	13	0	1820G
M1a1+16093	M1a1	12	2	16093C
M1a1c	M1a1+16093	13	0	1719A 6962A 9966A 12373G 13542C
M1a1d	M1a1+16093	13	0	150T 8270T 8281d 8282d 8283d 8284d 8285d 8286d 8287d 8288d 8289d
M1a1e	M1a1	12	2	3906A
M1a1e1	M1a1e	13	0	9629G
M1a1e2	M1a1e	13	0	11914A!
M1a1f	M1a1	12	0	6378C
M1a1g	M1a1	12	0	12873C 14793G 15287C 16261T
M1a1h	M1a1	12	0	15514C 16278C!
M1a1i	M1a1	12	0	204C 263A 9845C 16527T
M1a2	M1a	11	2	15884A
M1a2a	M1a2	12	0	152T! 513A 15172A
M1a2b	M1a2	12	0	593C 16260T 16320T
M1a3	M1a	11	2	13637G 16223C
M1a3a	M1a3	12	0	6473T
M1a3b	M1a3	12	2	12414C
M1a3b1	M1a3b	13	0	1503A 6253C 16129G!
M1a3b2	M1a3b	13	0	9740T
M1a4	M1a	11	1	3513T 8607T
M1a4a	M1a4	12	0	10667C 16465T
M1a5	M1a	11	0	10694G 13215C 13722G 14323A 14515C 15770T 15799G 16129G!
M1a6	M1a	11	0	954T
M1a7	M1a	11	0	16357C
M1a8	M1a	11	1	5773A
M1a8a	M1a8	12	0	5054A 15217A
M1b	M1	10	2	13111C
M1b1	M1b	11	2	466C 4936T 8868C 15247G 16185T
M1b1a	M1b1	12	0	200G 11671G
M1b1b	M1b1	12	0	6179A 6815C
M1b2	M1b	11	3	10895G 16399G
M1b2a	M1b2	12	0	11377A 16291T
M1b2b	M1b2	12	0	3705A 12007A 16362C
M1b2c	M1b2	12	0	1007A
M20	M1'20'51	9	0	152T! 249d 316A 3200C 3714G 4385T 4772C 7433T 8853G 9127G 9512T 10274C 10679G 11914A! 12354C 14974T 15691G 16129G! 16209C 16272G
M51	M1'20'51	9	2	150T 4697T 4973C 9509C 14356T 14687G 15317A 16278C!
M51a	M51	10	2	12236A
M51a1	M51a	11	2	732G 12715G 16294T
M51a1a	M51a1	12	0	185A 2045G 3105G 9716C 12468C 16129G!
M51a1b	M51a1	12	0	7738C 9233C 12025T 14315T 14323A 15862C 16234T
M51a2	M51a	11	0	1822C 4136G 5461T 9100G 14527G 15383C 16189T!
M51b	M51	10	1	2833G
M51b1	M51b	11	2	12012T 12609C 16311T!
M51b1a	M51b1	12	0	8119C 11470G
M51b1b	M51b1	12	0	3565G 3999C 4336C 7642A 13105G! 13768C 13928C 14417G 16145A
M2	M	8	2	447G 1780C 11083G 15670C 16274A
M2a'b	M2	9	2	8502G 16319A
M2a	M2a'b	10	3	7961C 12810G
M2a1	M2a	11	3	204C 5252A 8396G 9758C 16270T 16352C
M2a1a	M2a1	12	3	195T! 16274G!
M2a1a1	M2a1a	13	2	7472G 14693G
M2a1a1a	M2a1a1	14	1	11084G
M2a1a1a1	M2a1a1a	15	0	16172C 16234T
M2a1a1b	M2a1a1	14	1	11339C
M2a1a1b1	M2a1a1b	15	0	16256T
M2a1a2	M2a1a	13	1	16243C
M2a1a2a	M2a1a2	14	1	12501A
M2a1a2a1	M2a1a2a	15	1	199C 10819G 16230A!
M2a1a2a1a	M2a1a2a1	16	0	961C
M2a1a+207A	M2a1a	13	1	207A
M2a1a3	M2a1a+207A	14	1	198T 482C
M2a1a3+16093C	M2a1a3	15	2	16093C
M2a1a3a	M2a1a3+16093C	16	1	16295T
M2a1a3a1	M2a1a3a	17	0	16147T
M2a1a3b	M2a1a3+16093C	16	0	11864C
M2a1b	M2a1	12	0	1462A 4216C 15700T 15924G 16017C 16075C 16278C!
M2a1c	M2a1	12	0	335G 526A
M2a2	M2a	11	1	7702A 11041A 12657C 13708A 16240C 16311T!
M2a2a	M2a2	12	0	6035G 8395T
M2a3	M2a	11	1	146T! 5426C 5774C 7762A
M2a3a	M2a3	12	0	16265C
M2b	M2a'b	10	4	152T! 182T! 195T! 1453G 2831T 3630T 5744A 6647G 9899C 13254C 14766C 16169.1C 16189T! 16320T
M2b1	M2b	11	2	5420C 6260A
M2b1a	M2b1	12	0	214G 1677T 2392C 2707C 11016A 16256T
M2b1b	M2b1	12	0	471C 549T 5263T 5480G 5747G 7337A 8632C 9233C 15777C
M2b2	M2b	11	0	16295T
M2b3	M2b	11	1	11377A
M2b3a	M2b3	12	0	146T! 16136C
M2b4	M2b	11	0	459d 4823C 6128T 8556C 16240C
M2c	M2	9	0	1598A 4216C 13212T 14800T
M3	M	8	4	482C 16126C
M3a	M3	9	2	4580A
M3a1	M3a	10	1	4703C
M3a1+204C	M3a1	11	2	204C
M3a1a	M3a1+204C	12	0	14476A
M3a1b	M3a1+204C	12	0	10845T
M3a2	M3a	10	1	5783A 10727T
M3a2a	M3a2	11	0	150T 4562G 8988G
M3b	M3	9	0	6353G 9010A 12031A
M3c	M3	9	2	9064A
M3c+152C!	M3c	10	1	152T!
M3c1	M3c+152C!	11	2	10365A 10632C 14440G 16126T! 16189T! 16294T
M3c1a	M3c1	12	0	15097C
M3c1b	M3c1	12	1	6366A 7598A 14587G 16179T
M3c1b1	M3c1b	13	2	11016A 16124C
M3c1b1a	M3c1b1	14	0	8856A 16319A
M3c1b1b	M3c1b1	14	0	15323A
M3c2	M3c	10	0	16154C
M3d	M3	9	1	11827C 16344T
M3d1	M3d	10	1	10238C 13820C
M3d1a	M3d1	11	1	12813T
M3d1a1	M3d1a	12	0	13836G
M4’’67	M	8	10	12007A
M4’’67+16311!	M4’’67	9	3	16311T!
M4	M4’’67+16311!	10	2	6620C 7859A 16145A 16261T
M4a	M4	11	0	16176T
M4b	M4	11	0	152T! 15466A 16086C
M65	M4’’67+16311!	10	2	511T
M65a	M65	11	2	4916G 13651G 16289G
M65a1	M65a	12	0	1664A 6584T 8251A 11413G 15924G
M65a+16311T!!	M65a	12	1	16311T!
M65a2	M65a+16311T!!	13	0	4655A 5302C
M65b	M65	11	0	241G 3398C 8865A
M67	M4’’67+16311!	10	0	143A 2833G 4227G 5979A 6267A 6366A 9863T 12406A 13708A 15769G 15833T 16075C 16169T
M18'38	M4’’67	9	2	246C
M18	M18'38	10	3	12498T 13135A 16318T
M18a	M18	11	0	93G 194T
M18b	M18	11	0	8277C 14587G 16325C
M18c	M18	11	0	7853A 8206A 16311T!
M38	M18'38	10	3	4099T 15314A 15487G
M38a	M38	11	0	189G 1808G 6267A 6899A 9966A
M38+195T!	M38	11	2	195T!
M38b	M38+195T!	12	0	146T! 153G 644G 3591A 3987G 6881G 7844G 8047C 11050C 16189T!
M38c	M38+195T!	12	0	629C 1503A 9186T 10748G 12103T 14569A 14914G
M38+199C	M38	11	2	199C
M38d	M38+199C	12	0	6297C 7356A 14944T 16093C 16184T 16260A 16266T
M38e	M38+199C	12	0	488G 2833G 4654T 6815C 8289.1CCCCCTCTA 9438A 14706G 16311T!
M30	M4’’67	9	7	195A 15431A
M30a	M30	10	2	513A
M30a1	M30a	11	0	6366A
M30a2	M30a	11	0	11935C
M30b	M30	10	0	152T! 5147A 16278C! 16311T!
M30c	M30	10	1	146T! 12234G
M30c1	M30c	11	1	16166d
M30c1a	M30c1	12	1	16069T
M30c1a1	M30c1a	13	0	9966A
M30d	M30	10	2	15259T 16302G
M30d1	M30d	11	0	1598A
M30d2	M30d	11	0	10160T
M30+16234T	M30	10	1	16234T
M30e	M30+16234T	11	0	152T! 6620C 13303T
M30f	M30	10	0	5894G 16368C
M30g	M30	10	0	204C 6119T
M37	M4’’67	9	2	10556T
M37+152C!	M37	10	1	152T!
M37+152C! +151T	M37+152C!	11	2	151T
M37a	M37+152C! +151T	12	1	2074d
M37a1	M37a	13	0	9055A
M37d	M37+152C! +151T	12	0	9287A
M37e	M37	10	1	11050C 16111T 16189T! 16295T
M37e2	M37e	11	0	16224C
M43	M4’’67	9	2	709A 10316G 11696A 12636T
M43+16311!	M43	10	1	16311T!
M43a	M43+16311!	11	1	14305A
M43a1	M43a	12	0	11963A 13656C 13966G 16362C
M43b	M43	10	0	15148A 16000T
M45	M4’’67	9	1	146T! 4734G 16189T!
M45a	M45	10	0	143A 152T! 2706A 7049G 9180G 16300G
M54	M4’’67	9	0	9374G 12414C 15848G 16304C
M63	M4’’67	9	0	214G 709A 4991A 5046A 11437C 12897G 13089C 13194A 16172C 16192T 16248T
M64	M4’’67	9	0	152T! 5201C 8843C 9947A 10685A 13105G! 15355A 15968C 16263C 16527T
M66	M4’’67	9	2	195T! 1888A 4541A 6827C 9061T 16184T
M66a	M66	10	0	6221C 12501A
M66b	M66	10	0	198T
M5	M	8	2	1888A 16129G!
M5a'd	M5	9	2	709A 3921T 14323A
M5a	M5a'd	10	5	12477C
M5a1	M5a	11	2	4916G 15287C 16291T
M5a1a	M5a1	12	0	185A 334C 9064A 11016A
M5a1b	M5a1	12	0	1303A 6461G
M5a2	M5a	11	1	4454C
M5a2a	M5a2	12	4	15262C
M5a2a1	M5a2a	13	1	8886A
M5a2a1a	M5a2a1	14	2	16265C
M5a2a1a1	M5a2a1a	15	0	12372A
M5a2a1a2	M5a2a1a	15	0	16264T
M5a2a2	M5a2a	13	0	3399G 16144A
M5a2a3	M5a2a	13	0	13590A 16114A
M5a2a4	M5a2a	13	0	199C 4991A 8158G 10685A
M5a3	M5a	11	2	194T 16295T
M5a3a	M5a3	12	0	6378C 8547C
M5a3b	M5a3	12	0	7421G 16189T!
M5a4	M5a	11	0	146T! 10547T 16224C 16311T!
M5a5	M5a	11	0	11914A! 15672C
M5d	M5a'd	10	0	146T! 3826C 13215C 16311T!
M5b'c	M5	9	2	13368A
M5b	M5b'c	10	2	8784T
M5b1	M5b	11	0	5147A 14066T 16086C 16108T 16278C!
M5b2	M5b	11	2	3744G 16048A
M5b2a	M5b2	12	0	8005C 16390A
M5b2b	M5b2	12	1	6293C
M5b2b1	M5b2b	13	1	455.1T 460C
M5b2b1a	M5b2b1	14	0	10166C 12279G 14410C
M5c	M5b'c	10	2	575T 5319G
M5c1	M5c	11	0	150T 4851T 6413C 13368G! 13708A
M5c2	M5c	11	0	472G 1888G! 15896G 16240G 16291T
M6	M	8	2	461T 5301G 5558G 10640C 14128G 16362C
M6a	M6	9	2	3537G 5082C 16231C
M6a1	M6a	10	2	3486T 9329A 13966G
M6a1a	M6a1	11	0	12507G 16356C
M6a1b	M6a1	11	0	146T! 152T! 5319G 5585A 8110C 11314G 15094T 16188T
M6a2	M6a	10	0	228A 7118G 16291T 16319A
M6b	M6	9	0	8281d 8282d 8283d 8284d 8285d 8286d 8287d 8288d 8289d 16184T 16256G 16311T!
M7	M	8	2	6455T 9824C
M7a	M7	9	2	2626C 2772T 4386C 4958G 12771A 16209C
M7a+16324C	M7a	10	1	16324C
M7a1	M7a+16324C	11	2	5899.XC 14364A
M7a1a	M7a1	12	9	11017C 11084G
M7a1a1	M7a1a	13	1	11722C
M7a1a1a	M7a1a1	14	0	9299G
M7a1a2	M7a1a	13	0	207A 1442A 15218G 16189T!
M7a1a3	M7a1a	13	0	11167G 11701C
M7a1a4	M7a1a	13	1	4047C 14185T
M7a1a4a	M7a1a4	14	0	11368C 14148G 15886T
M7a1a5	M7a1a	13	1	13768C
M7a1a5a	M7a1a5	14	0	7852A
M7a1a6	M7a1a	13	1	3756G
M7a1a6a	M7a1a6	14	0	152T! 16223C
M7a1a7	M7a1a	13	0	16291T
M7a1a8	M7a1a	13	0	13500C 16233G
M7a1a9	M7a1a	13	0	4048A
M7a1b	M7a1	12	2	6018A 7403G 13110T
M7a1b1	M7a1b	13	0	204C 207A 408A 1977C
M7a1b2	M7a1b	13	0	152T! 3316A 7784G 13032G 13788T 15844G
M7a2	M7a	10	1	15422G
M7a2a	M7a2	11	3	146T! 16140C
M7a2a1	M7a2a	12	0	8176C 12234G 16093C
M7a2a2	M7a2a	12	0	961C 965.XC 8005C
M7a2a3	M7a2a	12	1	1888A 4093G 10966C 16187C!
M7a2a3a	M7a2a3	13	0	15449C
M7b'c	M7	9	2	4071T
M7b	M7b'c	10	2	12405T
M7b1	M7b	11	2	5351G 5460A 7684C 7853A 16129G!
M7b1a	M7b1	12	2	199C 4048A 4164G 6680C 16297C
M7b1a1	M7b1a	13	3	150T 12811C
M7b1a1a	M7b1a1	14	3	16189T!
M7b1a1a1	M7b1a1a	15	4	10345C 16298C
M7b1a1a1a	M7b1a1a1	16	0	8020A
M7b1a1a1b	M7b1a1a1	16	1	4113A
M7b1a1a1b1	M7b1a1a1b	17	0	7269A
M7b1a1a1c	M7b1a1a1	16	0	195A
M7b1a1a1d	M7b1a1a1	16	0	7961C
M7b1a1a2	M7b1a1a	15	0	1694C 11659T
M7b1a1a3	M7b1a1a	15	0	204C 456T 14978G
M7b1a1b	M7b1a1	14	0	204C 3483A 16129G!
M7b1a1+(16192T)	M7b1a1	14	7	16192T
M7b1a1c	M7b1a1+(16192T)	15	1	159C 10159T 11944C 16092C
M7b1a1c1	M7b1a1c	16	0	182T! 16254G
M7b1a1d	M7b1a1+(16192T)	15	1	6125G
M7b1a1d1	M7b1a1d	16	0	980C
M7b1a1e	M7b1a1+(16192T)	15	2	6228T
M7b1a1e1	M7b1a1e	16	0	10232G
M7b1a1e2	M7b1a1e	16	0	11407T 16527T
M7b1a1f	M7b1a1+(16192T)	15	0	8110C
M7b1a1g	M7b1a1+(16192T)	15	0	5252A 7598A
M7b1a1h	M7b1a1+(16192T)	15	0	10397G
M7b1a1i	M7b1a1+(16192T)	15	1	16126C
M7b1a1i1	M7b1a1i	16	0	146T! 3995G
M7b1a2	M7b1a	13	1	1664A 6351C 9468G 10497T 12121C 14115T 16086C 16223C
M7b1a2a	M7b1a2	14	1	16324C
M7b1a2a1	M7b1a2a	15	2	4454C
M7b1a2a1a	M7b1a2a1	16	0	709A 7175C 15912T
M7b1a2a1b	M7b1a2a1	16	1	13965C
M7b1a2a1b1	M7b1a2a1b	17	0	471C
M7b1b	M7b1	12	0	958T 12358G 14053G 14314G 16152C 16179T 16192T 16362C
M7b2	M7b	11	1	723G 3140G 5324T 8027A 14284T 16184T
M7b2a	M7b2	12	0	16086C 16235G
M7c	M7b'c	10	3	146T! 4850T 11665T 12091C
M7c1	M7c	11	3	199C 5442C 16295T
M7c1a	M7c1	12	5	3882A
M7c1a1	M7c1a	13	2	12372A 13759A
M7c1a1a	M7c1a1	14	1	12810G
M7c1a1a1	M7c1a1a	15	0	9266A
M7c1a1b	M7c1a1	14	1	146T! 3736A 10586A 16304C
M7c1a1b1	M7c1a1b	15	0	15769G 16145A
M7c1a2	M7c1a	13	1	16294T
M7c1a2a	M7c1a2	14	1	6053T 12804C 14755T
M7c1a2a1	M7c1a2a	15	0	7961C
M7c1a3	M7c1a	13	1	16319A
M7c1a3a	M7c1a3	14	0	513A
M7c1a4	M7c1a	13	2	12906A
M7c1a4a	M7c1a4	14	0	9797C 11815A 16362C
M7c1a4b	M7c1a4	14	0	334C 5894G
M7c1a5	M7c1a	13	0	373G 4452C 7960G 11389T 15787C 15924G
M7c1b	M7c1	12	2	12561A
M7c1b1	M7c1b	13	0	15884A
M7c1b2	M7c1b	13	2	9957C 13590A
M7c1b2a	M7c1b2	14	0	16172C
M7c1b2b	M7c1b2	14	0	7337A 10861C
M7c1c	M7c1	12	3	3606G 15236G
M7c1c1	M7c1c	13	1	13204A 16249C 16319A
M7c1c1a	M7c1c1	14	1	16242T
M7c1c1a1	M7c1c1a	15	0	12049T
M7c1c2	M7c1c	13	1	146A 16223C
M7c1c2a	M7c1c2	14	0	16147T
M7c1c3	M7c1c	13	9	16362C
M7c1c3a	M7c1c3	14	1	5775C 16168T
M7c1c3a1	M7c1c3a	15	0	2887C 11893G
M7c1c3b	M7c1c3	14	0	630T
M7c1c3c	M7c1c3	14	0	6260A 6681C 11908G 13563G
M7c1c3d	M7c1c3	14	0	3915A 7853A 13768C
M7c1c3e	M7c1c3	14	0	16086C
M7c1c3f	M7c1c3	14	0	8023C 16392C
M7c1c3g	M7c1c3	14	0	8856A
M7c1c3h	M7c1c3	14	0	16324C
M7c1c3i	M7c1c3	14	0	455.1T
M7c2	M7c	11	2	3912G 5378G 9449T 10897T 11932T 14053G 15338T 16172C 16311T!
M7c2a	M7c2	12	0	16291T
M7c2b	M7c2	12	0	11084G
M7c3	M7c	11	0	4856C 5460A 11527T 11875C 12950G 14118G
M8	M	8	2	4715G 7196A 8584A 15487T 16298C
M8a	M8	9	2	6179A 8684T 14470C 16319A
M8a1	M8a	10	1	8453G 15047A 15148A 15355A 15697C 16086C
M8a1a	M8a1	11	0	6719C 16311T!
M8a2'3	M8a	10	2	16184T
M8a2	M8a2'3	11	4	2835T
M8a2+152C!	M8a2	12	2	152T!
M8a2a	M8a2+152C!	13	1	11176A 16189T!
M8a2a1	M8a2a	14	0	16470A 16471A
M8a2b	M8a2+152C!	13	0	4670T 6671C 13050G
M8a2c	M8a2	12	0	15244G
M8a2d	M8a2	12	0	234G 9861C 10646A 12375C 13993T
M8a2e	M8a2	12	0	15217A
M8a3	M8a2'3	11	1	5100T
M8a3a	M8a3	12	1	16134T
M8a3a1	M8a3a	13	0	9758C
CZ	M8	9	2	249d
C	CZ	10	4	3552A 9545G 11914A! 13263G 14318C 16327T
C1	C	11	6	290d 291d 16325C
C1a	C1	12	0	3826C 7598A 16356C
C1b	C1	12	13	493G
C1b1	C1b	13	0	11147C
C1b2	C1b	13	0	263A 4242T 7013A 9557T 12454A
C1b3	C1b	13	0	12630A
C1b4	C1b	13	0	143A 1438A 4167T 14524G 16086C 16189T! 16278C!
C1b5	C1b	13	2	11989G 15119A
C1b5a	C1b5	14	0	1005C
C1b5b	C1b5	14	0	5157T 16249C
C1b6	C1b	13	0	8848C 13326C 16271C 16357C
C1b+16311T!	C1b	13	2	16311T!
C1b7	C1b+16311T!	14	1	13635C
C1b7a	C1b7	15	0	15470C
C1b10	C1b+16311T!	14	0	146T! 385G 6284G 16129G! 16172C
C1b8	C1b	13	1	15613G 16362C
C1b8a	C1b8	14	0	3736A 4381G 4911G 9130T 11812G
C1b9	C1b	13	0	6297C 8047C
C1b11	C1b	13	0	16295T
C1b12	C1b	13	0	11025C
C1b13	C1b	13	5	258T 7091G
C1b13a	C1b13	14	1	1193C
C1b13a1	C1b13a	15	0	11084G 12411T
C1b13b	C1b13	14	0	1842G 10101C
C1b13c	C1b13	14	1	15244G
C1b13c1	C1b13c	15	0	13392C
C1b13d	C1b13	14	0	13965C 16051G
C1b13e	C1b13	14	0	14944T
C1b14	C1b	13	0	5894G 10397G 16181G
C1c	C1	12	7	1888A 15930A
C1c1	C1c	13	2	215G
C1c1a	C1c1	14	0	12978G
C1c1b	C1c1	14	0	5773A
C1c2	C1c	13	0	3010A 11440A 11794C 14356T
C1c3	C1c	13	0	3140G 3705A 6815C 7022A 15670C 16265G 16319A
C1c4	C1c	13	0	214G 16274A
C1c5	C1c	13	0	11617C 16526A
C1c+195T!	C1c	13	2	195T!
C1c6	C1c+195T!	14	0	12414C 16153A
C1c7	C1c+195T!	14	0	1303A 9932A 16092C 16176T 16218T
C1c8	C1c	13	0	9254G 16114T
C1d	C1	12	1	16051G
C1d+194T	C1d	13	3	194T
C1d1	C1d+194T	14	4	7697A
C1d1a	C1d1	15	1	194C! 1415A 7343G
C1d1a1	C1d1a	16	0	6297C 14305A
C1d1b	C1d1	15	1	195T! 928G
C1d1b1	C1d1b	16	0	7337A
C1d1c	C1d1	15	1	16188T 16362C
C1d1c1	C1d1c	16	0	194C! 16298T!
C1d1d	C1d1	15	0	16172C
C1d2	C1d+194T	14	1	10834T
C1d2a	C1d2	15	0	593C 16209C
C1d3	C1d+194T	14	0	12378T 16140C 16288C
C1e	C1	12	0	152T! 534T 3395G 3507T 5899.XC 7331T 13651G 13966G 14324C 15613G 16311T!
C1f	C1	12	0	247G!
C4	C	11	2	6026A 11969A 15204C
C4a'b'c	C4	12	3	2232.1A
C4a	C4a'b'c	13	2	12672G
C4a1	C4a	14	2	7999C 16093C 16129G!
C4a1a	C4a1	15	4	1715T 15968C
C4a1a1	C4a1a	16	1	2232.2A 8508G
C4a1a1a	C4a1a1	17	0	3576T 4884G 4958G
C4a1a+195T!	C4a1a	16	3	195T!
C4a1a2	C4a1a+195T!	17	1	10891G
C4a1a2a	C4a1a2	18	0	10685A
C4a1a3	C4a1a+195T!	17	4	15607G
C4a1a3a	C4a1a3	18	1	8389G
C4a1a3a1	C4a1a3a	19	0	11476T
C4a1a3b	C4a1a3	18	0	12397G
C4a1a3c	C4a1a3	18	0	3796G
C4a1a3d	C4a1a3	18	0	16298T!
C4a1a4	C4a1a+195T!	17	1	12940A
C4a1a4a	C4a1a4	18	0	16150T
C4a1a5	C4a1a	16	0	4080C 5460A 6261A
C4a1a6	C4a1a	16	0	6221C
C4a1b	C4a1	15	0	5846T 16192T
C4a2	C4a	14	3	16357C
C4a2a	C4a2	15	1	8485A 8793C 16344T
C4a2a1	C4a2a	16	2	16171G
C4a2a1a	C4a2a1	17	0	8869G
C4a2a1b	C4a2a1	17	0	8014G 9263G
C4a2b	C4a2	15	2	2887C 4696C 12624C
C4a2b1	C4a2b	16	0	5036G 16086C 16278C!
C4a2b2	C4a2b	16	1	310C 1677T 10304C 16311T!
C4a2b2a	C4a2b2	17	0	3745A 5899.1C 11155T 13563G
C4a2c	C4a2	15	2	47A 3394C 13967T
C4a2c1	C4a2c	16	0	207A 6929G 10724C 13145A 16239T
C4a2c2	C4a2c	16	1	15326A 16086C
C4a2c2a	C4a2c2	17	0	14668T
C4b	C4a'b'c	13	7	3816G
C4b1	C4b	14	2	146T! 8251A
C4b1a	C4b1	15	0	710C 16259.1A
C4b1b	C4b1	15	0	8292A
C4b2	C4b	14	1	16124C
C4b2a	C4b2	15	0	16318T
C4b3	C4b	14	2	16291T
C4b3a	C4b3	15	1	15145T
C4b3a1	C4b3a	16	0	16399G
C4b3b	C4b3	15	0	9248T 16249C
C4b5	C4b	14	0	11377A
C4b6	C4b	14	0	1788T
C4b7	C4b	14	0	4136G 15924G
C4b8	C4b	14	1	3392C
C4b8a	C4b8	15	0	11254C 16093C
C4c	C4a'b'c	13	2	14433T 15148A
C4c1	C4c	14	2	1243C
C4c1a	C4c1	15	0	15629C 16241G
C4c1b	C4c1	15	0	16189T!
C4c2	C4c	14	0	73A 96T 105d 106d 107d 108d 109d 110d 114T 189G 473T 1438A 15523T
C4+152C!	C4	12	2	152T!
C4+152C! +16093C	C4+152C!	13	1	16093C
C4d	C4+152C! +16093C	14	0	7100G 12780G 15236G
C4e	C4+152C!	13	0	151T 7307G 15479C
C5	C	11	3	595.1C 16288C
C5a	C5	12	2	3591A 16261T 16327C!
C5a1	C5a	13	0	4904T 8140T
C5a2	C5a	13	2	10084C 11928G 16093C
C5a2a	C5a2	14	0	1462A
C5a2b	C5a2	14	1	16189T!
C5a2b1	C5a2b	15	0	8440G
C5b	C5	12	1	1719.1G
C5b1	C5b	13	2	16148T
C5b1a	C5b1	14	1	3397G 9233C
C5b1a1	C5b1a	15	0	1719A
C5b1b	C5b1	14	1	4937C 14344G 15734A 16164G
C5b1b1	C5b1b	15	0	15055C
C5+16093C	C5	12	2	16093C
C5c	C5+16093C	13	1	10454C 16518T 16527T
C5c+16234T	C5c	14	1	16234T
C5c1	C5c+16234T	15	1	1670T
C5c1a	C5c1	16	0	7694T
C5d	C5+16093C	13	2	15080G
C5d1	C5d	14	0	1415A 8188G 16390A
C5d2	C5d	14	0	10682G 13968A
C7	C	11	2	5821A 6338G
C7a	C7	12	2	7853A
C7a1	C7a	13	3	146T! 12957C 14978G
C7a1a	C7a1	14	2	153G 10295G
C7a1a1	C7a1a	15	0	151T 333C 6791G 16298T!
C7a1a2	C7a1a	15	0	3345C 7598A 12477C 13708A 16311T!
C7a1c	C7a1	14	0	4047C 5987T
C7a1d	C7a1	14	0	2905G 11204C 16242T 16256T
C7a2	C7a	13	1	2232.1A 16189T!
C7a2a	C7a2	14	0	12810G 12909G 13635G 14470C
C7+16051G	C7	12	1	16051G
C7b	C7+16051G	13	0	5918C 11101G 15928A
Z	CZ	10	2	6752G 9090C 15784C 16185T 16260T
Z+152C!	Z	11	5	152T!
Z1	Z+152C!	12	1	15261A
Z1a	Z1	13	3	151T 10325A 16129G! 16224C
Z1a1	Z1a	14	2	9494G
Z1a1a	Z1a1	15	0	740A 12930G
Z1a1b	Z1a1	15	0	7521A! 8251A
Z1a2	Z1a	14	1	11590G
Z1a2a	Z1a2	15	0	11078G
Z1a3	Z1a	14	0	11252G
Z2	Z+152C!	12	0	3145G 8188G 14668T 15184C
Z3	Z+152C!	12	3	10208C
Z3a	Z3	13	2	207A 9713A 13620C 15928A
Z3a1	Z3a	14	1	15326A
Z3a1a	Z3a1	15	0	8931G 11075C
Z3a2	Z3a	14	0	6378C 11902A 12477C 14476A 15884A
Z3b	Z3	13	0	146T! 9055A 12501A
Z3+709A	Z3	13	2	709A
Z3c	Z3+709A	14	0	4853A
Z3d	Z3+709A	14	0	11782T
Z4	Z+152C!	12	1	151T 15475G 15944d
Z4a	Z4	13	1	16302G
Z4a1	Z4a	14	1	151C! 5492C 16189T!
Z4a1a	Z4a1	15	1	5894G
Z4a1a1	Z4a1a	16	0	3520G 7270C 8654C 11719G 16193d 16294T
Z7	Z+152C!	12	0	2352C 2780T 4363C 4841A 7471d 8348G 8598C 10653A
Z5	Z	11	0	255A 814G 2056A 4712T 8251A 9053A 14052T 15553A
M9	M	8	2	4491A 16362C
M9a'b	M9	9	2	153G 3394C
M9a	M9a'b	10	3	14308C 16234T
M9a1	M9a	11	2	1041G
M9a1a	M9a1	12	3	16316G
M9a1a1	M9a1a	13	4	9242G
M9a1a1a	M9a1a1	14	0	153A! 11963A
M9a1a1b	M9a1a1	14	0	5951G 9115G 16300G
M9a1a1c	M9a1a1	14	1	7142C 16291T
M9a1a1c1	M9a1a1c	15	3	14417G
M9a1a1c1a	M9a1a1c1	16	0	7861C
M9a1a1c1b	M9a1a1c1	16	2	7697A 16291C!
M9a1a1c1b1	M9a1a1c1b	17	1	153A! 5899.XC
M9a1a1c1b1a	M9a1a1c1b1	18	2	711C
M9a1a1c1b1a1	M9a1a1c1b1a	19	0	8567C
M9a1a1c1b1a2	M9a1a1c1b1a	19	0	146T! 6446A
M9a1a1c1b2	M9a1a1c1b	17	0	15839T
M9a1a1c1c	M9a1a1c1	16	0	8631G
M9a1a1d	M9a1a1	14	0	15175T
M9a1a2	M9a1a	13	0	7256T! 16145A
M9a1a3	M9a1a	13	0	15884A 16248T 16265C
M9a1b	M9a1	12	1	152T! 12362T 15671G
M9a1b+150T	M9a1b	13	2	150T
M9a1b1	M9a1b+150T	14	3	16158G
M9a1b1a	M9a1b1	15	1	11872T
M9a1b1a1	M9a1b1a	16	0	8557C 11623T
M9a1b1b	M9a1b1	15	0	3522T 14683G
M9a1b1c	M9a1b1	15	0	10454C
M9a1b2	M9a1b+150T	14	0	10951A
M9a4	M9a	11	2	6366A
M9a4a	M9a4	12	2	16271C
M9a4a1	M9a4a	13	0	1120T 5899.XC
M9a4a2	M9a4a	13	0	151T 1719A
M9a4b	M9a4	12	0	6815C
M9a5	M9a	11	0	385G 8155A 12237T
M9b	M9a'b	10	0	573.XC 5964C 6842C 7609C 7789A 12864C 16051G 16209C
E	M9	9	2	3027C 3705A 7598A 13626T 16390A
E1	E	10	1	13254C 14577C
E1a	E1	11	2	4248C 10834T
E1a1	E1a	12	3	6620C
E1a1a	E1a1	13	1	14766C
E1a1a1	E1a1a	14	3	16291T
E1a1a1a	E1a1a1	15	0	8843C
E1a1a1b	E1a1a1	15	2	131C 8577G
E1a1a1b1	E1a1a1b	16	0	9020T
E1a1a1b2	E1a1a1b	16	0	4102A
E1a1a1c	E1a1a1	15	0	723T 9861C
E1a1b	E1a1	13	4	373G
E1a1b1	E1a1b	14	0	6680C
E1a1b2	E1a1b	14	0	16324C
E1a1b3	E1a1b	14	0	16223C
E1a1b4	E1a1b	14	0	16255A
E1a1c	E1a1	13	0	6340T
E1a2	E1a	12	1	152T! 869T 9192A
E1a2+(16261T)	E1a2	13	1	16261T
E1a2a	E1a2+(16261T)	14	4	1047G
E1a2a1	E1a2a	15	0	4586C
E1a2a2	E1a2a	15	0	16176T
E1a2a3	E1a2a	15	0	1452C 7678C 8158G 8251A 11016A
E1a2a4	E1a2a	15	0	310C 4541A
E2	E	10	2	195T! 8440G 9080G 15178G 16051G 16185T
E2a	E2	11	2	8730G
E2a1	E2a	12	1	9254G
E2a1a	E2a1	13	0	3421A 4454C 10742C
E2a2	E2a	12	0	9063G
E2b	E2	11	2	16086C
E2b1	E2b	12	0	16037G
E2b2	E2b	12	0	246C
M10	M	8	1	573.XC 709A 4140T 8793C 12549T 13152G 14502C 15040T 15071C 16311T!
M10a	M10	9	2	3172.1C 7250G 8856A 10646A
M10a1	M10a	10	2	15218G
M10a1+16129G!	M10a1	11	1	16129G!
M10a1a	M10a1+16129G!	12	1	13135A
M10a1a1	M10a1a	13	2	16093C 16357C 16497G
M10a1a1a	M10a1a1	14	0	3083C 7948T 14337T
M10a1a1b	M10a1a1	14	2	146T! 16193T
M10a1a1b1	M10a1a1b	15	0	10529G 16129G!
M10a1a1b2	M10a1a1b	15	0	10289G
M10a1b	M10a1	11	0	16066G
M10a2	M10a	10	0	200G 16066G
M11	M	8	2	215G 318C 326G 1095C 6531T 7642A 8108G 9950C 11969A
M11+200G	M11	9	2	200G
M11a'b	M11+200G	10	2	13074G
M11a	M11a'b	11	2	198T 14340T
M11a1	M11a	12	0	6632C
M11a2	M11a	12	0	146T! 16173T
M11b	M11a'b	11	2	13890T
M11b1	M11b	12	1	14790G
M11b1a	M11b1	13	1	146T! 10685A
M11b1a1	M11b1a	14	0	200A! 13928T 16497G
M11b2	M11b	12	0	459.1C 5192G
M11d	M11+200G	10	0	471C 3523G 6383A 11350G 16295T
M11c	M11	9	0	1289A 14502C 16169T
M12'G	M	8	2	14569A
M12	M12'G	9	2	4170T 5580C 12030G 12372A 14727C 15010G 16234T 16290T
M12a	M12	10	2	318C 12358G
M12a1	M12a	11	2	125C 127C 128T
M12a1a	M12a1	12	2	15463G 15651T
M12a1a1	M12a1a	13	0	513A 9490T 16362C
M12a1a2	M12a1a	13	0	150T 8005C 14693G 16093C 16234C!
M12a1b	M12a1	12	0	318T! 5492C 11353C 16172C
M12a2	M12a	11	0	463T 573.XC 16261T
M12b	M12	10	2	11359G 16129G! 16172C
M12b1	M12b	11	2	14788C
M12b1a	M12b1	12	2	1331G 15236G 15951G
M12b1a1	M12b1a	13	0	7080C 13708A
M12b1a2	M12b1a	13	2	11260C 16319A
M12b1a2a	M12b1a2	14	0	1331A! 8749C
M12b1a2b	M12b1a2	14	0	16260T
M12b1b	M12b1	12	0	185A 189G 3897T 5336T 14869A 16108T
M12b2	M12b	11	1	152T! 7337A 15884T 16234C! 16305G
M12b2a	M12b2	12	0	151T 9604G 16311T!
G	M12'G	9	4	709A 4833G 5108C 16362C
G1	G	10	3	8200C 15323A 15497A
G1a	G1	11	2	150T 7867T
G1a1	G1a	12	2	15860G 16325C
G1a1a	G1a1	13	4	4793G 11914A!
G1a1a1	G1a1a	14	0	827G
G1a1a2	G1a1a	14	0	1299G
G1a1a3	G1a1a	14	0	5263T 8566G 16187C!
G1a1a4	G1a1a	14	0	6167G
G1a1b	G1a1	13	0	12178T
G1a2'3	G1a	12	2	16184T
G1a2	G1a2'3	13	0	12040G 16290T
G1a3	G1a2'3	13	0	150C! 4833A! 16214T
G1b	G1	11	2	207A 12361G 12972G 16017C 16093C 16362T!
G1b1	G1b	12	0	16207G
G1b+16129G!	G1b	12	3	16129G!
G1b2	G1b+16129G!	13	0	4646C 10143A
G1b3	G1b+16129G!	13	0	16172C 16265G
G1b4	G1b+16129G!	13	0	3456C
G1c	G1	11	2	593C 9966A
G1c1	G1c	12	0	2226C 15565C 16220G
G1c2	G1c	12	0	4973C 8161T
G2	G	10	2	5601T 13563G
G2a'c	G2	11	2	9575A
G2a	G2a'c	12	2	7600A 9377G 16227G 16278C!
G2a1	G2a	13	6	14200C
G2a1b	G2a1	14	0	146T! 207A 8063C 9266A 12753G 15758G
G2a1+16189T!	G2a1	14	2	16189T!
G2a1+16189T! +16194G	G2a1+16189T!	15	1	16194G
G2a1c	G2a1+16189T! +16194G	16	2	16195C
G2a1c1	G2a1c	17	0	16194C
G2a1c2	G2a1c	17	0	7337A
G2a1d	G2a1+16189T!	15	2	260A 6737G 12311C
G2a1d1	G2a1d	16	1	4505T 14281T
G2a1d1a	G2a1d1	17	0	9165C
G2a1d2	G2a1d	16	1	4833A! 8748T 16189T
G2a1d2a	G2a1d2	17	0	8108G 8440G
G2a1e	G2a1	14	0	16051G 16150T
G2a1f	G2a1	14	1	16114T
G2a1f1	G2a1f	15	0	199C 4843T 10248C
G2a1g	G2a1	14	0	318C 16293C
G2a1h	G2a1	14	0	3777C 13194A 16311T!
G2a+152C!	G2a	13	4	152T!
G2a2	G2a+152C!	14	1	711C 8943T 15110A
G2a2a	G2a2	15	0	207A 13395G
G2a3	G2a+152C!	14	1	185A 3882A 16262T 16294T
G2a3a	G2a3	15	0	16169T 16318G 16526A
G2a4	G2a+152C!	14	0	12280G 16272G 16319A
G2a5	G2a+152C!	14	0	4688C 12192A 13383T 14861A 15562G 16234T
G2c	G2a'c	12	0	152T! 195T! 5782C 7503d 12441C 13145A 14839G
G2b	G2	11	2	8877C
G2b1	G2b	12	2	4853A
G2b1a	G2b1	13	2	11151T
G2b1a1	G2b1a	14	0	207A 3398C 4048A 13191C 14182C
G2b1a2	G2b1a	14	0	263A 3593C 16172C
G2b1b	G2b1	13	0	12375C 16269G
G2b2	G2b	12	3	6932G
G2b2a	G2b2	13	0	1692G 4680A
G2b2b	G2b2	13	0	15930A 16260T
G2b2c	G2b2	13	0	3591A 16183G
G3	G	10	2	16274A
G3a	G3	11	2	15746G
G3a1'2	G3a	12	2	143A
G3a1	G3a1'2	13	1	16T 150T 11914A! 16215G 16362T!
G3a1a	G3a1	14	0	8861T
G3a2	G3a1'2	13	1	7621C
G3a2+152C!	G3a2	14	1	152T!
G3a2a	G3a2+152C!	15	0	573.XC 6086C 6221C 16189T! 16265C
G3a3	G3a	12	0	12408C 16390A
G3b	G3	11	2	13477A 14605G 15927A
G3b1	G3b	12	0	195T! 9599T
G3b2	G3b	12	0	6896C
G4	G	10	0	191.1A 194T 5051G 5460A 6216C 7521A! 7660C 9670G 11383C 15940C 16093C 16114A
M13'46'61	M	8	2	152T! 6253C
M13	M13'46'61	9	2	6023A
M13a'b	M13	10	2	15924G
M13a	M13a'b	11	2	3644C 5773A 6620C 10411G 10790C 16145A 16188T 16189T!
M13a1	M13a	12	2	13135A 16381C
M13a1a	M13a1	13	0	7673G 11959G 16311T!
M13a1b	M13a1	13	1	16148T
M13a1b1	M13a1b	14	0	5045G
M13a2	M13a	12	0	513A 8405G 10373A 16168T 16257T 16311T!
M13b	M13a'b	11	2	152T 9182A 11665A 15468T 15930A 16129G!
M13b1	M13b	12	0	709A 10172A 16263C
M13b2	M13b	12	0	1211A 4742C 9012G 11506C 15924A! 16172C 16195C 16270T
M13c	M13	10	0	3666A 5910A 11944C 16381C 16390A
M13'46'61+16362C	M13'46'61	9	2	16362C
M46	M13'46'61+16362C	10	1	146T! 3588T
M46a	M46	11	0	1393A 4394T 6032A 7828G 8886A 9115G 10130G 11008T 11151T 13434G 16278C! 16300G 16343T
M61	M13'46'61+16362C	10	1	1193C 1342T 8269A 11810T 12732C 16381C
M61a	M61	11	0	980C 3438A 5582C 8790A 16270T
M14	M	8	0	234G 4216C 6962A
M15	M	8	0	64T 183G 8167C 11002G 11629T 12662G 13659C 14284T 15412C 16147A 16193T 16249C 16362C
M17	M	8	2	930C 12973T 16209C
M17a	M17	9	0	862G 10324C 11016A 11908G 12711G 12804C 15530C 15802G 16129G! 16325C
M17c	M17	9	1	1598A
M17c1	M17c	10	1	143A 16304C
M17c1a	M17c1	11	1	13651G
M17c1a1	M17c1a	12	1	15853T 16233G 16274A
M17c1a1a	M17c1a1	13	0	2833G
M19'53	M	8	2	11167G
M19	M19'53	9	0	152T! 527T 2392C 3828G 5046A 5250C 6620C 6896C 12397G 12465T 15935G 16249C 16362C
M53	M19'53	9	1	240G 390T 572T 5493C 5821A 9302T 11560G 16051G 16189T! 16316G
M53b	M53	10	0	1462A 6815C 11023G 16399G
M21	M	8	2	11482C
M21a	M21	9	0	709A 3796G 10202T 11287C 11611A 15924G 16129G! 16256T 16271C 16362C
M21b	M21	9	2	3915A 5108C 7861C
M21b1	M21b	10	1	9116C 12940A
M21b1a	M21b1	11	0	7765G 16319A
M21b+210G	M21b	10	1	210G
M21b2	M21b+210G	11	0	709A 965d 1598A 1763G 2080C 3663G 3819T 6231T 8509T 15236G 16145A 16181G 16304C
M22	M	8	2	710C 4639C 6776C
M22a	M22	9	0	6071C 9316C 16290T
M22b	M22	9	0	13681G
M23'75	M	8	2	12279G
M23	M23'75	9	0	152T! 195T! 204C 417A 533G 2706A 8360G 9438A 9545G 10142T 10295G 11569C 11899C 12618A 15025T 16263C 16311T!
M75	M23'75	9	0	146T! 150T 3316A 3453T 5147A 7313T 7765G 14110C 15109C 16068C 16189T!
M24'41	M	8	2	15601C
M24	M24'41	9	2	146T! 195T! 951A 5773A 13359A
M24a	M24	10	0	152T! 7040C 16311T!
M24b	M24	10	0	2140A 10101C 12651A 13812C 16086C
M41	M24'41	9	3	375T 870T 6297C 12398T 12469G 13656C 16327T 16330C
M41a	M41	10	1	16189T!
M41a1	M41a	11	0	113T 195T! 16545C
M41b	M41	10	0	15442G
M41c	M41	10	0	10325A 13113G
M25	M	8	0	150T 316A 869T 1406C 3511G 7954C 8776T 11734G 13144T 13350G 13708A 16129G! 16189T! 16223C 16290A 16368C
M26	M	8	0	152T! 5656G 9899C 11428T 11521G 12190G 13708A 13932T 14218C 14311C 15109C 15263T 16214A 16256T 16278C!
M27	M	8	3	5375T 9201T 12358G
M27a	M27	9	3	195T! 234G 537T 739T 2404C 8406T 10042G 11020G 11554G 15451T 16048A 16077T 16172C 16311T! 16320T
M27a1	M27a	10	2	228A 5585A 7337A
M27a1a	M27a1	11	2	150T 204C 9389G 16136C
M27a1a1	M27a1a	12	0	980C 5177A 16189T!
M27a1a2	M27a1a	12	0	8839A
M27a1b	M27a1	11	0	16320C!
M27a2	M27a	10	2	189G 4924A 9181G 10807G 13434G 13934T 15193G
M27a2a	M27a2	11	0	12414C
M27a2b	M27a2	11	0	13145A
M27a3	M27a	10	0	4212G 8857A 13830C 16264T
M27b	M27	9	2	152T! 656C 1719A 2315G 3204T 3591A 3693A 4342G 5892C 10166C 10493C 14137T 14370G 16209C 16299G 16390A
M27b1	M27b	10	0	64T 199C 236C 1598A 4775G 5788C 14674C 16145A 16223C
M27b2	M27b	10	3	2416C 3768G 16086C
M27b2a	M27b2	11	1	1053G
M27b2a1	M27b2a	12	0	15172A 16104T
M27b2b	M27b2	11	1	8603C
M27b2b1	M27b2b	12	0	4198T
M27b2c	M27b2	11	0	1780C
M27c	M27	9	0	146T! 151T 186T 204C 1692G 3397G 8503C 9033G 9127G 11959G 12370T 14870G 16301T 16304C
M28	M	8	2	152T! 195T! 1719A 6281G 6374C 10245C 15067C 16148T 16362C 16468C
M28a	M28	9	5	1598A 10658G 16086C 16129G!
M28a1	M28a	10	0	6962A
M28a+204C	M28a	10	3	204C
M28a2	M28a+204C	11	1	207A 431A 11084G 16051G
M28a2a	M28a2	12	0	198T 9590G 13803G
M28a3	M28a+204C	11	0	5063C 7145T 10691T 16261T
M28a4	M28a+204C	11	0	151T 199C 15363G 16086T!
M28a5	M28a	10	2	1185T 16429T
M28a5a	M28a5	11	0	5249C 9663A
M28a5b	M28a5	11	0	234G 3651G
M28a6	M28a	10	1	789C 4310G 6275G 15481A
M28a6a	M28a6	11	0	4167T 6257A 7424G 13386C
M28a7	M28a	10	2	16320T
M28a7a	M28a7	11	0	8756C 13246C 14122G
M28a7b	M28a7	11	0	3565G 8093C 16471A
M28b	M28	9	1	94A 204C 12172G 16318T
M28b1	M28b	10	0	2135G 5951G 12373G 12507G 13754T 16291T
M29'Q	M	8	2	13500C
M29	M29'Q	9	2	151T 152T! 211G 464G 513A 1048T 1598A 4230T 7711C 13065T 16189T!
M29a	M29	10	0	310C 4050T 5263T 9852G 12127A 12366G 13452T 16311T!
M29b	M29	10	1	16294T
M29b1	M29b	11	0	16104T
Q	M29'Q	9	2	4117C 5843G 8790A 12940A 16129G! 16241G 16311T!
Q1'2	Q	10	2	5460A
Q1	Q1'2	11	4	89C 92A 146T! 8964T 14025C 16144C 16148T 16265C 16343G
Q1+16223C	Q1	12	3	16223C
Q1a	Q1+16223C	13	1	7681T
Q1a1	Q1a	14	1	208C
Q1a1a	Q1a1	15	0	9266A 16222T
Q1b	Q1+16223C	13	0	92G! 207A 1375T 7993C 10256C 11314G 16241A!
Q1c	Q1+16223C	13	2	1391C 6221C 13368A
Q1c1	Q1c	14	1	4707T 14404T
Q1c1a	Q1c1	15	0	10801A 16488T
Q1c2	Q1c	14	1	10914A 15115C
Q1c2a	Q1c2	15	0	235G 1692G
Q1d	Q1	12	0	9111C
Q1e	Q1	12	1	2359T 11902A 12358G
Q1e1	Q1e	13	3	5414G
Q1e1a	Q1e1	14	1	10924T 15110A 16176T
Q1e1a1	Q1e1a	15	0	6164T
Q1e1b	Q1e1	14	1	16264T
Q1e1b1	Q1e1b	15	0	7816T
Q1e1c	Q1e1	14	0	827G 8440G 11914A!
Q1f	Q1	12	2	11884G
Q1f1	Q1f	13	0	1407A 3834A 4913C 9101C 13047G 14798C 16526A
Q1f2	Q1f	13	0	4025T 9037G 10172A
Q2	Q1'2	11	2	228T 11061T 16066G 16311T!
Q2a	Q2	12	4	195T! 5557C 10214T 10283G 15519C
Q2a1	Q2a	13	0	9377G 12957C 15712G 16355T
Q2a2	Q2a	13	2	4310G 15930A
Q2a2a	Q2a2	14	0	10978C 14305A
Q2a2b	Q2a2	14	0	143A 789C 5075C 9192A 16362C
Q2a3	Q2a	13	2	6260A
Q2a3a	Q2a3	14	0	152T! 4787G 4917G 12675T 16390A
Q2a3b	Q2a3	14	0	198T 15516T 16261T 16292T
Q2a4	Q2a	13	0	11554T
Q2b	Q2	12	0	152T! 744G 1462A 5456T 5460G! 10598G 12267G 12268C 15070T 16145A 16241A! 16286T
Q3	Q	10	2	4335T 15172A
Q3a	Q3	11	1	143A 2768G
Q3a+61T 62A	Q3a	12	1	61T 62A
Q3a1	Q3a+61T 62A	13	0	9254G 16209C
Q3b	Q3	11	0	5460A 8454G 9254G 10750G 12684A 14484C 16249C 16362C
M31	M	8	2	4907C 11176A 15440C 15530C
M31a	M31	9	2	2156.1A 3999C 12876T
M31a1	M31a	10	2	249d 1524G 2045G 3975T 8973G 9581C 11014T 14407T 16311T!
M31a1a	M31a1	11	0	9617G
M31a1b	M31a1	11	0	13710G
M31a2	M31a	10	0	195T! 868T 4775G 9966A 11023T 15258G 16017C 16093C 16126C 16145A
M31b'c	M31	9	2	16093C 16136C
M31b	M31b'c	10	2	152T! 808T 8093C
M31b1	M31b	11	0	15676T
M31b2	M31b	11	0	3777C 3826C 6299G
M31c	M31b'c	10	0	188G 234G 282C 9269T 14152G 15935G 16311T!
M32'56	M	8	2	1438A
M32	M32'56	9	2	16319A 16526A
M32a	M32	10	0	195T! 207A 2156.1A 3817T 9064A 12189C 15754T 16344T 16357C
M32c	M32	10	0	150T 200G 3588T 7960G 8768T 13308G 13590A 13708A 14130T 14260G 14527G 15172A 15625T 16086C 16148T 16259T 16278C! 16399G
M56	M32'56	9	0	61T 13753C 16311T!
M33	M	8	3	2361A
M33a	M33	9	2	8562T 15908C
M33a1	M33a	10	2	12153T
M33a1a	M33a1	11	0	195T! 573.XC 8572A 14053G 15052G 15466A 16294T
M33a1b	M33a1	11	0	199C 8705C 10598G 11569C 12696C 13105G!
M33a2'3	M33a	10	2	16172C
M33a2	M33a2'3	11	1	5423G 13731G 16169T
M33a2a	M33a2	12	0	150T 462T 5124A
M33a3	M33a2'3	11	1	146T! 15796C
M33a3a	M33a3	12	0	11914A! 12236A 16136C
M33+16362C	M33	9	2	16362C
M33b	M33+16362C	10	2	676A 1719A 3221G 6293C 16324C
M33b1	M33b	11	0	4814T 6092C 10724C 16259T
M33b2	M33b	11	0	9344T
M33c	M33+16362C	10	0	3316A 4079G 5894G 8227C 8848C 16111T
M33d	M33	9	0	152T! 204C 207A 513A 3116T 4024G 6563T 8668C 9966A 10969T 14950T 15924G 16178C 16288C
M34'57	M	8	2	11101G
M34	M34'57	9	2	569T 3010A 6794G 15865G 16249C
M34a	M34	10	2	5108C 8404C 14094C 16359C
M34a1	M34a	11	1	146T! 10361C 11992C 16095T
M34a1a	M34a1	12	0	3447G 12311C
M34a2	M34a	11	0	114T 5585A 8548C
M34b	M34	10	0	6367C 7406T 11969A 16051G 16250T
M57	M34'57	9	2	3483A 4020T 13651G 16311T!
M57+152C!	M57	10	1	152T!
M57a	M57+152C!	11	0	16111T
M57b	M57	10	1	146T! 189G 4132A 9098C 9656C 14743G
M57b1	M57b	11	0	502T 10915C! 13708A
M35	M	8	2	12561A
M35+199C	M35	9	2	199C
M35a	M35+199C	10	2	482C 5432G 10670T 15924G 16093C
M35a1	M35a	11	1	5426C
M35a1a	M35a1	12	0	146T! 13928C 16319A
M35a2	M35a	11	0	5118T 8056G
M35b	M35+199C	10	2	15928A
M35b+16304C	M35b	11	3	16304C
M35b1	M35b+16304C	12	0	204C 4234T 13500C
M35b2	M35b+16304C	12	0	15289C
M35b3	M35b+16304C	12	0	9300A 11224G 15328G
M35b4	M35b	11	0	7961C 10565T 11887A
M35c	M35	9	0	11984C 16145A 16189T! 16290T 16381C
M36	M	8	4	239C 7271G 15110A
M36a	M36	9	0	152T! 6320C 6917A 12346T 14203G 14302C 16193T
M36b	M36	9	0	146T! 151T 153G 9036T 12362T 12410G 12954C 13371T 15670C 16325C 16357C
M36c	M36	9	0	4101C 4102T 4135C 9094T 10335C 11143T 13708A 15352G 16234T 16262T
M36d	M36	9	1	151T 152T! 5483C
M36d1	M36d	10	0	249d 3523T 11827C 13926C 15937G
M39'70	M	8	2	8679G
M39	M39'70	9	3	55.1T 59d 60d 65.1T 66T 1811G 15938T
M39a	M39	10	2	207A 1120T 4928C 5773A 8704G
M39a1	M39a	11	0	9383T
M39a2	M39a	11	0	10654T 16111T 16223C 16353T
M39b	M39	10	2	153G 485C
M39b1	M39b	11	0	463T 9374G
M39b2	M39b	11	0	15508T
M39c	M39	10	0	182T! 10188G 10619T 15589A 16270T 16325C
M70	M39'70	9	0	236C 8867C 9297T 15061G 15148A 16214T 16297C 16342C 16381C
M40	M	8	1	8925G 15721C 15954G 16463G
M40a	M40	9	1	200G 13542G 16179T 16294T
M40a1	M40a	10	2	16319A 16356C
M40a1a	M40a1	11	0	249G 2083C 16289G
M40a1b	M40a1	11	0	14323A
M42'74	M	8	2	8251A
M42	M42'74	9	2	9156G
M42a	M42	10	0	1598A 4508T 8793C 12771A 16287T 16356C
M42b	M42	10	2	234G 2880G 16189T!
M42b1	M42b	11	1	93G 7229T 7533T 8597C 9165C 10310C
M42b1a	M42b1	12	0	143A 6083T 6131G
M42b2	M42b	11	0	1053G 4197T 15241G 15562G 16278C!
M74	M42'74	9	2	5054A 10268T 16311T! 16362C
M74a	M74	10	0	63C 64T 66A 6185C 6575G 12850G 16381C
M74b	M74	10	2	8080A 8167C 12651A 15908C
M74b1	M74b	11	0	195T! 8155A 8616A 15226G 16246T
M74b2	M74b	11	0	6755A 6884T 7775A 8251G! 10993A 12007A
M44	M	8	1	146T! 961C 16301T
M44a	M44	9	1	930A 8179G
M44a1	M44a	10	0	8554G
M47	M	8	0	16129G! 16166C 16189T! 16287T 16319A
M48	M	8	0	199C 6366A 15900C 16225T 16234T 16390A
M49	M	8	4	3780T 16234T
M49a	M49	9	2	7598A 11263T 12346T 14384A 16153A
M49a1	M49a	10	0	12880C 13934T
M49a2	M49a	10	0	3780C! 15511C 15647T
M49c	M49	9	1	10514G 13032G
M49c1	M49c	10	0	6605G
M49d	M49	9	0	10373A 11542T 15184C 16243C
M49e	M49	9	1	4735A 10700G 11061T
M49e1	M49e	10	0	6515C
M50	M	8	1	7226A 15663C 16263C
M50a	M50	9	2	204C 207A 5054A 6620C 16129G! 16526A
M50a1	M50a	10	0	466C 4688G 6293C 6962A 7642A 8297T 13802T 16153A 16309G
M50a2	M50a	10	0	2010C 3834A 12879C
M52	M	8	2	1462T 1598A 5460A 6020T 16275G
M52a	M52	9	1	573.XC 15349T 16390A
M52a1	M52a	10	2	6755A 16327A
M52a1a	M52a1	11	0	4525C
M52a1b	M52a1	11	1	3591A 11914A!
M52a1b1	M52a1b	12	0	614G 8158G 10685A 11084G 13135A 16093C 16223C 16270T
M52b	M52	9	1	10750G
M52b1	M52b	10	1	16438A
M52b1a	M52b1	11	0	63C 64T 146T! 3434G 3552C 3866C 4218C 7954C 16209C
M55'77	M	8	2	1393A
M55	M55'77	9	0	94A 173C 204C 482C 709A 3540C 4491A 4655A 5899.1C 6752G 8279.1T 9477A 9938C 11314G 16136C 16217C 16319A 16381C
M77	M55'77	9	0	150T 1409d 4065G 11914A! 12618A 13407G 13542G 14178C 14544A 16129G! 16189T! 16213A 16218T 16274A
M58	M	8	0	3209G 5460A
M59	M	8	0	249G 9380A 10256C 11140T 14040A 16140C 16278C!
M60	M	8	2	7912A 8345T
M60a	M60	9	2	16284G 16319A
M60a1	M60a	10	0	15760T
M60a2	M60a	10	0	2442C 6728G 15910T
M60b	M60	9	0	189G 3592A 3894T 4047C 5471A 7853A 8723A 16266T 16357C
M62'68	M	8	2	150T 4561C 7664A
M62	M62'68	9	2	2735A 3511G 8149G 13708A 15510G 15520G 15629C 15721C 16295T
M62a	M62	10	0	146T! 310C 4763T 9935C 16147T
M62b	M62	10	1	16260T
M62b+204C	M62b	11	2	204C
M62b1	M62b+204C	12	1	203A
M62b1a	M62b1	13	1	8270T 8281d 8282d 8283d 8284d 8285d 8286d 8287d 8288d 8289d 10978G 11431T
M62b1a1	M62b1a	14	0	7844G 16169T
M62b2	M62b+204C	12	0	3693A 6305A
M68	M62'68	9	1	16255A
M68a	M68	10	2	150C! 291d 292d 293d 294d 2626C 3828G 4688C 4902C 5489A 8093C 9644G 12950G 13401C 13806T 14233G 16259T 16278C! 16362C
M68a1	M68a	11	1	152T! 178G 7664G! 10203A 10496G
M68a1a	M68a1	12	0	8251A 16169T 16257T
M68a2	M68a	11	1	736T 7765G 8853G 16488T
M68a2a	M68a2	12	0	9041G 16311T!
M69	M	8	1	4392T 11365C
M69a	M69	9	0	195T! 553T 3546T 5499T 6050C 6899A 8964T 9078C 9210G 14110C 14544A 15924G 16124C 16148T
M71	M	8	2	8718G 15458C 16271C
M71+151T	M71	9	2	151T
M71a	M71+151T	10	2	8440G
M71a1	M71a	11	1	150T 7202G 9554A 15257A
M71a1a	M71a1	12	0	16269G
M71a2	M71a	11	0	143A 146T! 8838A 9615C 13759A 14605G 16129G! 16140C
M71b	M71+151T	10	0	3777C 7055G 9548A 13149G 16260T 16264T
M71c	M71	9	0	143A 195T! 204C 3894T 9055A 9380A 11017C 13401C 15734A 16362C
M72	M	8	1	1872C 14233G 15644G 15820T 16166d 16214T
M72a	M72	9	0	12753G
M73'79	M	8	2	14034C 16278C!
M73	M73'79	9	2	2263A 2352C 3396C 3399T 5655C
M73a	M73	10	1	4856C 10685A 11476T 16184A
M73a1	M73a	11	0	3533T 12950G 16093C
M73b	M73	10	0	199C 709A 3453T 4491A 9064A 11708G 15236G 15663C 16354T
M79	M73'79	9	0	151T 152T! 499A 3442T 3588T 3669G 3972G 7661T 8437T 16243C 16260T 16262T 16311T! 16319A
M76	M	8	1	513A 3753C 7521A! 10325A 12406A 14341T 16189T! 16223C 16293C 16362C
M76a	M76	9	0	146T! 234G 1709A 3438A 7353G 7793T 8470G 9055A 11009C 12603T 15547T 16325C
M81	M	8	0	215G 4254C 6620C 13590A 16129G! 16311T!
M91	M	8	2	93G 3447G 4164G 15652G 16287T 16327A
M91a	M91	9	0	200G 5999C 7064C 11887A 13194A 14902T 15622C
M91b	M91	9	0	647G 3438A 5147A 5592G 11389T 11914A! 15236G 15940C 16069T 16299G
M80'D	M	8	2	4883T
M80	M80'D	9	0	249G 709A 1352A 2695A 4197T 4823C 5492C 5894G 7939T 8429T 8775T 9254G 11732C 14118G 16134T 16189T! 16325C
D	M80'D	9	2	5178A 16362C
D4	D	10	18	3010A 8414T 14668T
D1	D4	11	13	2092T 16325C
D1a	D1	12	2	5821A
D1a1	D1a	13	0	57G 263A 15313C 15719C 16189T!
D1a2	D1a	13	0	114T 143A 10816T 11914A! 13059T 15514C
D1b	D1	12	0	3335C 6314T 14047G 14364A
D1c	D1	12	0	8674G 15805G
D1d	D1	12	2	4790G 12414C
D1d1	D1d	13	0	14569A
D1d2	D1d	13	0	5147A 16093C
D1e	D1	12	0	146T! 3316A 11248G
D1f	D1	12	3	16142T
D1f1	D1f	13	0	10874T 16179T 16295T 16497G
D1f2	D1f	13	0	152T! 3834A
D1f+16189T!	D1f	13	1	16189T!
D1f3	D1f+16189T!	14	0	5460A 10644A
D1g	D1	12	5	8116G 16187C!
D1g1	D1g	13	2	146T! 152T! 8433C 14027T 16390A
D1g1a	D1g1	14	0	14470C
D1g1b	D1g1	14	0	16245T
D1g+16189T!	D1g	13	2	16189T!
D1g2	D1g+16189T!	14	1	143A 15769G
D1g2a	D1g2	15	0	709A 8557A 15930A 16325T!
D1g5	D1g+16189T!	14	0	55C 56G 499A 3505G 10595C 14693G 16209C
D1g3	D1g	13	0	2885C!
D1g4	D1g	13	0	151T 204C 245C 6179A 9419T 9545G 11914A! 15924G 16290T
D1g6	D1g	13	0	150T 199C 374G 960.1C 7340A 16178C
D1h	D1	12	2	16093C 16274A
D1h1	D1h	13	0	204C 7861C 13635C
D1h2	D1h	13	0	3349G 3402G 16239T 16260T
D1i	D1	12	2	417A 12280G
D1i1	D1i	13	0	1943G 3828G 8277C
D1i2	D1i	13	0	551G 709A 11314G 15877A 16368C
D1j	D1	12	1	152T! 16242T 16311T!
D1j1	D1j	13	1	15868T
D1j1a	D1j1	14	2	4212G 5004C 15644G
D1j1a1	D1j1a	15	0	5325T
D1j1a2	D1j1a	15	0	106d 107d 108d 109d 110d 111d 212C 6392C 15326A
D1k	D1	12	0	13368A
D1m	D1	12	0	4823C 8548C 10754G 16316G
D1n	D1	12	0	9180G
D4a	D4	11	8	152T! 3206T 8473C 14979C 16129G!
D4a1	D4a	12	8	10410C
D4a1a	D4a1	13	1	5261A
D4a1a1	D4a1a	14	1	15314A
D4a1a1a	D4a1a1	15	0	15757G
D4a1b	D4a1	13	1	13651G
D4a1b1	D4a1b	14	0	16309G
D4a1c	D4a1	13	0	7822G
D4a1d	D4a1	13	0	16286T
D4a1e	D4a1	13	1	7364G 16256T
D4a1e1	D4a1e	14	0	8614C 9254G
D4a1f	D4a1	13	1	4313C
D4a1f1	D4a1f	14	0	14467G
D4a1g	D4a1	13	0	5459T
D4a1h	D4a1	13	0	14053G
D4a2	D4a	12	2	12957C
D4a2a	D4a2	13	0	3531A 8296G 10005G
D4a2b	D4a2	13	0	6285A
D4a3	D4a	12	2	5466G 16249C
D4a3a	D4a3	13	2	15412C
D4a3a1	D4a3a	14	0	228T 3866C
D4a3a2	D4a3a	14	0	3396C 14013G 14577C 15448T 16093C
D4a3b	D4a3	13	2	7912A
D4a3b1	D4a3b	14	0	10601C 15440C 16266T
D4a3b2	D4a3b	14	0	1520C 13834G 16311T!
D4a+16294T	D4a	12	1	16294T
D4a4	D4a+16294T	13	0	469G 4248C 8659G 9109G
D4a5	D4a	12	0	12468C 15758G
D4a6	D4a	12	0	217C 1811G 7444A
D4a7	D4a	12	0	9845C 13650T! 13966G 15889C 16263C
D4a8	D4a	12	0	146T! 13350G 16270T
D4b	D4	11	2	8020A
D4b1	D4b	12	3	10181T 15440C 15951G 16319A
D4b1a	D4b1	13	2	14927G
D4b1a1	D4b1a	14	1	152T! 2246G 8450C 13827G 14091G 15217A 15805G
D4b1a1a	D4b1a1	15	0	14180C
D4b1a2	D4b1a	14	1	6881G 14815T
D4b1a2a	D4b1a2	15	2	13720T
D4b1a2a1	D4b1a2a	16	0	16173T
D4b1a2a2	D4b1a2a	16	0	4592C 15244G
D4b1b'd	D4b1	13	2	16287T
D4b1b	D4b1b'd	14	2	431T 6689T
D4b1b1	D4b1b	15	1	4859C 6410T
D4b1b1a	D4b1b1	16	1	10084C 16399G
D4b1b1a1	D4b1b1a	17	0	12172G
D4b1b2	D4b1b	15	0	8281d 8282d 8283d 8284d 8285d 8286d 8287d 8288d 8289d 14560C
D4b1d	D4b1b'd	14	0	152T! 6578G 11116C 11992C 15370T 16158G 16284G 16362T!
D4b1c	D4b1	13	1	239C 297G 951A
D3	D4b1c	14	0	722T 4023C 6374C 9785T
D4b2	D4b	12	3	1382C 8964T 9824A
D4b2a	D4b2	13	2	15524G
D4b2a1	D4b2a	14	0	280T 13708A 16355T
D4b2a2	D4b2a	14	2	8251A 10104T
D4b2a2a	D4b2a2	15	2	14287C 16189T!
D4b2a2a1	D4b2a2a	16	0	199C
D4b2a2a2	D4b2a2a	16	0	3591A
D4b2a2b	D4b2a2	15	0	6005T
D4b2b	D4b2	13	7	194T 9296T
D4b2b1	D4b2b	14	4	14605G
D4b2b1a	D4b2b1	15	0	15244G
D4b2b1b	D4b2b1	15	0	3696T 8812G
D4b2b1c	D4b2b1	15	0	6176C
D4b2b1+146T!	D4b2b1	15	1	146T!
D4b2b1d	D4b2b1+146T!	16	0	4117C
D4b2b2	D4b2b	14	3	12358G
D4b2b2a	D4b2b2	15	1	150T
D4b2b2a1	D4b2b2a	16	0	14867T
D4b2b2b	D4b2b2	15	0	8577G 16172C 16223C
D4b2b2c	D4b2b2	15	0	13707A 16189T! 16356C
D4b2b3	D4b2b	14	0	4209C 10373A 14325C 15331A
D4b2b4	D4b2b	14	0	150T 15001C
D4b2b5	D4b2b	14	0	279C
D4b2b6	D4b2b	14	0	1978G 13182C 15832T
D4b2b7	D4b2b	14	0	15896G 16209C 16266T
D4b2d	D4b2	13	0	6407C 7816T 13174C 13239T 16287T
D4c	D4	11	2	16245T
D4c1	D4c	12	2	2766T 16223C
D4c1a	D4c1	13	1	191.1A 194T 199C 207A 3391A 9755A
D4c1a1	D4c1a	14	0	9477A
D4c1b	D4c1	13	2	856G 16224C 16292T
D4c1b1	D4c1b	14	0	146T! 14692G 16233C!
D4c1b2	D4c1b	14	0	14063C
D4c2	D4c	12	3	8383C 9431T
D4c2a	D4c2	13	0	4233C 15391A 16311T! 16368C
D4c2b	D4c2	13	0	534T 1462A
D4c2c	D4c2	13	0	8419C
D4d	D4	11	0	3593C 5539G 6503C 7757A 9938C 12085T 13879C 16319A
D4e	D4	11	4	11215T
D4e1'3	D4e	12	2	9536T
D4e1	D4e1'3	13	3	3316A 16092C
D4e1a	D4e1	14	3	94A 5964C 14470C 15924G
D4e1a1	D4e1a	15	0	194T 16093C 16176T
D4e1a2	D4e1a	15	1	214G
D4e1a2a	D4e1a2	16	0	334C 4959A 9495C
D4e1a3	D4e1a	15	0	8119C
D4e1c	D4e1	14	0	14207A
D2	D4e1	14	2	8703T 16129G!
D2a'b	D2	15	2	7493T 16271C
D2a	D2a'b	16	2	11959G
D2a1	D2a	17	2	9667G
D2a1a	D2a1	18	0	8910A
D2a1b	D2a1	18	0	16111T 16366T
D2a2	D2a	17	0	4991A
D2b	D2a'b	16	2	195T! 9181G
D2b1	D2b	17	1	1106T
D2b1a	D2b1	18	0	5004C
D2b2	D2b	17	0	10084C 15836G
D2c	D2	15	0	310C 9042T 10586A 12468C
D4e3	D4e1'3	13	0	13135A 14857C
D4e2	D4e	12	4	15874G
D4e2a	D4e2	13	0	573.XC 13716G
D4e2b	D4e2	13	0	8149G
D4e2c	D4e2	13	0	14053G
D4e2d	D4e2	13	0	11764G
D4e4	D4e	12	2	1935G 14905A
D4e4a	D4e4	13	1	8683G
D4e4a1	D4e4a	14	0	310C 453A 16189T!
D4e4b	D4e4	13	0	10310A 12882T
D4e5	D4e	12	2	5021C 15106A 15184C 16274A
D4e5a	D4e5	13	0	152T! 573.XC 14755G
D4e5b	D4e5	13	0	14384A 16291T
D4f	D4	11	1	7270C
D4f1	D4f	12	0	2706A 4538T 8764A 11255C
D4g	D4	11	2	13104G
D4g1	D4g	12	3	573.XC 4343G 8701A 15518T 16278C!
D4g1a	D4g1	13	0	3394C 13887G
D4g1b	D4g1	13	0	9004T 13512G
D4g1c	D4g1	13	0	709A
D4g2	D4g	12	2	298T 5231A
D4g2a	D4g2	13	1	4394T 16274A
D4g2a1	D4g2a	14	3	11059T
D4g2a1a	D4g2a1	15	0	195T! 546G 8994A 14793G 16223C
D4g2a1b	D4g2a1	15	0	459d 5081C 6164T
D4g2a1c	D4g2a1	15	0	12966A
D4g2b	D4g2	13	1	4131G
D4g2b1	D4g2b	14	1	13359A
D4g2b1a	D4g2b1	15	0	195T! 263A 504C 5460A 6719C 9386C
D4h	D4	11	4	3336C 3644C 5048C
D4h1	D4h	12	4	16174T
D4h1a	D4h1	13	2	146T! 183G 12396C
D4h1a1	D4h1a	14	0	12372A 16497G
D4h1a2	D4h1a	14	0	827G 1009T 6962A 13819C
D4h1b	D4h1	13	0	11092G 13708A
D4h1c	D4h1	13	1	152T! 7181T 7673G 13914A 16311T!
D4h1c1	D4h1c	14	0	14470C 16317G
D4h1d	D4h1	13	0	5262A 8387A 10042G 16167T 16172C 16287T
D4h2	D4h	12	0	961C 8269A 13879C 15236G 16278C! 16325C
D4h3	D4h	12	2	152T! 13135A 16301T 16342C
D4h3a	D4h3	13	7	3396C 4025T 6285A 8946G 9458T 16241G
D4h3a1	D4h3a	14	1	5442C 12990G
D4h3a1a	D4h3a1	15	2	930A 1719A
D4h3a1a1	D4h3a1a	16	0	146T! 11701C
D4h3a1a2	D4h3a1a	16	0	11914A
D4h3a2	D4h3a	14	0	573.XC 10733T
D4h3a3	D4h3a	14	1	71d
D4h3a3a	D4h3a3	15	0	533G
D4h3a4	D4h3a	14	0	4959A 9851T 16294T
D4h3a5	D4h3a	14	0	16301C
D4h3a6	D4h3a	14	0	143A 4363C 16185T 16463G
D4h3a+152T!!	D4h3a	14	3	152T
D4h3a7	D4h3a+152T!!	15	0	9962A
D4h3a8	D4h3a+152T!!	15	0	11809C 13065T 16234G
D4h3a9	D4h3a+152T!!	15	0	6023A 14861A
D4h3b	D4h3	13	0	990C 1810G 2416C 7785C 9046G 11150A 15346A 16148T 16249C
D4h4	D4h	12	1	15022T
D4h4a	D4h4	13	0	152T! 644G 3558G 10373A 16311T!
D4i	D4	11	3	16294T
D4i1	D4i	12	0	5773A 16263C
D4i2	D4i	12	0	4833G
D4i3	D4i	12	0	195T! 4936T 16114T 16318G
D4j	D4	11	14	11696A
D4j1	D4j	12	2	5262A
D4j1a	D4j1	13	2	7783C 12130C 12358G 16086C
D4j1a1	D4j1a	14	2	7581C 15295T
D4j1a1a	D4j1a1	15	0	12681C
D4j1a1b	D4j1a1	15	0	7980C
D4j1a2	D4j1a	14	0	13635C 16271C
D4j1b	D4j1	13	1	1734T 7055G
D4j1b2	D4j1b	14	0	185A 6852A
D4j2	D4j	12	1	152T! 5563A 5824A 12501A 16291T
D4j2a	D4j2	13	0	3693A
D4j+16311T!	D4j	12	2	16311T!
D4j3	D4j+16311T!	13	1	16184T
D4j3a	D4j3	14	1	1709A
D4j3a1	D4j3a	15	0	13656C 15139C 16525G
D4j11	D4j+16311T!	13	0	11218T 12630A
D4j4	D4j	12	1	10245C
D4j4a	D4j4	13	0	16263C
D4j5	D4j	12	1	13368A 14128G
D4j5a	D4j5	13	0	7445C 13086T
D4j+146!	D4j	12	2	146T!
D4j6	D4j+146!	13	0	7805A
D4j13	D4j+146!	13	0	485C 4655A 5075C
D4j7	D4j	12	1	9578G 13753C 16082T
D4j7a	D4j7	13	0	8434T 14000A
D4j8	D4j	12	0	16174T
D4j+16286	D4j	12	1	16286T
D4j9	D4j+16286	13	0	13573A
D4j10	D4j	12	0	14488C
D4j12	D4j	12	0	7353G 8273T 15470C
D4j14	D4j	12	0	16231C
D4j15	D4j	12	0	15529A
D4j16	D4j	12	0	6752G 12771A
D4+195T!	D4	11	3	195T!
D4k	D4+195T!	12	0	12092A 16362T!
D4o	D4+195T!	12	2	10646A 16290T
D4o1	D4o	13	1	9833C 13500C 16183G 16274A 16319A
D4o1a	D4o1	14	0	2330C
D4o2	D4o	13	1	9077C 13812C 16093C
D4o2a	D4o2	14	1	16232T
D4o2a1	D4o2a	15	0	185A 533G
D4p	D4+195T!	12	1	198T 15106A
D4p1	D4p	13	0	2178G
D4l	D4	11	2	10427A 16368C
D4l1	D4l	12	1	1310T
D4l1a	D4l1	13	1	3535C 16145A
D4l1a1	D4l1a	14	0	9355G
D4l2	D4l	12	2	73A 125C 127C
D4l2a	D4l2	13	2	13651G
D4l2a1	D4l2a	14	0	5147A 16145A 16311T!
D4l2a2	D4l2a	14	0	16274A
D4l2b	D4l2	13	0	318C 8503C
D4m	D4	11	2	8762C 12651C
D4m1	D4m	12	0	1148G 6620C 9667G 12088T 16223C 16244A
D4m2	D4m	12	1	1222G 1719A 3492G 16042A
D4m2a	D4m2	13	1	16214T
D4m2a1	D4m2a	14	1	15313C
D4m2a1a	D4m2a1	15	0	12750T
D4n	D4	11	2	3421A 16355A
D4n1	D4n	12	1	15924G
D4n1a	D4n1	13	0	951A
D4n2	D4n	12	0	195T! 6704G
D4q	D4	11	1	200G 16256T 16311T!
D4q1	D4q	12	1	16140C
D4q1a	D4q1	13	0	4973C 15791G
D4s	D4	11	0	199C 813G 12662G
D4t	D4	11	0	263A 15901G
D+16189T!	D	10	2	16189T!
D5	D+16189T!	11	2	150T 1107C 5301G 10397G
D5a'b	D5	12	2	9180G
D5a	D5a'b	13	3	752T 11944C 12026G
D5a1	D5a	14	1	68A 309d 3496T 13708A 16390A
D5a1a	D5a1	15	2	6185C
D5a1a1	D5a1a	16	0	14371C
D5a1a2	D5a1a	16	0	3337A
D5a2	D5a	14	2	1438A! 16172C
D5a2a	D5a2	15	1	16266T
D5a2a+16092C	D5a2a	16	2	16092C
D5a2a1	D5a2a+16092C	17	2	16164G
D5a2a1+16172T!	D5a2a1	18	1	16172T!
D5a2a1a	D5a2a1+16172T!	19	2	44.1C 1310T 13278G
D5a2a1a1	D5a2a1a	20	1	16102C
D5a2a1a1a	D5a2a1a1	21	0	10589A
D5a2a1a2	D5a2a1a	20	0	8071G
D5a2a1b	D5a2a1	18	1	3528T
D5a2a1b1	D5a2a1b	19	0	16167T
D5a2a2	D5a2a+16092C	17	0	8479G
D5a2b	D5a2	15	0	13356C
D5a3	D5a	14	1	16360T
D5a3a	D5a3	15	1	13759A
D5a3a1	D5a3a	16	1	3702G
D5a3a1a	D5a3a1	17	0	8838A 16126C 16136C
D5b	D5a'b	13	4	456T 681C 1048T 5153G 15724G
D5b1	D5b	14	4	6253C
D5b1a	D5b1	15	2	13437C
D5b1a1	D5b1a	16	0	16167T
D5b1a2	D5b1a	16	0	16172C 16355T
D5b1b	D5b1	15	2	3759G
D5b1b1	D5b1b	16	0	2416C 7220C 16216G
D5b1b2	D5b1b	16	0	5147A 7403G 16357C
D5b1c	D5b1	15	1	12666C
D5b1c1	D5b1c	16	1	152T! 185A 5899.1C 15470C 16148T
D5b1c1a	D5b1c1	17	0	4203G 15724A!
D5b1d	D5b1	15	0	146T! 4048A 10810C!
D5b2	D5b	14	0	281G 983T 5539G 6146G 9377G 13614G 13617C 15769C 16176T 16292G 16300G
D5b3	D5b	14	1	4092A
D5b3a	D5b3	15	1	7241G 10652C
D5b3a1	D5b3a	16	0	16069T
D5b4	D5b	14	0	263A 4048A 8701A 9667G 9992T 11176A 13954T
D5c	D5	12	2	151T 152T! 4200T 4216C 14927G 15622C 16190T
D5c1	D5c	13	1	146T! 3546T 13105G! 16390A
D5c1a	D5c1	14	0	182T! 217C 16223C
D5c+16311T!	D5c	13	1	16311T!
D5c2	D5c+16311T!	14	0	7129G 7669T 8580T 12810G 13984T 15737A 16316G
D6	D+16189T!	11	2	709A 1719A 3714G 12654G 16311T!
D6a	D6	12	2	16274A
D6a1	D6a	13	1	6701G 7424G 7879G 13194A 16311T!
D6a1a	D6a1	14	0	8020A
D6a2	D6a	13	0	4679C 4937C 14530C 16129G! 16189T 16317G
D6c	D6	12	1	152T! 5441T 8389G 8521G
D6c1	D6c	13	1	14371C
D6c1a	D6c1	14	0	10007C 15662G
N	L3	7	17	8701A 9540T 10398A 10873T 15301G!
N1'5	N	8	2	1719A
N1	N1'5	9	2	10238C 12501A
N1a	N1	10	2	204C 13780G
N1a1'2	N1a	11	2	199C
N1a1	N1a1'2	12	2	573.XC 10398A! 15043A
N1a1a	N1a1	13	2	669C 2702A 5315G 8901G 16147G 16172C 16248T 16355T
N1a1a+152C!	N1a1a	14	2	152T!
N1a1a1	N1a1a+152C!	15	2	3336C 16147A
N1a1a1a	N1a1a1	16	3	16320T
N1a1a1a1	N1a1a1a	17	1	2702G! 8164T 9300A
N1a1a1a1a	N1a1a1a1	18	0	6641C 16189T!
N1a1a1a2	N1a1a1a	17	0	207A 8485A 15299C 16086C 16172T!
N1a1a1a3	N1a1a1a	17	0	16154C
N1a1a1b	N1a1a1	16	0	152T 1711T 7750T 8227C 8573A 10143A 10454C 11884G 12358G 16093C
N1a1a2	N1a1a+152C!	15	0	4721G
N1a1a3	N1a1a	14	0	2758A!
N1a1b	N1a1	13	2	250C 4529T 8251A 15924G 16391A
N1a1b1	N1a1b	14	0	143A 710C 10790C 16309G 16311T!
I	N1a1b	14	6	10034C 16129G!
I1	I	15	6	455.1T 6734A 9966A 16311T!
I1a	I1	16	1	3447G 8616T 16172C
I1a1	I1a	17	5	203A 3990T 9947A 9966G! 10915C!
I1a1a	I1a1	18	3	9053A
I1a1a1	I1a1a	19	0	15547T
I1a1a2	I1a1a	19	0	1342T
I1a1a3	I1a1a	19	1	16319A
I1a1a3a	I1a1a3	20	0	4454C
I1a1b	I1a1	18	0	14182C
I1a1c	I1a1	18	0	6620C
I1a1d	I1a1	18	0	1836G 4023C 13488C 16189T!
I1a1e	I1a1	18	0	13404C
I1b	I1	16	0	6227C
I1c	I1	16	1	8573A 16264T 16319A 16362C
I1c1	I1c	17	1	9386C 16270T
I1c1a	I1c1	18	0	6267A 6359G
I1d	I1	16	0	8161T 13614G 16391G!
I1e	I1	16	0	6524C 6755A 7796G
I1f	I1	16	0	14971C 16171G 16293C
I2'3	I	15	2	152T! 207A
I2	I2'3	16	6	15758G
I2a	I2	17	3	11065G 16145A
I2a1	I2a	18	1	533G 3398C
I2a1a	I2a1	19	0	5922T
I2a2	I2a	18	0	9266A
I2a3	I2a	18	0	2835A 16074G
I2b	I2	17	0	6515C 8281d 8282d 8283d 8284d 8285d 8286d 8287d 8288d 8289d 16166C
I2c	I2	17	0	460C 9438A
I2d	I2	17	0	6480A
I2e	I2	17	0	3591A
I2f	I2	17	0	4418C
I3	I2'3	16	4	239C
I3a	I3	17	1	16086C
I3a1	I3a	18	0	2849A
I3b	I3	17	0	16491C 16494T
I3c	I3	17	0	2628C
I3d	I3	17	1	8260C
I3d1	I3d	18	0	183G 382T 1900G 14299C
I4	I	15	2	8519A
I4a	I4	16	2	10819G
I4a1	I4a	17	0	16304C
I4a2	I4a	17	0	9851T
I4b	I4	16	0	2308G 4113A 13662T
I5	I	15	3	14233G
I5a	I5	16	4	5074C 16148T
I5a1	I5a	17	3	8281d 8282d 8283d 8284d 8285d 8286d 8287d 8288d 8289d 12961G
I5a1a	I5a1	18	0	8860A
I5a1b	I5a1	18	0	204T! 13602C 15968C
I5a1c	I5a1	18	0	6182A
I5a2	I5a	17	1	3615G 8742G
I5a2+16086C	I5a2	18	1	16086C
I5a2a	I5a2+16086C	19	0	3705A 5096C 5773A 8562T 15941C
I5a3	I5a	17	0	150T 5231A 6278C 9190T 12073T 15052G 16301T
I5a4	I5a	17	0	574C 12408A 15244G 16192T 16294T
I5b	I5	16	1	709A 6506T
I5b1	I5b	17	0	199T! 459d 16017C
I5c	I5	16	1	16169T
I5c1	I5c	17	0	1438A 16075C 16260T
I6	I	15	2	3645C
I6a	I6	16	0	203A 3915A 6116G 7804G 15287C 16293C
I6b	I6	16	0	10955T 16185T
I7	I	15	0	3534T 4829G 16324C
N1a2	N1a1'2	12	0	953C 3783A 6713T 7830A 9947A 13437C 16274A 16301T 16356C
N1a3	N1a	11	1	189G 195T! 207A 210G 8222C 11025C 11437C 11914A! 13637G 16265G
N1a3a	N1a3	12	3	16201T
N1a3a1	N1a3a	13	1	210A! 16259T 16270G 16319A
N1a3a1a	N1a3a1	14	0	152T! 3672T 5460A 7861C
N1a3a2	N1a3a	13	0	5981C 16111T
N1a3a3	N1a3a	13	0	152T! 204T! 8308G 8943T 12612G 14560A 16086C
N1b	N1	10	2	152T! 1598A 2639T 5471A 8251A 8836G 16176G 16390A
N1b1	N1b	11	2	1703T 3921A 4960T 8472T 12822G 16145A
N1b1a	N1b1	12	7	9335T 11362G
N1b1a1	N1b1a	13	0	455.1T 1703C! 8084G
N1b1a2	N1b1a	13	2	4904T
N1b1a2a	N1b1a2	14	0	8264T
N1b1a2b	N1b1a2	14	0	3221G 4820A 5291C 8309T
N1b1a3	N1b1a	13	0	9957C
N1b1a+16129G!	N1b1a	13	1	16129G!
N1b1a4	N1b1a+16129G!	14	1	185A 188G 8763C
N1b1a4a	N1b1a4	15	0	8261G 8410T 16291T
N1b1a5	N1b1a	13	0	4967C
N1b1a6	N1b1a	13	0	7010T 8469C
N1b1a+195T!	N1b1a	13	2	195T!
N1b1a7	N1b1a+195T!	14	0	1406C
N1b1a8	N1b1a+195T!	14	2	16126C
N1b1a8a	N1b1a8	15	0	12297C 16223C
N1b1a8b	N1b1a8	15	0	13419G
N1b1b	N1b1	12	1	4735A 4917G 11928G 12092T 13129T 13710G 16176A
N1b1b1	N1b1b	13	0	14581C
N1b2	N1b	11	0	1719G! 5507A 12026G 15784C 16258C
N5	N1'5	9	1	5063C 7076G 9545G 11626C 13434G 16111T 16311T!
N5a	N5	10	0	131C 199C 228A 234G 374G 6974G 13830C 15119A 16144C 16185T 16261T 16319A
N2	N	8	2	189G 709A 5046A 11674T 12414C
N2a	N2	9	2	199C 739T 7581C 15106A 16153A 16319A
N2a1	N2a	10	0	14152G 16111T
N2a2	N2a	10	0	4065G
W	N2	9	2	195T! 204C 207A 1243C 3505G 5460A 8251A 8994A 11947G 15884C 16292T
W1	W	10	8	7864T
W1a	W1	11	0	5495C 12669T
W1b	W1	11	1	227G 4928C 9612A
W1b1	W1b	12	0	10086G
W1+119	W1	11	2	119C
W1c	W1+119	12	1	14148G
W1c1	W1c	13	0	11204C 12648G 16184T
W1i	W1+119	12	0	5580C
W1d	W1	11	0	189A! 194T 200G 8383C 9278T 14981C 16260T 16292C! 16298C
W1e	W1	11	1	8659G 8887G
W1e1	W1e	12	1	16295T
W1e1a	W1e1	13	0	10398A! 16324C
W1f	W1	11	0	9950C
W1g	W1	11	0	16320T
W1h	W1	11	1	16145A
W1h1	W1h	12	0	513C
W+194T	W	10	7	194T
W3	W+194T	11	2	1406C
W3a	W3	12	2	15784C
W3a1	W3a	13	3	13263G
W3a1a	W3a1	14	3	7151T
W3a1a1	W3a1a	15	0	3421A
W3a1a2	W3a1a	15	0	5585A 9127G
W3a1a3	W3a1a	15	0	15109C
W3a1b	W3a1	14	0	10245C
W3a1+199C	W3a1	14	2	199C
W3a1c	W3a1+199C	15	0	7269A
W3a1d	W3a1+199C	15	0	10398G
W3a2	W3a	13	0	5291C 16209C 16255A
W3b	W3	12	1	199C 12923T
W3b1	W3b	13	0	189A! 7058C
W4	W+194T	11	4	143A 196C 16286T
W4a	W4	12	1	192C
W4a1	W4a	13	0	3531A 16292C!
W4b	W4	12	0	7444A
W4c	W4	12	0	11947A!
W4d	W4	12	0	16082T
W5	W+194T	11	2	6528T 15775G
W5a	W5	12	2	10097G 16362C
W5a1	W5a	13	1	10410C
W5a1a	W5a1	14	1	4363C
W5a1a1	W5a1a	15	1	9275G
W5a1a1a	W5a1a1	16	0	57C 60.1T 139C
W5a2	W5a	13	1	150T
W5a2b	W5a2	14	0	3644C 16177G
W5b	W5	12	1	60.1TT 64d 65d 11696A
W5b1	W5b	13	1	58C 66C
W5b1a	W5b1	14	0	195T! 8618C 9809G
W6	W+194T	11	4	4093G 8614C 16192T 16325C
W6a	W6	12	0	8610C
W6b	W6	12	1	4646C 6297C 8705C
W6b1	W6b	13	0	7269A
W6c	W6	12	1	8002T 8658T
W6c1	W6c	13	1	8149G
W6c1a	W6c1	14	0	16211T
W6d	W6	12	0	9211T
W7	W+194T	11	0	185A
W8	W+194T	11	0	5147A 8697A
W9	W+194T	11	0	14097T
N3	N	8	2	146T! 210G 571T 1005C 3357A 6366A 6806G 7897A 8653G 8937C 10586A 14634C 16086C 16172C 16187C! 16189T! 16217C
N3a	N3	9	1	5048C 9815T 11128G
N3a1	N3a	10	0	14569A
N3b	N3	9	0	5553C 9211T 15670C
N7	N	8	2	723G 6570T 11617C 13542G 14668T 15945T 16129G! 16318G
N7a	N7	9	2	75T 152T! 279C 508G 3396C 5261A 5390G 6710G 9254G 9438A 16051G 16063C
N7a1	N7a	10	0	709A 16166d 16463G 16466G
N7a2	N7a	10	0	10370C 16173T 16355T
N7b	N7	9	0	1503A 1888A 3391A 5135T 8483G 12906T 14485T
N8	N	8	0	2760G 3027C 7885C 7961C 8188G 10398A! 13710G 15211T 16263C 16274A 16311T! 16343G
N9	N	8	3	5417A
N9a	N9	9	7	150T 5231A 12358G 12372A 16257A 16261T
N9a1'3	N9a	10	2	16129G!
N9a1	N9a1'3	11	1	4386C 12007A 16111T
N9a1a	N9a1	12	0	15095G
N9a3	N9a1'3	11	0	4129G 12354C 12612G
N9a2'4'5'11	N9a	10	4	16172C
N9a2	N9a2'4'5'11	11	3	961C 15067C
N9a2a	N9a2	12	3	16497G
N9a2a1	N9a2a	13	0	338T 14968C 16304C
N9a2a2	N9a2a	13	0	14148G
N9a2a3	N9a2a	13	0	4688A 5553G
N9a2c	N9a2	12	0	10685A 13857G 16250T
N9a2d	N9a2	12	0	3537G 11016A
N9a4	N9a2'4'5'11	11	2	1664A 16145A 16245T
N9a4a	N9a4	12	0	4820A
N9a4b	N9a4	12	1	16092C
N9a4b1	N9a4b	13	0	9156G
N9a5	N9a2'4'5'11	11	0	3729G 15883A 16189T! 16209C
N9a11	N9a2'4'5'11	11	0	195T! 453A 6092C 9180G 10801A 13934T 14581C 16311T!
N9a6	N9a	10	2	4856C 16292T
N9a6a	N9a6	11	0	13742T 15080G 16294T
N9a6b	N9a6	11	0	10530C 14364A 16342C
N9a7	N9a	10	0	14016A 16291T
N9a8	N9a	10	0	11368C 15090C
N9a9	N9a	10	0	2887C
N9a10	N9a	10	2	12771A
N9a10a	N9a10	11	2	9755A 11968T 16261C!
N9a10a1	N9a10a	12	0	9821G
N9a10a2	N9a10a	12	1	9428C
N9a10a2a	N9a10a2	13	0	5773A
N9a10+16311T!	N9a10	11	1	16311T!
N9a10b	N9a10+16311T!	12	0	42.1G 6899A
N9b	N9	9	4	5147A 10607T 11016A 13183G 14893G 16189T!
N9b1	N9b	10	3	12501A
N9b1a	N9b1	11	0	9410G
N9b1b	N9b1	11	0	7830A 16129G! 16390A
N9b1c	N9b1	11	1	94A
N9b1c1	N9b1c	12	0	207A
N9b2	N9b	10	1	16294T
N9b2a	N9b2	11	0	16309G
N9b3	N9b	10	0	14996A
N9b4	N9b	10	0	16187d 16188T
Y	N9	9	2	8392A 10398A! 14178C 14693G 16126C 16223C 16231C
Y1	Y	10	2	146T! 3834A 16266T
Y1a	Y1	11	2	7933G
Y1a1	Y1a	12	0	12732C
Y1a+16189T!	Y1a	12	1	16189T!
Y1a2	Y1a+16189T!	13	0	12397G
Y1b	Y1	11	1	10097G 15460T
Y1b1	Y1b	12	1	15221A
Y1b1a	Y1b1	13	0	9278T
Y2	Y	10	2	482C 5147A 6941C 7859A 14914G 15244G 16311T!
Y2a	Y2	11	1	12161C
Y2a1	Y2a	12	1	11299C
Y2a1a	Y2a1	13	0	2856T 13135A
Y2b	Y2	11	0	338T
N10	N	8	2	750A 5581G 16172C 16362C
N10a	N10	9	0	185A 189G 3543T 3873G 4562G 7853A 10373A 12136C 13434G 13928C 14953T 15211T 16189T!
N10b	N10	9	0	150T 152T! 199C 709A 2010C 2707C 4977C 6245G 8130T 8167C 9459T 10345C 12092A 14053G 15226G 16069T 16278C! 16291A 16298C
N11	N	8	2	11581A
N11a	N11	9	2	195T! 813G 6674C 7975G 8618C 10289G 10908C 14311C 14431C 14502C 15514C 15900C 16355T
N11a1	N11a	10	0	12634G 16189T!
N11a2	N11a	10	0	8928C 9180G 14220G 16176T 16232T
N11b	N11	9	0	150T 261T 3736A 4080C 5234T 6092C 6620C 7356A 8512G 8867C 9503G 9596G 10321C 11204C 11728T 12401T 14357G 16129G! 16193T 16209C 16270T 16291T
N13	N	8	0	146T! 152T! 178G 195T! 2831A 5704T 6896C 10101C 11020G 13263G 16066G 16261T 16290T
N14	N	8	0	1598A 1888A 4917G 5291C 8251A 8269A 11491G 14384C 15040T 15884C
N21	N	8	1	150T 337d 6752G 8701G! 10583G 13437C 14560A 16193T
N21+195T!	N21	9	1	195T!
N21a	N21+195T!	10	0	9512T 13135A 16291T
N22	N	8	1	150T 942G 7158G 9254G 11365C 16168T 16249C
N22a	N22	9	0	292.1AT 9159T 12025T 14587G 16017C
A	N	8	4	235G 663G 1736G 4248C 4824G 8794T 16290T 16319A
A+152C!	A	9	5	152T!
A+152C! +16362C	A+152C!	10	16	16362C
A1	A+152C! +16362C	11	1	1442A
A1a	A1	12	1	9713A 16249C
A1a1	A1a	13	0	4928C
A2	A+152C! +16362C	11	6	146T! 152T 153G 8027A 12007A 16111T
A2a	A2	12	5	3330T 16192T
A2a1	A2a	13	0	16261T
A2a2	A2a	13	0	9301T
A2a3	A2a	13	0	16311T!
A2a4	A2a	13	0	5460A 16093C
A2a5	A2a	13	0	3552C 12166C 16233G 16331G 16362T!
A2b	A2	12	1	11365C
A2b1	A2b	13	0	16265G
A2+(64T)	A2	12	31	64T
A2c	A2+(64T)	13	0	12468C 14364A
A2d	A2+(64T)	13	2	6308T
A2d1	A2d	14	1	8281d 8282d 8283d 8284d 8285d 8286d 8287d 8288d 8289d 11314G
A2d1a	A2d1	15	0	8548C 16274A
A2d2	A2d	14	0	5081C
A2+153!	A2+(64T)	13	2	153A!
A2e	A2+153!	14	0	7112T 13708A 16189T! 16336A
A2ao	A2+153!	14	1	9650T
A2ao1	A2ao	15	0	3394C 16264T
A2f	A2+(64T)	13	3	12940A
A2f1	A2f	14	1	2638C 3316A 7897A 15670C 16192T
A2f1a	A2f1	15	0	1809C 12092A 14911T
A2f2	A2f	14	0	146T! 676A 16357C
A2f3	A2f	14	0	151T 5585A 9156G 11914A! 14275T 15323A
A2g	A2+(64T)	13	1	7724T 16391A
A2g1	A2g	14	0	4970G 13855T
A2h	A2+(64T)	13	1	16526A
A2h1	A2h	14	0	1598A 1888A 12811C 16335G
A2i	A2+(64T)	13	0	94A 960.XC 3307.1A 3308C 5165T 6620C 14280G 14470C 15386T 16325C
A2j	A2+(64T)	13	1	10595C 11548G
A2j1	A2j	14	0	11314G
A2k	A2+(64T)	13	1	3202C
A2k1	A2k	14	1	15924G
A2k1a	A2k1	15	0	8460G
A2+(64T) +16111C!	A2+(64T)	13	6	16111C!
A2l	A2+(64T) +16111C!	14	0	15629C
A2m	A2+(64T) +16111C!	14	0	8947T 9039A 15172A 16240G
A2n	A2+(64T) +16111C!	14	0	3849A 9344T 10700G
A2o	A2+(64T) +16111C!	14	0	3972G
A2ai	A2+(64T) +16111C!	14	0	5494G 11248G 16213A
A2aj	A2+(64T) +16111C!	14	0	1442A 1738C 5378G 10373A 16270T
A2+16129!	A2+(64T)	13	2	16129G!
A2p	A2+16129!	14	2	10199T
A2p1	A2p	15	0	5585A 6488C 8537G
A2p2	A2p	15	0	3591A 14791T 16178G 16209C 16274A
A2am	A2+16129!	14	0	6253C 15229C 15314A
A2q	A2+(64T)	13	1	16209C
A2q1	A2q	14	0	7604A 7861C
A2t	A2+(64T)	13	0	2071C 9053A 11404G 15236G
A2u	A2+(64T)	13	2	16136C
A2u1	A2u	14	0	12906T 16257T 16344T
A2u2	A2u	14	0	16260T
A2v	A2+(64T)	13	1	16239T
A2v1	A2v	14	1	6491A
A2v1+152C!!!	A2v1	15	2	152T!
A2v1a	A2v1+152C!!!	16	0	7403G
A2v1b	A2v1+152C!!!	16	0	16234T
A2w	A2+(64T)	13	1	7124G 11016A
A2w1	A2w	14	0	573.XC 16187C!
A2x	A2+(64T)	13	0	9055A 15924G
A2y	A2+(64T)	13	0	189G 207A 5093C 5910A 6641C 16293G 16304C
A2aa	A2+(64T)	13	0	16239A 16266T
A2ab	A2+(64T)	13	0	6216C 14476A 16291T
A2ac	A2+(64T)	13	1	9377G 15074C 16213A
A2ac1	A2ac	14	0	9055A 9473C 14687G
A2ad	A2+(64T)	13	2	8471T 16175G 16300G
A2ad1	A2ad	14	0	5298G 12372A 14798C 15734A 16111C!
A2ad2	A2ad	14	0	6182A 10993A
A2ae	A2+(64T)	13	0	152T! 487G 3565G 16284G
A2af	A2+(64T)	13	2	73A 106d 107d 108d 109d 110d 111d 5460A 16360T
A2af1	A2af	14	2	6794G 7960G
A2af1a	A2af1	15	2	89C
A2af1a1	A2af1a	16	0	198T
A2af1a2	A2af1a	16	0	499A 2762A 16175T
A2af1b	A2af1	15	2	11482C
A2af1b1	A2af1b	16	2	3840G 10343T 12771A
A2af1b1a	A2af1b1	17	0	200G 9053A 13443C 15847T 16111C!
A2af1b1b	A2af1b1	17	0	16168T 16209C
A2af1b2	A2af1b	16	0	92A 93.1T 5460G! 7269A 8152A 9944C 13359A
A2af2	A2af	14	0	97C 204C 211G 8563G 10344G 14211T 16189T!
A2ag	A2+(64T)	13	0	195T! 9653C
A2ah	A2+(64T)	13	0	16097C 16098G
A2ak	A2+(64T)	13	0	8654C 9668T 15458C 16466C
A2al	A2+(64T)	13	0	3516T 11152C 16126C
A2an	A2+(64T)	13	0	8772C
A2+(64T) +16189T!	A2+(64T)	13	1	16189T!
A2ap	A2+(64T) +16189T!	14	0	9809G
A2aq	A2+(64T)	13	0	143A 808T 3421A 6267A 6374C 16355T
A2r	A2	12	1	6935T
A2r1	A2r	13	0	103A 9518T
A2s	A2	12	0	466C 3145G 3766C 7269A 8552C 11809C 12346T 16207G 16311T! 16400T
A2z	A2	12	0	152T! 214G 2836T 3744G 6632C 16083T 16256T
A6	A+152C! +16362C	11	2	654C 3687T 13287T
A6a	A6	12	0	4257G
A6b	A6	12	0	146T! 6707C 8531G 10993A 15670C
A+16189!	A+152C! +16362C	11	2	16189T!
A12	A+16189!	12	1	12720G 14290C
A12a	A12	13	0	1709A 9754G 16039A 16356C
A23	A+16189!	12	0	97T 105d 106d 107d 108d 109d 110d 150T 3213G 5153G 6101T 6602T
A+200	A+152C! +16362C	11	2	200G
A13	A+200	12	0	3504C
A14	A+200	12	0	151T 735G
A15	A+152C! +16362C	11	3	207A 263A 8459G 14067T
A15a	A15	12	0	11084G
A15b	A15	12	0	3408T 8409T 16234T
A15c	A15	12	1	15262C
A15c1	A15c	13	0	4216C 9052G 13111C 15924G
A16	A+152C! +16362C	11	0	298A 2706A 6023A 11557G 14929T 16292A
A17	A+152C! +16362C	11	0	4113A 5514G 9126C 15217A
A18	A+152C! +16362C	11	0	11465C
A19	A+152C! +16362C	11	0	199C 15436T 16311T!
A20	A+152C! +16362C	11	0	14696G
A21	A+152C! +16362C	11	0	14364A
A22	A+152C! +16362C	11	0	6378C 8393T 9123A 9128C
A24	A+152C! +16362C	11	0	449C 9524G 15172A
A25	A+152C! +16362C	11	0	16179T
A26	A+152C! +16362C	11	0	4924A 9716A 11809C 13650T 13752C 14968C 16144C
A3	A+152C!	10	1	2857C 8962G 9711T
A3a	A3	11	0	13140G
A7	A+152C!	10	0	146T! 8413G 10172A 15379T 16051G 16129G! 16189T!
A9	A+152C!	10	0	6950T 7228G 8340A 10700G 15874G
A11	A+152C!	10	2	9650T 16293C
A11a	A11	11	0	1005C 5899.XC 6755A 8843C
A11+16234T	A11	11	1	16234T
A11b	A11+16234T	12	0	3290C 16527T
A5	A	9	3	8563G 11536T
A5a	A5	10	5	2156.1A 4655A 11647T 16187C!
A5a1	A5a	11	2	14944T
A5a1a	A5a1	12	2	10801A
A5a1a1	A5a1a	13	2	5773A 12880C
A5a1a1a	A5a1a1	14	0	13221G
A5a1a1b	A5a1a1	14	0	4736C
A5a1a2	A5a1a	13	1	8628T
A5a1a2a	A5a1a2	14	0	6956C
A5a1b	A5a1	12	0	16160G
A5a2	A5a	11	0	13461C
A5a3	A5a	11	1	12909G
A5a3a	A5a3	12	0	15341C
A5a4	A5a	11	0	10325A
A5a5	A5a	11	0	7694T
A5b	A5	10	1	961C 965.XC
A5b1	A5b	11	3	1709A 16126C 16235G
A5b1a	A5b1	12	0	10637T
A5b1b	A5b1	12	0	16234T
A5b1c	A5b1	12	1	8260C
A5b1c1	A5b1c	13	0	152T! 5054C 15442G
A5c	A5	10	1	152T! 16129G! 16213A
A5c1	A5c	11	0	12816T
A8	A	9	1	16242T
A8a	A8	10	1	64T 146T!
A8a1	A8a	11	0	152T! 6962A 8865A 12777G
A10	A	9	0	5393C 7468T 9948A 10094T 16227C 16311T!
O	N	8	1	6755A 9140T 16213A
O1	O	9	1	152T! 509T 5563A 6221C 15300C 15852C 15885T 16303A 16362C
O1a	O1	10	0	5460A 15924G
S	N	8	3	8404C
S1	S	9	1	14384C 16075C
S1a	S1	10	0	150G 189G 215G 271G 8251A 8506C 15040T 16172C 16311T!
S2	S	9	0	2380T 3438A 6167C
S+152C!	S	9	3	152T!
S3	S+152C!	10	0	63C 64T 66A 151T 195T! 710C 5302C 5492C 8277C 8278.XC 9938C 10398A! 10786C 11151T 15204C 15317A 15663C 15664T 16140C 16187C! 16189T! 16287T 16311T!
S4	S+152C!	10	0	1007A 4181G 5090C 6528T 7498A 9866T 16172C 16192T 16319A
S5	S+152C!	10	0	234G 249d 508G 1375T 3169T 3593C 3996T 8027A 10188G 11470G 13770A 14121T 16243C 16256T
X	N	8	2	6221C 6371T 13966G 14470C 16189T! 16278C!
X1'2'3	X	9	2	153G
X1'3	X1'2'3	10	2	146T!
X1	X1'3	11	2	5302C 14587G 15654C 16104T 16278C
X1a	X1	12	0	6359G 7533T 8140T
X1c	X1	12	0	7337A 9615C
X3	X1'3	11	1	3531A 13785T 13879C 14560A 15672C
X3a	X3	12	0	256T
X2	X1'2'3	10	4	195T! 1719A
X2+225A	X2	11	9	225A
X2a'j	X2+225A	12	2	12397G
X2a	X2a'j	13	2	200G 8913G 14502C 16213A
X2a1	X2a	14	3	143A 225G! 3552C 16093C
X2a1a	X2a1	15	1	6113G 16357C
X2a1a1	X2a1a	16	0	153A! 204C 16093T! 16319A 16213G!
X2a1b	X2a1	15	1	8422G
X2a1b1	X2a1b	16	1	7299G
X2a1b1a	X2a1b1	17	0	6680C
X2a1c	X2a1	15	0	8842G 16104T 16147T
X2a2	X2a	14	0	1415A 10256C 14560A 16254C
X2j	X2a'j	13	0	44.1C 794C 2120A 9548A 15469G 16179T 16357C
X2b'd	X2+225A	12	2	13708A
X2b	X2b'd	13	1	8393T 15927A
X2b+226C	X2b	14	12	226C
X2b1	X2b+226C	15	0	8814T 16248T
X2b2	X2b+226C	15	0	4722G 7400A 11908G
X2b3	X2b+226C	15	0	8269A 14818C
X2b4	X2b+226C	15	1	3705A
X2b4a	X2b4	16	1	8592A
X2b4a1	X2b4a	17	0	5375T
X2b5	X2b+226C	15	0	10532G 13251T
X2b6	X2b+226C	15	1	4577T 7570G 11914A! 14016A
X2b6a	X2b6	16	0	5427G
X2b7	X2b+226C	15	0	4216C
X2b8	X2b+226C	15	0	4820A
X2b9	X2b+226C	15	0	9830T
X2b10	X2b+226C	15	1	146T! 8425G 15466A
X2b10a	X2b10	16	0	16365T
X2b11	X2b+226C	15	0	189G 8910T
X2b+226C +16192T	X2b+226C	15	2	16192T
X2b12	X2b+226C +16192T	16	0	9151G
X2b13	X2b+226C +16192T	16	0	16320T
X2d	X2b'd	13	2	153A! 225G! 6791G 8503C
X2d1	X2d	14	1	204C 207A 5186G 11878C
X2d1a	X2d1	15	0	6626C 10084C 11465C
X2d2	X2d	14	0	15300C
X2c	X2+225A	12	2	227G 16255A
X2c1	X2c	13	5	8705C
X2c1a	X2c1	14	0	16108T
X2c1b	X2c1	14	0	8463G 16300G
X2c1c	X2c1	14	1	200G
X2c1c1	X2c1c	15	0	16209C
X2c1d	X2c1	14	0	15313C
X2c1e	X2c1	14	0	4541A 16248T
X2c2	X2c	13	0	15314A
X2e	X2+225A	12	2	15310C
X2e1	X2e	13	2	16189A
X2e1a	X2e1	14	1	9380A
X2e1a1	X2e1a	15	0	16134T 16311T!
X2e1b	X2e1	14	0	225G! 16126C
X2e2	X2e	13	3	225G! 12084T
X2e2a	X2e2	14	2	3948G
X2e2a1	X2e2a	15	0	13327G
X2e2a2	X2e2a	15	0	152T! 8856A
X2e2b	X2e2	14	1	16265G
X2e2b1	X2e2b	15	0	7853A 11875C
X2e2c	X2e2	14	1	153A! 14861A 16316G
X2e2c1	X2e2c	15	0	2232.1A 8406T 14025C
X2+153!	X2+225A	12	2	153A!
X2g	X2+153!	13	0	769A! 5111T 9722C 13368A 15650A 15924G
X2l	X2+153!	13	0	9899C 11197T 15358G
X2+16223	X2+225A	12	1	16223C
X2h	X2+16223	13	0	8467T 9033G
X2i	X2+225A	12	1	16248T
X2i+225G!	X2i	13	1	225G!
X2i1	X2i+225G!	14	0	16527T
X2m'n	X2+225A	12	2	226C
X2m	X2m'n	13	2	143A 153A!
X2m1	X2m	14	0	235G 16292T
X2m2	X2m	14	0	4059T 6713T 8473C 16217C
X2n	X2m'n	13	0	64T 263A 4659A 9903C 15793T 16266T
X2o	X2+225A	12	1	1656d 9840A 13656C
X2o1	X2o	13	0	225G! 13035A
X2f	X2	11	1	257G
X2f1	X2f	12	0	2392C 10398A! 16311T!
X2k	X2	11	0	13212T
X2p	X2	11	1	7109T
X2p1	X2p	12	0	513A 4093G 8645G 9708C 11778A 16291T
X4	X	9	0	152T! 195T! 6227C 12406A 16266T 16274A 16390A
R	N	8	18	12705C 16223C
R0	R	9	2	73A 11719G
R0a'b	R0	10	2	58C 64T 2442C 16362C
R0a	R0a'b	11	2	3847C 13188T 16126C
R0a1	R0a	12	2	827G
R0a1a	R0a1	13	4	146T! 8292A 11761T 16355T
R0a1a1	R0a1a	14	1	13708A
R0a1a1a	R0a1a1	15	0	16172C
R0a1a2	R0a1a	14	0	93G 95C 3972G 8020A 10652C 12741T
R0a1a3	R0a1a	14	0	2069C 4703C 9647C 13479T
R0a1a4	R0a1a	14	0	3438A 5120G 5333C
R0a1+152C!	R0a1	13	1	152T!
R0a1b	R0a1+152C!	14	0	26T 16093C 16189T!
R0a+60.1T	R0a	12	2	60.1T
R0a2'3	R0a+60.1T	13	2	15674C
R0a2	R0a2'3	14	14	2355G
R0a2a	R0a2	15	1	14544A
R0a2a1	R0a2a	16	0	7249T
R0a2b	R0a2	15	0	5237A 15924G 16305T
R0a2c	R0a2	15	0	16304C
R0a2d	R0a2	15	0	3438A 10728T
R0a2e	R0a2	15	0	4106T 7256T! 8701G! 10493G
R0a2f	R0a2	15	1	8251A
R0a2f1	R0a2f	16	2	131C 7837C 12542T 13708A 13827G
R0a2f1a	R0a2f1	17	0	11365C
R0a2f1b	R0a2f1	17	0	16207G
R0a2g	R0a2	15	0	9128C
R0a2h	R0a2	15	0	16172C 16184A
R0a2i	R0a2	15	0	9337C 11944C 16092C 16278T
R0a2+195T!	R0a2	15	1	195T!
R0a2j	R0a2+195T!	16	0	152T! 3397G
R0a2k	R0a2	15	1	12295C
R0a2k1	R0a2k	16	0	3531A 3644C 3918A 5557C 10398A! 16114T 16325C
R0a2l	R0a2	15	0	2179G 7471d 14392T
R0a2m	R0a2	15	0	4767G
R0a2n	R0a2	15	0	11914A! 16266T
R0a3	R0a2'3	14	1	15466A
R0a3a	R0a3	15	0	12474T
R0a4	R0a+60.1T	13	0	150T 2351C 9531G
R0b	R0a'b	11	0	93G 152T! 1719A 4924A 5205C 8772C 9055A 10101C 10775A 11764G 15613G 15628G 16301T
HV	R0	10	12	14766C
HV0	HV	11	2	72C 16298C
HV0a	HV0	12	2	15904T
HV0a1	HV0a	13	1	10196T 16126C
HV0a1a	HV0a1	14	0	200G 3200C 16346C
V	HV0a	13	27	4580A
V1	V	14	2	8869G
V1a	V1	15	1	4639C
V1a1	V1a	16	2	5263T
V1a1a	V1a1	17	1	485C 16183G
V1a1a1	V1a1a	18	0	227G
V1a1b	V1a1	17	0	12490G
V1b	V1	15	0	16290T
V2	V	14	3	13105G!
V2a	V2	15	1	12438C
V2a1	V2a	16	1	9088C 14793G
V2a1a	V2a1	17	0	5250C
V2b	V2	15	2	14770T
V2b1	V2b	16	0	15773A
V2b2	V2b	16	0	5420C
V2c	V2	15	0	9210G
V3	V	14	3	12810G
V3a	V3	15	1	16240G
V3a1	V3a	16	0	11337G
V3b	V3	15	0	4550C 15346A
V3c	V3	15	0	16216G
V4	V	14	0	15250T
V5	V	14	0	14550C 16203G
V6	V	14	0	16162G
V7	V	14	2	93G 7444A
V7a	V7	15	1	11899C 16153A
V7a1	V7a	16	0	3549T
V7b	V7	15	0	8910T 14121T 16114T 16298T!
V8	V	14	0	13350G 14016A
V9	V	14	1	204C 207A
V9a	V9	15	2	8179G 11581T 13759A 16298T!
V9a1	V9a	16	0	16192T 16219G
V9a2	V9a	16	0	9887C
V10	V	14	2	9368G
V10a	V10	15	0	16261T 16311T!
V10b	V10	15	2	9254G
V10b1	V10b	16	0	9932A
V10b2	V10b	16	0	9098G
V11	V	14	0	8251A 11620G
V12	V	14	0	7270C
V13	V	14	0	12795A 15784C
V14	V	14	0	8843C
V15	V	14	1	4221T
V15a	V15	15	0	10308T
V16	V	14	0	16301T
V17	V	14	0	1537T 8982G
V18	V	14	1	508G
V18a	V18	15	0	14914C
V+150T	V	14	2	150T
V19	V+150T	15	0	16362C
V22	V+150T	15	0	709A 7765G
V+16298T!	V	14	1	16298T!
V20	V+16298T!	15	0	8584A 16256T
V+72T!	V	14	1	72T!
V21	V+72T!	15	0	15431A 16390A
V23	V	14	0	6734A
V24	V	14	0	3573T
V25	V	14	0	14629T
V26	V	14	0	12681C
V27	V	14	0	569T
V28	V	14	0	10256C
HV0+195T!	HV0	12	6	195T!
HV0b	HV0+195T!	13	0	198T
HV0c	HV0+195T!	13	0	6413C
HV0d	HV0+195T!	13	0	15110A
HV0e	HV0+195T!	13	0	10609C 15454C 16311T!
HV0f	HV0+195T!	13	0	72T! 8706G
HV0g	HV0+195T!	13	0	4047C 15172A 16129G!
HV1	HV	11	2	8014T 16067T
HV1a'b'c	HV1	12	3	15218G
HV1a	HV1a'b'c	13	3	8277C
HV1a1	HV1a	14	2	150T 15927A 16355T
HV1a1a	HV1a1	15	0	4227G 9554A
HV1a1b	HV1a1	15	0	6150A 7379A
HV1a2	HV1a	14	2	4596A
HV1a2a	HV1a2	15	0	14587G
HV1a2b	HV1a2	15	0	93G
HV1a3	HV1a	14	1	3421A 16327A
HV1a3a	HV1a3	15	0	14443T
HV1b	HV1a'b'c	13	2	12696C
HV1b1	HV1b	14	2	2626C 4739T 7598A 16274A
HV1b1a	HV1b1	15	0	11314G 14861A
HV1b1b	HV1b1	15	0	5656G
HV1b+152C!	HV1b	14	2	152T!
HV1b2	HV1b+152C!	15	0	3547G 6023A 16189T!
HV1b3	HV1b+152C!	15	2	195T! 5250C
HV1b3a	HV1b3	16	0	151T 183G 7664A 15172A 15236G 15519C
HV1b3b	HV1b3	16	0	10295G 10750G 14161G 16311T!
HV1c	HV1a'b'c	13	0	13933G
HV1d	HV1	12	0	146T! 249d 2308G 7372C 11476T 12279G 13143C 13650T! 13708A 16278C! 16362C
HV+73A!	HV	11	2	73A!
HV2	HV+73A!	12	1	152T! 16217C
HV2a	HV2	13	3	72C 195T! 7193C 9336G 11935C 12061T
HV2a1	HV2a	14	0	5147A 16214T 16335G
HV2a2	HV2a	14	0	5153G 7861C
HV2a3	HV2a	14	0	739T 1005C
HV20	HV+73A!	12	0	13866G
HV4	HV	11	3	7094C
HV4a	HV4	12	2	16221T
HV4a1	HV4a	13	1	13680T
HV4a1+16291T	HV4a1	14	1	16291T
HV4a1a	HV4a1+16291T	15	4	9950C
HV4a1a1	HV4a1a	16	0	152T! 7645C 11365C
HV4a1a2	HV4a1a	16	0	73A! 7843G
HV4a1a3	HV4a1a	16	0	12972G
HV4a1a4	HV4a1a	16	0	4452C
HV4a2	HV4a	13	2	7805A 16129G!
HV4a2a	HV4a2	14	0	16221C! 16287T 16311T!
HV4a2b	HV4a2	14	0	11671G
HV4b	HV4	12	0	1715T 16069T
HV4c	HV4	12	0	2758A! 3834A 10356T
HV5	HV	11	2	13105G!
HV5a	HV5	12	0	12133T
HV5b	HV5	12	0	150T 15766G
HV+16311!	HV	11	13	16311T!
HV6	HV+16311!	12	1	6755A 16172C
HV6a	HV6	13	0	3507T 8545A 9266A 16113C
HV7	HV+16311!	12	0	5471A 14560A 16278C!
HV8	HV+16311!	12	0	16354T
HV9	HV+16311!	12	3	8994A
HV9+152C!	HV9	13	1	152T!
HV9a	HV9+152C!	14	1	131C
HV9a1	HV9a	15	1	5480G 11257T
HV9a1a	HV9a1	16	0	930A
HV9b	HV9	13	0	16249C
HV9c	HV9	13	0	6248C 16311T!
HV10	HV+16311!	12	0	13449T
HV11	HV+16311!	12	1	6040G
HV11a	HV11	13	0	9000G 10283G
HV14	HV+16311!	12	1	480C 15115C
HV14a	HV14	13	0	4655A
HV15	HV+16311!	12	0	5746A 16234T
HV16	HV+16311!	12	0	12492T
HV17	HV+16311!	12	1	3397G 16111T
HV17a	HV17	13	0	549T
HV22	HV+16311!	12	0	146T! 4997T 16038G
HV23	HV+16311!	12	0	9548A
HV24	HV+16311!	12	0	1601T
HV12	HV	11	2	13889A
HV12a	HV12	12	1	16220C 16292T
HV12a1	HV12a	13	0	152T! 3892G 4254C 14344G 16243C 16342C
HV12b	HV12	12	1	150T 15682G
HV12b1	HV12b	13	1	16356C
HV12b1a	HV12b1	14	0	337G 594T 13572C 14569A
HV13	HV	11	2	16357C
HV13a	HV13	12	0	72C 8774G 9027T 10143A 11101G 12879C 16311T!
HV13b	HV13	12	0	3290C
HV18	HV	11	0	9039A 16189T!
HV19	HV	11	0	4823C 16260T 16399G
HV21	HV	11	0	16169T
H	HV	11	86	2706A 7028C
H1	H	12	65	3010A
H1a	H1	13	9	73A! 16162G
H1a1	H1a	14	3	6365C 16209C
H1a1a	H1a1	15	1	4639C
H1a1a1	H1a1a	16	0	10993A
H1a1b	H1a1	15	0	7961C
H1a1c	H1a1	15	0	16172C
H1a2	H1a	14	0	8271T
H1a3	H1a	14	4	16051G
H1a3a	H1a3	15	4	14978G
H1a3a1	H1a3a	16	0	3396C
H1a3a2	H1a3a	16	0	42.1G
H1a3a3	H1a3a	16	0	8468T! 16259T
H1a3a4	H1a3a	16	0	534T
H1a3b	H1a3	15	1	16465T
H1a3b1	H1a3b	16	0	9053A
H1a3c	H1a3	15	1	16266T
H1a3c1	H1a3c	16	0	16213A
H1a3d	H1a3	15	0	11950G
H1a4	H1a	14	0	9341T
H1a5	H1a	14	0	8839A 15789T
H1a6	H1a	14	0	151T 11893G 16189T!
H1a7	H1a	14	0	5747G
H1a8	H1a	14	1	8537G
H1a8a	H1a8	15	0	7080C
H1a9	H1a	14	0	8334A 16167T
H1+16189!	H1	13	11	16189T!
H1b	H1+16189!	14	5	16356C
H1b1	H1b	15	5	3796G
H1b1+16362C	H1b1	16	5	16362C
H1b1a	H1b1+16362C	17	0	5899.XC 8348G
H1b1b	H1b1+16362C	17	0	16129G! 16355T
H1b1c	H1b1+16362C	17	0	10455G
H1b1d	H1b1+16362C	17	0	93G
H1b1h	H1b1+16362C	17	0	7960G
H1b1e	H1b1	16	1	9698C
H1b1e1	H1b1e	17	0	11962G
H1b1f	H1b1	16	0	2145A 16114T
H1b1g	H1b1	16	0	64T 195T! 1438A
H1b1i	H1b1	16	0	4823C
H1b2	H1b	15	1	8251A 16080G
H1b2a	H1b2	16	1	183G 8286C 16360T
H1b2a1	H1b2a	17	0	7691C
H1b3	H1b	15	0	16075C
H1b4	H1b	15	0	11029G
H1b5	H1b	15	0	12130C
H1f	H1+16189!	14	1	4452C 9066G
H1f+16093C	H1f	15	1	16093C
H1f1	H1f+16093C	16	1	7309C
H1f1a	H1f1	17	0	459d
H1g	H1+16189!	14	2	14212C
H1g1	H1g	15	0	8602C
H1g2	H1g	15	0	9230C
H1k	H1+16189!	14	1	16290T
H1k1	H1k	15	1	5206T 15766G
H1k1a	H1k1	16	0	2887C
H1y	H1+16189!	14	0	15299C
H1z	H1+16189!	14	1	327T 11428T
H1z1	H1z	15	0	10632C 16311T!
H1aa	H1+16189!	14	1	4131G
H1aa1	H1aa	15	0	11914A!
H1ab	H1+16189!	14	1	15047A
H1ab1	H1ab	15	0	16234T
H1ac	H1+16189!	14	0	11893G
H1ad	H1+16189!	14	0	3504C
H1cc	H1+16189!	14	0	72C 6261A 16291T
H1c	H1	13	22	477C
H1c1	H1c	14	4	9150G 16263C
H1c1a	H1c1	15	1	9380A
H1c1a1	H1c1a	16	0	9007G
H1c1b	H1c1	15	0	16316G
H1c1c	H1c1	15	0	1926G 16295T
H1c1+16093C	H1c1	15	1	16093C
H1c1d	H1c1+16093C	16	0	10192T
H1c2	H1c	14	1	12858T
H1c2a	H1c2	15	0	8764A
H1c3	H1c	14	2	257G 8473C
H1c3a	H1c3	15	0	146T! 16176T 16219G
H1c3b	H1c3	15	0	16189T! 16362C
H1c4	H1c	14	2	13759A
H1c4a	H1c4	15	1	7299G
H1c4a1	H1c4a	16	0	15315T
H1c4b	H1c4	15	1	16355T
H1c4b1	H1c4b	16	0	6074T
H1c5	H1c	14	1	8803G
H1c5a	H1c5	15	0	152T! 249d
H1c6	H1c	14	0	5979A
H1c7	H1c	14	0	14350T
H1c8	H1c	14	0	1462A 14182A
H1c+152C!	H1c	14	1	152T!
H1c9	H1c+152C!	15	1	13203G
H1c9a	H1c9	16	0	9377G
H1c10	H1c	14	0	3531A 8417A
H1c11	H1c	14	0	6629G
H1c12	H1c	14	0	4484T
H1c13	H1c	14	0	8645G
H1c14	H1c	14	0	10365A 12627G 15758G
H1c15	H1c	14	0	12310.1A
H1c16	H1c	14	0	6267A
H1c17	H1c	14	0	15325C
H1c18	H1c	14	0	4562G 12636T
H1c19	H1c	14	0	7379A
H1c20	H1c	14	0	8730G
H1c21	H1c	14	0	4767G
H1c22	H1c	14	0	10679G
H1e	H1	13	8	5460A
H1e1	H1e	14	3	8512G
H1e1a	H1e1	15	8	14902T
H1e1a1	H1e1a	16	0	93G 5301G 5387T 14491T
H1e1a2	H1e1a	16	0	13326C
H1e1a3	H1e1a	16	0	16111A
H1e1a4	H1e1a	16	0	709A 7196T 11113C 11371G 16311T!
H1e1a5	H1e1a	16	0	1900C 2320G 4823C 6216C 12915A 15884A 16066G
H1e1a6	H1e1a	16	0	150T
H1e1a7	H1e1a	16	0	14581C
H1e1a+16278C!	H1e1a	16	1	16278C!
H1e1a8	H1e1a+16278C!	17	0	195T! 4781G
H1e1b	H1e1	15	1	453C
H1e1b1	H1e1b	16	2	13590A
H1e1b1a	H1e1b1	17	0	8023C
H1e1b1b	H1e1b1	17	0	1812T 4673G
H1e1c	H1e1	15	0	3745A
H1e2	H1e	14	4	15817G
H1e2a	H1e2	15	0	12070A
H1e2b	H1e2	15	0	983T
H1e2c	H1e2	15	0	73A!
H1e2d	H1e2	15	0	3548C
H1e+16129G!	H1e	14	1	16129G!
H1e3	H1e+16129G!	15	0	93G 960.XC 1462A 4883T
H1e4	H1e	14	1	3316A
H1e4a	H1e4	15	0	16114T
H1e5	H1e	14	2	16256T
H1e5a	H1e5	15	0	9110C
H1e5b	H1e5	15	0	10922G
H1e6	H1e	14	0	9554A
H1e7	H1e	14	0	3511G
H1e8	H1e	14	1	5746A
H1e8a	H1e8	15	0	7119A
H1h	H1	13	2	7013A
H1h1	H1h	14	0	11914A!
H1h2	H1h	14	0	2851G 14148G 14420T
H1+152!	H1	13	3	152T!
H1i	H1+152!	14	2	6237A
H1i1	H1i	15	0	9300A
H1i2	H1i	15	1	12346T
H1i2a	H1i2	16	0	12026G
H1an	H1+152!	14	2	15394C
H1an1	H1an	15	1	13050G
H1an1a	H1an1	16	0	4454C
H1an2	H1an	15	0	151T 16325C
H1bb	H1+152!	14	0	11864C
H1j	H1	13	9	4733C
H1j1	H1j	14	3	16129G!
H1j1a	H1j1	15	2	3849A
H1j1a1	H1j1a	16	0	447G
H1j1a2	H1j1a	16	0	11144T
H1j1b	H1j1	15	0	11087C
H1j1c	H1j1	15	0	9181G 11963C
H1j2	H1j	14	1	1821G 13708A 16291T
H1j2a	H1j2	15	0	316A
H1j3	H1j	14	0	5249C
H1j4	H1j	14	0	16312G
H1j5	H1j	14	0	9290A 10256C
H1j6	H1j	14	0	709A 3084G 9653C
H1j7	H1j	14	0	6353G 14178C 15497A
H1j8	H1j	14	0	2222G 16240G
H1j9	H1j	14	0	2626C 16189T!
H1m	H1	13	1	15323A
H1m1	H1m	14	0	146T! 4171T 9468G
H1n	H1	13	2	2098A
H1n+146T!	H1n	14	5	146T!
H1n1	H1n+146T!	15	2	15742A
H1n1a	H1n1	16	0	11339C
H1n1b	H1n1	16	0	15924G 16468C
H1n2	H1n+146T!	15	0	5483C 13431T
H1n3	H1n+146T!	15	0	7295G
H1n4	H1n+146T!	15	0	11914A!
H1n+146T! +195T!	H1n+146T!	15	1	195T!
H1n5	H1n+146T! +195T!	16	0	471C
H1n6	H1n	14	0	552A 11551G 14221C
H1+16355	H1	13	2	16355T
H1o	H1+16355	14	0	150T 14053G
H1ck	H1+16355	14	0	7604A
H1p	H1	13	0	13470G
H1q	H1	13	3	4859C
H1q1	H1q	14	1	12366G
H1q1a	H1q1	15	0	16256T
H1q2	H1q	14	0	15941C
H1q3	H1q	14	0	8856A 14258A 16037G
H1r	H1	13	1	9356T
H1r1	H1r	14	0	146T! 16278C!
H1s	H1	13	1	8572A
H1s1	H1s	14	0	12172G
H1t	H1	13	2	9986A
H1t1	H1t	14	1	14129T
H1t1a	H1t1	15	1	14224G
H1t1a1	H1t1a	16	0	16266T
H1t2	H1t	14	0	5978G
H1u	H1	13	2	9923T
H1u1	H1u	14	0	7975G
H1u2	H1u	14	0	3483A 16320T
H1v	H1	13	1	10314T
H1v1	H1v	14	2	4313C
H1v1a	H1v1	15	0	9148C
H1v1b	H1v1	15	0	14560A
H1w	H1	13	0	8966C
H1x	H1	13	0	7765G 10410A 16037G 16256T
H1ae	H1	13	3	15553A
H1ae1	H1ae	14	0	8470G
H1ae2	H1ae	14	1	11696A
H1ae2a	H1ae2	15	0	8843C
H1ae3	H1ae	14	1	8723A 12771A
H1ae3a	H1ae3	15	0	5231A
H1af	H1	13	2	16357C
H1af1	H1af	14	2	15646T
H1af1a	H1af1	15	0	9078C
H1af1b	H1af1	15	0	16129G!
H1af2	H1af	14	0	4137T
H1ag	H1	13	1	14869A
H1ag1	H1ag	14	2	6272G
H1ag1a	H1ag1	15	0	12940A 16218T
H1ag1b	H1ag1	15	0	6734A
H1ah	H1	13	2	8950A 12507G
H1ah1	H1ah	14	0	200G 3411G 7412T 16248T
H1ah2	H1ah	14	0	6261A 16212G
H1ai	H1	13	1	15088T
H1ai1	H1ai	14	0	6722A
H1aj	H1	13	1	14133G
H1aj1	H1aj	14	1	8618C 16192T
H1aj1a	H1aj1	15	0	207A 9621A 16172C 16456A
H1ak	H1	13	2	3666A
H1ak1	H1ak	14	0	5393C
H1ak2	H1ak	14	0	4435G
H1am	H1	13	1	4763A
H1am1	H1am	14	0	5309G
H1+16278!	H1	13	2	16278C!
H1ao	H1+16278!	14	1	93G 146T! 11809C
H1ao1	H1ao	15	0	11914A!
H1cg	H1+16278!	14	0	4767G
H1ap	H1	13	1	8410T
H1ap1	H1ap	14	0	152T! 5780A 16189T!
H1aq	H1	13	1	13386C
H1aq1	H1aq	14	0	15304A 16218T
H1ar	H1	13	1	183G 16468C
H1ar1	H1ar	14	0	11890G 16302G
H1as	H1	13	2	4688C
H1as1	H1as	14	1	150T 6216C
H1as1a	H1as1	15	0	16261T
H1as2	H1as	14	0	980C
H1at	H1	13	1	15758G
H1at1	H1at	14	1	7337A
H1at1a	H1at1	15	0	12136C
H1au	H1	13	1	16148T
H1au1	H1au	14	2	11515A
H1au1a	H1au1	15	0	1664A
H1au1b	H1au1	15	0	1719A
H1av	H1	13	1	7762A
H1av1	H1av	14	1	150T
H1av1a	H1av1	15	0	4674G
H1aw	H1	13	1	460C 8701G! 16129G!
H1aw1	H1aw	14	0	7403G
H1ax	H1	13	1	5054C 7471T 8429T
H1ax1	H1ax	14	0	14861A
H1ay	H1	13	0	9708C
H1az	H1	13	0	8308G
H1ba	H1	13	1	16270T
H1ba1	H1ba	14	0	16276C
H1bc	H1	13	0	152T! 10325A
H1bd	H1	13	0	9966A
H1be	H1	13	0	10750G 13035T
H1+16239T	H1	13	4	16239T
H1bf	H1+16239T	14	1	13768C
H1bf1	H1bf	15	0	16242T
H1bg	H1+16239T	14	0	5054A 7849T
H1bh	H1+16239T	14	0	11377A
H1ch	H1+16239T	14	0	1462A
H1bi	H1	13	0	3745A
H1bj	H1	13	0	10295G
H1bk	H1	13	0	11084G
H1bm	H1	13	0	4216C
H1bn	H1	13	0	8245G
H1bo	H1	13	0	267C 485C 6446T 11002G 15844G
H1bp	H1	13	0	10003C
H1bq	H1	13	0	14467G
H1br	H1	13	0	10454C
H1bs	H1	13	0	16220C
H1bt	H1	13	1	16527T
H1bt1	H1bt	14	0	10348C 12007A
H1bu	H1	13	0	1811G 5558G
H1bv	H1	13	1	12681C
H1bv1	H1bv	14	0	8164T 16362C
H1bw	H1	13	0	8478T
H1bx	H1	13	0	789C 8740T
H1bz	H1	13	0	1531T 4924A 16240G
H1ca	H1	13	0	4316G 6515G
H1+16311T!	H1	13	1	16311T!
H1cd	H1+16311T!	14	0	9722C 10316G 12373G 16217C
H1cf	H1	13	0	16260T
H1ci	H1	13	0	12454A 14914G 15016T
H1cj	H1	13	0	3221G 8705C 9581C 11204C 16129G!
H2	H	12	2	1438A
H2a	H2	13	5	4769A
H2a1	H2a	14	12	951A 16354T
H2a1a	H2a1	15	2	6173T 13095C
H2a1a1	H2a1a	16	0	979T 3567T 12127A 13272T
H2a1a2	H2a1a	16	0	6620C 9862A 11077G 14494C
H2a1b	H2a1	15	2	5978G 13395G
H2a1b1	H2a1b	16	0	210G
H2a1b2	H2a1b	16	0	72G 2195G 16256T
H2a1c	H2a1	15	0	3834A
H2a1d	H2a1	15	0	4769G! 6260A 8679G
H2a1e	H2a1	15	1	575T
H2a1e1	H2a1e	16	2	751G
H2a1e1a	H2a1e1	17	1	16124C
H2a1e1a1	H2a1e1a	18	0	16148T 16166G
H2a1e1b	H2a1e1	17	0	4715G 5899.XC
H2a1f	H2a1	15	2	16193T
H2a1f1	H2a1f	16	0	127C
H2a1f2	H2a1f	16	0	150T
H2a1g	H2a1	15	0	8065A
H2a1i	H2a1	15	0	113T 16145A
H2a1j	H2a1	15	0	444G 14189G
H2a1k	H2a1	15	0	3396C
H2a1m	H2a1	15	0	195T! 2442C
H2a1+146T!	H2a1	15	1	146T!
H2a1n	H2a1+146T!	16	0	4659A
H2a2	H2a	14	2	750A
H2a2a	H2a2	15	2	8860A 15326A
H2a2a1	H2a2a	16	8	263A
H2a2a1a	H2a2a1	17	0	15314A
H2a2a1b	H2a2a1	17	0	9299G
H2a2a1c	H2a2a1	17	0	6632C 16051G
H2a2a1d	H2a2a1	17	0	16172C
H2a2a1e	H2a2a1	17	0	8182T
H2a2a1f	H2a2a1	17	0	93G
H2a2a1g	H2a2a1	17	0	16189T!
H2a2a1h	H2a2a1	17	0	16320T
H2a2a2	H2a2a	16	0	152T! 6716G
H2a2+(16235G)	H2a2	15	1	16235G
H2a2b	H2a2+(16235G)	16	5	16291T
H2a2b1	H2a2b	17	1	16293G
H2a2b1a	H2a2b1	18	1	3388A
H2a2b1a1	H2a2b1a	19	0	16400T
H2a2b2	H2a2b	17	0	8634C
H2a2b3	H2a2b	17	0	4080C
H2a2b4	H2a2b	17	0	5460A
H2a2b5	H2a2b	17	1	14305A
H2a2b5a	H2a2b5	18	0	11914A! 12954C
H2a3	H2a	14	2	10810C! 16274A
H2a3a	H2a3	15	1	1462A
H2a3a1	H2a3a	16	0	2749G
H2a3b	H2a3	15	0	14693G
H2a4	H2a	14	0	11140T
H2a5	H2a	14	2	13708A
H2a5a	H2a5	15	1	1842G
H2a5a1	H2a5a	16	2	16291T
H2a5a1a	H2a5a1	17	0	4592C
H2a5a1b	H2a5a1	17	0	11233C
H2a5b	H2a5	15	2	8843C
H2a5b1	H2a5b	16	0	249d
H2a5b2	H2a5b	16	0	11086G 16183G
H2+152C! 16311T!	H2	13	2	152T! 16311T!
H2b	H2+152C! 16311T!	14	0	8598C
H2c	H2+152C! 16311T!	14	1	13708A 13934T
H2c1	H2c	15	0	152T 194T 205A 3334G
H3	H	12	38	6776C
H3+152!	H3	13	5	152T!
H3a	H3+152!	14	1	16239G
H3a1	H3a	15	1	13404C
H3a1a	H3a1	16	0	14125T
H3g	H3+152!	14	4	10754C
H3g1	H3g	15	2	3992T 4418C
H3g1a	H3g1	16	0	15377G
H3g1b	H3g1	16	0	8950A
H3g2	H3g	15	0	735G
H3g3	H3g	15	0	9196A
H3g4	H3g	15	0	13611G
H3i	H3+152!	14	1	5893T
H3i1	H3i	15	0	5213T
H3j	H3+152!	14	0	6351C
H3k	H3+152!	14	1	14687G
H3k1	H3k	15	1	11590G
H3k1a	H3k1	16	0	12217G
H3b	H3	13	1	2581G
H3b+16129G!	H3b	14	7	16129G!
H3b1	H3b+16129G!	15	2	5147A 16256T
H3b1a	H3b1	16	0	1290T
H3b1b	H3b1	16	1	153G
H3b1b1	H3b1b	17	1	13813A 16111T
H3b1b1a	H3b1b1	18	0	3832A
H3b2	H3b+16129G!	15	0	6638C
H3b3	H3b+16129G!	15	0	4924A
H3b4	H3b+16129G!	15	1	417A
H3b4a	H3b4	16	0	12447G
H3b5	H3b+16129G!	15	0	5911T
H3b6	H3b+16129G!	15	1	73A!
H3b6a	H3b6	16	0	3396C
H3b7	H3b+16129G!	15	0	5471A
H3c	H3	13	3	12957C
H3c1	H3c	14	0	1536G
H3c2	H3c	14	3	195T! 16176T
H3c2a	H3c2	15	1	14200C
H3c2a1	H3c2a	16	0	6425C
H3c2b	H3c2	15	1	14305A
H3c2b1	H3c2b	16	0	1211A
H3c2c	H3c2	15	0	5896T
H3c3	H3c	14	0	260A 15769G 16278C!
H3+73!	H3	13	1	73A!
H3d	H3+73!	14	0	761G
H3e	H3	13	0	1618G 15592G
H3+16311T!	H3	13	3	16311T!
H3h	H3+16311T!	14	7	12811C
H3h1	H3h	15	0	8705C
H3h2	H3h	15	1	5960T 16093C
H3h2a	H3h2	16	0	16266T
H3h3	H3h	15	2	13967T
H3h3a	H3h3	16	0	15470C
H3h3b	H3h3	16	0	3915A
H3h4	H3h	15	0	146T! 217C 11944C 13713T
H3h5	H3h	15	0	10589A
H3h6	H3h	15	0	4025T
H3h7	H3h	15	0	93G
H3m	H3+16311T!	14	0	14501G
H3n	H3+16311T!	14	0	15781T 16104T 16176T
H3p	H3	13	0	16222T
H3q	H3	13	1	3970T
H3q1	H3q	14	0	12236A
H3r	H3	13	1	961C
H3r1	H3r	14	0	1888A
H3s	H3	13	0	194T 6953G 13105G!
H3t	H3	13	0	7148C
H3u	H3	13	1	9966A
H3u1	H3u	14	0	5899.XC 14319C 15380G 16148T
H3v	H3	13	2	408A
H3v1	H3v	14	0	3345C 8841T 9117C 10685A
H3v+16093C	H3v	14	1	16093C
H3v2	H3v+16093C	15	0	73A! 8939C 12401T 14148G
H3w	H3	13	0	3613T 5999C 16248T
H3x	H3	13	1	16368C
H3x1	H3x	14	0	3615G 8937C 11914A! 16293G
H3y	H3	13	0	2352C 4512A 5480G
H3z	H3	13	2	293C
H3z1	H3z	14	0	12346T 15530C
H3z2	H3z	14	0	493G 4315G 15917T
H3aa	H3	13	0	10535C
H3ab	H3	13	0	4386C 10724C
H3ac	H3	13	0	6266G
H3ad	H3	13	0	5054C
H3ae	H3	13	0	12441C
H3af	H3	13	0	8470G 16129G!
H3ag	H3	13	1	6293C
H3ag1	H3ag	14	0	10410C 15204C
H3ah	H3	13	0	10247G
H3ai	H3	13	0	9693T
H3aj	H3	13	0	8718G
H3ak	H3	13	0	143A 9325C 16362C
H3am	H3	13	0	182T!!
H3an	H3	13	0	251A
H3ao	H3	13	1	16256T
H3ao1	H3ao	14	0	16170G
H3ap	H3	13	0	10915C!
H3aq	H3	13	0	1018A!
H3ar	H3	13	0	10310A
H3as	H3	13	0	9316C
H3at	H3	13	1	15224T
H3at1	H3at	14	0	2156.1A 9525A
H3au	H3	13	0	12372A
H3+16189T!	H3	13	1	16189T!
H3av	H3+16189T!	14	0	152T! 7849T 8383C
H4	H	12	4	3992T 5004C 9123A
H4a	H4	13	2	4024G 14582G
H4a1	H4a	14	3	14365T
H4a1a	H4a1	15	4	8269A
H4a1a1	H4a1a	16	1	10044G
H4a1a1a	H4a1a1	17	4	73A!
H4a1a1a1	H4a1a1a	18	1	10034C
H4a1a1a1a	H4a1a1a1	19	1	10007C
H4a1a1a1a1	H4a1a1a1a	20	0	1656G 11440A
H4a1a1a2	H4a1a1a	18	0	14325C
H4a1a1a3	H4a1a1a	18	0	15244G 16287T
H4a1a1a4	H4a1a1a	18	0	960.XC 7870C
H4a1a2	H4a1a	16	1	13708A
H4a1a2a	H4a1a2	17	1	10124C 14956C
H4a1a2a1	H4a1a2a	18	0	6040G
H4a1a+195T!	H4a1a	16	2	195T!
H4a1a3	H4a1a+195T!	17	1	13889A
H4a1a3a	H4a1a3	18	0	5773A
H4a1a4	H4a1a+195T!	17	2	14569A
H4a1a4a	H4a1a4	18	0	9615C
H4a1a4b	H4a1a4	18	2	12642G 15884A
H4a1a4b1	H4a1a4b	19	0	16286G
H4a1a4b2	H4a1a4b	19	0	6951A
H4a1a5	H4a1a	16	0	8380C
H4a1c	H4a1	15	2	15930A
H4a1c1	H4a1c	16	1	15497A
H4a1c1a	H4a1c1	17	0	7581C
H4a1c2	H4a1c	16	0	7859A 16179A
H4a1d	H4a1	15	0	7356A 7521A!
H4a2	H4a	14	0	3624G 16235G
H4b	H4	13	1	10166C
H4b1	H4b	14	0	153G 195C 16093C
H4c	H4	13	1	9276A
H4c1	H4c	14	0	73A! 16248T
H4d	H4	13	0	482C
H5'36	H	12	2	456T
H5	H5'36	13	17	16304C
H5a	H5	14	9	4336C
H5a1	H5a	15	14	15833T
H5a1a	H5a1	16	0	721C
H5a1b	H5a1	16	0	11719A!
H5a1c	H5a1	16	2	4095T 13194A
H5a1c1	H5a1c	17	1	9055A
H5a1c1a	H5a1c1	18	0	2851G
H5a1c2	H5a1c	17	0	9386C 16243C
H5a1d	H5a1	16	0	8803T
H5a1e	H5a1	16	0	16166G
H5a1f	H5a1	16	0	961C
H5a1g	H5a1	16	2	16172C
H5a1g1	H5a1g	17	1	444G 9804A 16311T!
H5a1g1a	H5a1g1	18	0	1284C 7517G
H5a1g2	H5a1g	17	0	16291T
H5a1h	H5a1	16	0	9392T
H5a1i	H5a1	16	0	5051G 16153A
H5a1j	H5a1	16	0	16209C
H5a1k	H5a1	16	0	12864C
H5a1+152C!	H5a1	16	2	152T!
H5a1m	H5a1+152C!	17	0	11221G
H5a1n	H5a1+152C!	17	0	710C
H5a1+16093C	H5a1	16	1	16093C
H5a1p	H5a1+16093C	17	0	15638T
H5a1q	H5a1	16	0	4916G
H5a2	H5a	15	1	5839T
H5a2a	H5a2	16	0	3310T
H5a3	H5a	15	2	513A 15884A
H5a3a	H5a3	16	3	10915C!
H5a3a1	H5a3a	17	0	93G 9123A
H5a3a+152C!	H5a3a	17	1	152T!
H5a3a2	H5a3a+152C!	18	0	9515T
H5a3a3	H5a3a	17	0	12384C
H5a3b	H5a3	16	0	12648G
H5a4	H5a	15	1	3753C 16294T
H5a4a	H5a4	16	1	16320T
H5a4a1	H5a4a	17	1	593C 15139C
H5a4a1a	H5a4a1	18	0	1520C
H5a5	H5a	15	0	146T! 7025G
H5a+152C!	H5a	15	1	152T!
H5a6	H5a+152C!	16	1	5319G 8563G
H5a6a	H5a6	17	0	769A! 5450T
H5a7	H5a	15	0	8557A 15175T
H5a8	H5a	15	0	11969A
H5a9	H5a	15	0	5821A
H5b	H5	14	5	5471A
H5b1	H5b	15	0	146T! 195T! 14497G
H5b2	H5b	15	0	327T 12864C
H5b3	H5b	15	0	6923G
H5b4	H5b	15	0	189G 8011G 8188G 14311G
H5b5	H5b	15	0	14488C
H5c	H5	14	2	12127A
H5c1	H5c	15	1	11944C
H5c1a	H5c1	16	0	15157G
H5c2	H5c	15	0	3819T 16213A
H5d	H5	14	0	5082C
H5e	H5	14	1	16294T
H5e1	H5e	15	2	8343G 12771A
H5e1a	H5e1	16	1	13434G
H5e1a1	H5e1a	17	0	722T
H5e1b	H5e1	16	0	7474G
H5f	H5	14	0	6425C
H5g	H5	14	0	16325C
H5h	H5	14	0	4796T 16235G
H5j	H5	14	0	1005C 9468G 10754G 13614G 15082T 15244G
H5k	H5	14	0	2626C 8020A
H5m	H5	14	0	146T! 15883A
H5n	H5	14	0	373G
H5p	H5	14	0	15930A
H5+16192T	H5	14	1	16192T
H5q	H5+16192T	15	0	8975C
H5+16311T!	H5	14	3	16311T!
H5r	H5+16311T!	15	2	207A 10410C 13725T
H5r1	H5r	16	0	7961C
H5r2	H5r	16	0	15930A
H5s	H5+16311T!	15	0	5302C 16391A
H5t	H5+16311T!	15	0	8473C 8593G 16124C
H5u	H5	14	1	16400T
H5u1	H5u	15	0	10595C 11914A! 12855G
H5+709A	H5	14	1	709A
H5v	H5+709A	15	0	9325C
H36	H5'36	13	0	152T! 3525A 8578T 13056T 16070G
H6	H	12	3	239C 16362C 16482G
H6a	H6	13	2	3915A 9380A
H6a1	H6a	14	2	4727G
H6a1a	H6a1	15	10	11253C
H6a1a1	H6a1a	16	1	5460A
H6a1a1a	H6a1a1	17	0	7325G 9362G 11611A 16311T!
H6a1a2	H6a1a	16	2	7202G
H6a1a2a	H6a1a2	17	0	41T
H6a1a2b	H6a1a2	17	1	9773T 11662C
H6a1a2b1	H6a1a2b	18	0	3705A
H6a1a3	H6a1a	16	1	5785C
H6a1a3a	H6a1a3	17	0	827G
H6a1a4	H6a1a	16	0	10237C
H6a1a5	H6a1a	16	0	10936T
H6a1a6	H6a1a	16	0	288G
H6a1a7	H6a1a	16	0	150T 7805A
H6a1a8	H6a1a	16	1	16298C
H6a1a8a	H6a1a8	17	0	6185C 16145A
H6a1a9	H6a1a	16	0	13953C
H6a1a10	H6a1a	16	0	3548C
H6a1b	H6a1	15	4	10589A
H6a1b1	H6a1b	16	0	6218G 7859A 8563G 15930A 16284G
H6a1b2	H6a1b	16	5	9254G
H6a1b2a	H6a1b2	17	0	12975G
H6a1b2b	H6a1b2	17	0	6261A
H6a1b2c	H6a1b2	17	0	13869C
H6a1b2d	H6a1b2	17	0	16066G
H6a1b2e	H6a1b2	17	0	15928A
H6a1b3	H6a1b	16	2	204C 16193T 16219G
H6a1b3a	H6a1b3	17	0	10463C 13768C
H6a1b3b	H6a1b3	17	0	13359A
H6a1b4	H6a1b	16	0	16249C
H6a2	H6a	14	1	11155T
H6a2a	H6a2	15	0	15940C
H6b	H6	13	2	14040A 16300G
H6b1	H6b	14	0	44.1C 152T!
H6b2	H6b	14	0	16325C
H6c	H6	13	1	6869T 9804A
H6c1	H6c	14	0	14185T 16400T
H7	H	12	9	4793G
H7a	H7	13	2	1719A
H7a1	H7a	14	4	16261T
H7a1a	H7a1	15	0	93G 11167G
H7a1b	H7a1	15	0	1393A
H7a1c	H7a1	15	0	9833C
H7a1d	H7a1	15	0	8286C
H7a2	H7a	14	0	10253C 16176T
H7b	H7	13	6	5348T
H7b1	H7b	14	0	12351C
H7b2	H7b	14	1	13323T
H7b2a	H7b2	15	0	15862C
H7b3	H7b	14	0	3335C
H7b4	H7b	14	0	4688C
H7b5	H7b	14	0	11314G
H7b6	H7b	14	0	15942C
H7c	H7	13	6	6296A
H7c1	H7c	14	0	16265G
H7c2	H7c	14	0	13959T
H7c3	H7c	14	0	9329A 15459T
H7c4	H7c	14	0	16265C
H7c5	H7c	14	0	11020G 11992C
H7c6	H7c	14	0	8557A 15497A
H7d	H7	13	5	15409T
H7d1	H7d	14	0	2283T 13032G
H7d2	H7d	14	1	291.1A 11887A
H7d2a	H7d2	15	0	14871C
H7d3	H7d	14	1	12630A
H7d3a	H7d3	15	0	14405G
H7d4	H7d	14	0	6152C 7299G 11827C 14162A
H7d5	H7d	14	0	6962A 8639G 9380A 16342C
H7e	H7	13	0	8026T 9527T
H7f	H7	13	0	16168T
H7g	H7	13	0	7472T
H7h	H7	13	1	16213A
H7h1	H7h	14	0	8573A
H7i	H7	13	1	228A 3984T 11016A 11971T
H7i1	H7i	14	0	143A
H+195!	H	12	5	195T!
H+195!+146!	H+195!	13	2	146T!
H8	H+195!+146!	14	2	709A 13101C 16288C 16362C
H8a	H8	15	1	16111T
H8a1	H8a	16	0	16167T
H8+114	H8	15	2	114T
H8b	H8+114	16	1	12490G
H8b1	H8b	17	0	7765G
H8a+152!	H8+114	16	1	152T!
H8c	H8a+152!	17	2	13711A
H8c1	H8c	18	0	5082C 14071G
H8c2	H8c	18	0	210G 9114G 16153A
H31	H+195!+146!	14	2	7930T 10771G
H31a	H31	15	0	72G
H31b	H31	15	0	15247T
H11	H+195!	13	2	8448C 13759A 16311T!
H11a	H11	14	8	961G 16293G
H11a1	H11a	15	0	8898T 16278C!
H11a2	H11a	15	1	14587G 16092C
H11a2a	H11a2	16	3	16140C
H11a2a1	H11a2a	17	0	3145G
H11a2a2	H11a2a	17	0	5585A 15670C 16265G
H11a2a3	H11a2a	17	0	9521T
H11a3	H11a	15	0	16243C
H11a4	H11a	15	0	5899.XC 16111T
H11a5	H11a	15	0	15040T
H11a6	H11a	15	0	1719A 5979A 16525G
H11a+152C!	H11a	15	1	152T!
H11a7	H11a+152C!	16	0	9911T
H11a8	H11a	15	0	14325C
H11b	H11	14	1	13572C
H11b1	H11b	15	0	7645C
H12	H+195!	13	1	3936T 14552G
H12a	H12	14	0	16287T
H91	H+195!	13	0	335G
H108	H+195!	13	0	3808G
H+152C!	H	12	7	152T!
H9	H+152C!	13	1	13020C
H9a	H9	14	0	3591A 4310G 16168T
H32	H+152C!	13	0	73A! 8557A
H46	H+152C!	13	2	2772T
H46a	H46	14	0	6743C 10754G
H46b	H46	14	0	11893G
H52	H+152C!	13	0	14220G
H69	H+152C!	13	0	4646C
H103	H+152C!	13	0	2352C 3834A 4243G 7299G 16295T
H107	H+152C!	13	0	16209C 16261T
H10	H	12	6	14470A
H10a	H10	13	1	4216C
H10a1	H10a	14	2	16114T
H10a1a	H10a1	15	1	14548G
H10a1a1	H10a1a	16	0	13711A
H10a1b	H10a1	15	0	513A 7220C 10325A 16344T
H10b	H10	13	1	9091G
H10b1	H10b	14	0	12153T
H10c	H10	13	1	709A 6734A
H10c1	H10c	14	0	1888A 15287C
H10d	H10	13	0	533G
H10+(16093C)	H10	13	3	16093C
H10e	H10+(16093C)	14	3	16221T
H10e1	H10e	15	1	13830C
H10e1a	H10e1	16	0	16266T
H10e2	H10e	15	0	14602G
H10e3	H10e	15	1	5918C
H10e3a	H10e3	16	0	961C
H10f	H10+(16093C)	14	0	1842G
H10g	H10+(16093C)	14	0	16272G
H10h	H10	13	0	3381G 8888C 9966A
H13	H	12	3	14872T
H13a	H13	13	2	2259T
H13a1	H13a	14	4	4745G
H13a1a	H13a1	15	6	13680T
H13a1a1	H13a1a	16	5	7337A 13326C
H13a1a1a	H13a1a1	17	0	14831A
H13a1a1b	H13a1a1	17	0	14727C
H13a1a1c	H13a1a1	17	0	15412C
H13a1a1d	H13a1a1	17	1	709A 8842G 16261T 16311T!
H13a1a1d1	H13a1a1d	18	0	10101C
H13a1a1e	H13a1a1	17	0	7830A
H13a1a2	H13a1a	16	2	13542G
H13a1a2+16311T!	H13a1a2	17	1	16311T!
H13a1a2a	H13a1a2+16311T!	18	0	9449T 15712G 16278C!
H13a1a2b	H13a1a2	17	0	146T! 2701A 12651A 15758G
H13a1a3	H13a1a	16	0	14239T
H13a1a4	H13a1a	16	0	8381G
H13a1a5	H13a1a	16	0	9801A
H13a1a6	H13a1a	16	0	228A 16207G
H13a1b	H13a1	15	0	153G 4231G 7903G
H13a1c	H13a1	15	0	3744G 16244A
H13a1+152C!	H13a1	15	1	152T!
H13a1d	H13a1+152C!	16	0	16234T
H13a2	H13a	14	3	709A
H13a2a	H13a2	15	1	1008G
H13a2a1	H13a2a	16	0	4011T 12662G
H13a2b	H13a2	15	5	13762G
H13a2b1	H13a2b	16	0	4639C 15001C 16311T!
H13a2b2	H13a2b	16	1	10463C 13575T
H13a2b2a	H13a2b2	17	0	15713G
H13a2b3	H13a2b	16	0	73A! 143A
H13a2b4	H13a2b	16	0	1438A 8266G 9548A 15217A
H13a2b5	H13a2b	16	0	14863T 16278C!
H13a2c	H13a2	15	1	6827C 15218G 16256T 16319A
H13a2c1	H13a2c	16	0	189G 16148T
H13b	H13	13	2	4107T 16362C
H13b1	H13b	14	1	11485C 16261T
H13b1+200G	H13b1	15	2	200G
H13b1a	H13b1+200G	16	0	13620C
H13b1b	H13b1+200G	16	0	7403G 11440A 16291T
H13b2	H13b	14	0	2713T 15109C
H13c	H13	13	2	8206A
H13c1	H13c	14	1	5568G
H13c1a	H13c1	15	0	10202T 11314G
H13c2	H13c	14	0	143A 16129G! 16300G
H14	H	12	2	7645C 10217G
H14a	H14	13	2	16256T 16352C
H14a+146T!	H14a	14	1	146T!
H14a1	H14a+146T!	15	0	12870T
H14a2	H14a	14	3	6182A
H14a2a	H14a2	15	0	8296G 16294T
H14a2b	H14a2	15	0	1462A 8227C
H14a2c	H14a2	15	0	1438A 14569A
H14b	H14	13	4	152T! 3197C
H14b1	H14b	14	0	3906C 11864C 16126C
H14b2	H14b	14	1	7610T 9689G
H14b2a	H14b2	15	0	197G 9148C
H14b3	H14b	14	0	5319G 16260T
H14b4	H14b	14	0	12834G
H15	H	12	2	55C 57C 6253C
H15a	H15	13	1	11410C
H15a1	H15a	14	2	14953T
H15a1a	H15a1	15	1	11143T
H15a1a1	H15a1a	16	0	16366T
H15a1b	H15a1	15	0	44.1C 146T! 11914A! 16184T
H15b	H15	13	2	3847C
H15b1	H15b	14	0	15715G
H15b2	H15b	14	0	8699C 13818C
H16	H	12	3	10394T
H16+152C!	H16	13	3	152T!
H16a	H16+152C!	14	1	8592A
H16a1	H16a	15	0	15340G
H16c	H16+152C!	14	0	9071T
H16d	H16+152C!	14	0	14155T 14869C
H16b	H16	13	0	9129T
H16e	H16	13	0	14249A 14364A
H+16129G!	H	12	2	16129G!
H17	H+16129G!	13	3	3915A
H17a	H17	14	2	6296T
H17a1	H17a	15	0	12346T 16291T
H17a2	H17a	15	0	593C
H17b	H17	14	0	8895A
H17c	H17	14	0	73A! 12397G 16239T
H27	H+16129G!	13	5	11719A! 16316G
H27+16093C	H27	14	2	16093C
H27a	H27+16093C	15	0	9391T
H27b	H27+16093C	15	0	16258C
H27c	H27	14	0	4838C
H27d	H27	14	0	380A
H27e	H27	14	0	8281d 8282d 8283d 8284d 8285d 8286d 8287d 8288d 8289d
H27f	H27	14	0	13827G 16291T
H+13708A	H	12	2	13708A
H18	H+13708A	13	1	14364A
H18b	H18	14	0	13105G!
H19	H+13708A	13	0	85A 7598A
H20	H	12	3	16218T
H20a	H20	13	2	16328A
H20a1	H20a	14	1	249d
H20a1a	H20a1	15	0	292C 16362C
H20a2	H20a	14	0	9756G
H20b	H20	13	0	2835T 10115C 14968C 15562G 15758G
H20c	H20	13	0	7334C
H21	H	12	0	186T 3822T 8994A 16192T
H22	H	12	0	16145A 16227G
H23	H	12	0	10211T
H24	H	12	2	16293G
H24a	H24	13	2	3333T
H24a1	H24a	14	0	5261A 16234T
H24a2	H24a	14	0	11440A
H24b	H24	13	0	1719A
H25	H	12	0	9620T
H26	H	12	3	11152C
H26a	H26	13	1	9545G
H26a1	H26a	14	2	13500C
H26a1a	H26a1	15	1	14203G
H26a1a1	H26a1a	16	0	196C 12651A
H26a1b	H26a1	15	0	16170G 16390A
H26b	H26	13	0	11399C 12810G 16320T
H26c	H26	13	0	146T! 10562G
H28	H	12	1	186A
H28a	H28	13	2	8715C 11191T
H28a1	H28a	14	0	2239G 15758G
H28a2	H28a	14	0	5495C
H29	H	12	2	93G 573.XC 5582G
H29a	H29	13	0	9156G
H29b	H29	13	0	13635A
H30	H	12	2	8200C
H30a	H30	13	0	12133T 14979C
H30b	H30	13	1	3010A
H30b1	H30b	14	0	152T! 709A 9101C
H33	H	12	3	11447A
H33a	H33	13	0	3507T
H33b	H33	13	0	16172C 16400T
H33c	H33	13	0	10373A 16188T
H+16291T	H	12	3	16291T
H34	H+16291T	13	0	15519C
H64	H+16291T	13	0	11150A
H85	H+16291T	13	0	6323G 16390A
H35	H	12	1	3342T
H35a	H35	13	0	11253C
H39	H	12	3	16299G
H39a	H39	13	1	709A 16169T
H39a1	H39a	14	0	14553T
H39b	H39	13	0	5892C
H39c	H39	13	0	13362T
H40	H	12	2	7621C
H40a	H40	13	0	5752.1A
H40b	H40	13	0	7444A 7678C
H41	H	12	1	15617A
H41a	H41	13	0	262T 5460A 10124C 14118G
H42	H	12	1	9758C
H42a	H42	13	2	5498G 16294T
H42a1	H42a	14	0	11458G
H42a2	H42a	14	0	11989G 14502C
H43	H	12	0	7202G
H44	H	12	2	5442C
H44a	H44	13	1	9932A 14149T
H44a1	H44a	14	0	8843C 11044T
H44b	H44	13	0	195T! 13662T
H45	H	12	2	8843C
H45a	H45	13	0	9039A 12192A
H45b	H45	13	0	4164G 12130C
H47	H	12	1	9530C 12633T
H47a	H47	13	0	152T! 8756C 13020A
H48	H	12	0	11016A
H49	H	12	2	11560G
H49a	H49	13	2	15058T
H49a1	H49a	14	0	5082C
H49a2	H49a	14	0	93G 9612A
H49b	H49	13	0	15223T
H50	H	12	0	14831A
H51	H	12	1	11440A
H51a	H51	13	0	10704A 14239T
H53	H	12	0	9380A
H54	H	12	0	5585A
H55	H	12	2	10646A
H55a	H55	13	0	3387C 4709T
H55+153G	H55	13	1	153G
H55b	H55+153G	14	0	16189T!
H56	H	12	4	11788T
H56a	H56	13	1	13145A
H56a1	H56a	14	0	4654T
H56b	H56	13	0	12696C
H56c	H56	13	0	14129T
H56d	H56	13	0	153G
H57	H	12	0	64T 4317d
H58	H	12	1	15466A
H58a	H58	13	0	15721C
H59	H	12	1	12674G
H59a	H59	13	0	10283G
H60	H	12	1	5108C
H60a	H60	13	0	6971C
H61	H	12	1	1842G 11641G
H61a	H61	13	0	3509C 16192T
H62	H	12	0	14344G
H63	H	12	1	2159C 14193G
H63a	H63	13	0	12904G 16129G!
H65	H	12	1	15784C
H65a	H65	13	0	3010A 7805A
H66	H	12	1	7337A
H66a	H66	13	1	16172C
H66a1	H66a	14	0	16527T
H67	H	12	1	13147T
H67a	H67	13	0	5174T 8347G
H70	H	12	0	9033G
H71	H	12	0	6164T
H72	H	12	0	6647G 13785T 15927A
H73	H	12	1	4221A
H73a	H73	13	1	12477C 13500C 15658T
H73a1	H73a	14	0	11590G
H74	H	12	0	72G 12753G 14488C
H75	H	12	0	5821A 8592A
H76	H	12	1	8572A 16311T!
H76a	H76	13	0	152T! 16093C
H77	H	12	0	291.1A 8387A
H78	H	12	0	7002T
H79	H	12	1	12397G
H79a	H79	13	0	3010A
H80	H	12	0	2361A 16311T!
H81	H	12	1	15172A
H81a	H81	13	0	2056A 3421A 7382A 9677T 12063T
H82	H	12	0	16220G
H83	H	12	0	16212G
H84	H	12	0	1888A
H86	H	12	0	1809C
H87	H	12	0	8188G
H88	H	12	0	8596G
H89	H	12	0	6932G 8068T 12696C
H90	H	12	0	5435T 8911C 10237C 15109C
H92	H	12	0	9497C
H93	H	12	0	3535C
H94	H	12	0	14323A 16355T
H95	H	12	1	11069G
H95a	H95	13	0	10403G 14025C 15314A
H96	H	12	0	185A 189G 709A 13269G 14040A 16189T!
H100	H	12	0	12358G
H101	H	12	0	9230C 16184T
H102	H	12	0	3798T 14180C
H104	H	12	1	8723A
H104a	H104	13	0	5618C 8812G 16258G 16311T! 16325C
H105	H	12	1	9921A
H105a	H105	13	0	3010A
H106	H	12	0	6410T 16245T
R1	R	9	2	1391C 16311T!
R1a	R1	10	1	295A 3360G 4917G 5586T 5823G 6557T 6671C 7547C 8388C 8887G 10658G 10825G 13948T 14632T 15721C
R1a1	R1a	11	3	4026G 7424G
R1a1a	R1a1	12	2	5378G
R1a1a1	R1a1a	13	1	13105G! 13368A
R1a1a1a	R1a1a1	14	0	6261A
R1a1a2	R1a1a	13	0	5492C 8765T 11977T
R1a1b	R1a1	12	0	3796G 9101C
R1a1c	R1a1	12	0	6260A
R1b	R1	10	1	150T 241G 1095C 11151T 12245C 13167G 13359A 14239T 15940C
R1b1	R1b	11	0	513A 6683T 11122A
R2'JT	R	9	2	4216C
R2	R2'JT	10	1	152T! 4769A 7657C 8473C 9932A 10685A 12654G 14305A 16071T
R2+13500C	R2	11	4	13500C
R2+13500C +195T!	R2+13500C	12	1	195T!
R2a	R2+13500C +195T!	13	0	769A! 12519C
R2b	R2+13500C	12	1	8790A 9738A 14062G 14323A
R2b1	R2b	13	0	146T! 15204C
R2c	R2+13500C	12	0	146T! 573.XC 8994A 9861C 12793C 14185G 16320T
R2d	R2+13500C	12	0	8143C 13434G 13914A
JT	R2'JT	10	2	11251G 15452A 16126C
J	JT	11	2	295T 489C 10398A! 12612G 13708A 16069T
J1	J	12	3	462T 3010A
J1b	J1	13	9	8269A 16145A 16222T 16261T
J1b1	J1b	14	2	5460A 13879C
J1b1a	J1b1	15	3	242T 2158C 8557A 12007A
J1b1a1	J1b1a	16	5	16172C
J1b1a1a	J1b1a1	17	0	5463T 6911C 16192T
J1b1a1b	J1b1a1	17	0	15067C
J1b1a1c	J1b1a1	17	0	10C
J1b1a1d	J1b1a1	17	0	185A 6345C 7299G
J1b1a1+146T!	J1b1a1	17	1	146T!
J1b1a1e	J1b1a1+146T!	18	0	14470C
J1b1a2	J1b1a	16	2	199C 5964C 12396C 13308G 16187C!
J1b1a2a	J1b1a2	17	0	5585A 9494G
J1b1a2b	J1b1a2	17	0	4772C
J1b1a3	J1b1a	16	0	15442G
J1b1b	J1b1	15	3	271T
J1b1b1	J1b1b	16	3	10410A
J1b1b1a	J1b1b1	17	0	2707C 16290T
J1b1b1b	J1b1b1	17	0	5582G
J1b1b1c	J1b1b1	17	0	204C 207A 1438A 7747T 10942G 16256T
J1b1b2	J1b1b	16	0	152T! 9083C 16235G
J1b1b3	J1b1b	16	0	15941C
J1b2	J1b	14	1	1733T
J1b2a	J1b2	15	0	9667G 15466A 16136C
J1b3	J1b	14	2	8460G 16235G
J1b3a	J1b3	15	0	16271C
J1b3b	J1b3	15	1	15530C
J1b3b1	J1b3b	16	0	15172T 15490T
J1b4	J1b	14	1	3290C
J1b4a	J1b4	15	2	769A! 11084G 16287T
J1b4a1	J1b4a	16	0	4013T
J1b4a2	J1b4a	16	0	8222C
J1b5	J1b	14	1	10274C 13145A 16274A
J1b5a	J1b5	15	1	199C 709A 9324G 14455T
J1b5a1	J1b5a	16	0	6045A
J1b6	J1b	14	2	5501G
J1b6a	J1b6	15	0	4991A
J1b6b	J1b6	15	0	203C 16189T! 16288C
J1b7	J1b	14	1	150T 266C
J1b7a	J1b7	15	0	16086C
J1b8	J1b	14	0	152T! 4696C 9932A
J1b9	J1b	14	0	709A 10601A 16290T
J1c	J1	13	14	185A 228A 14798C
J1c1	J1c	14	8	482C 3394C
J1c1a	J1c1	15	0	9635C 11623T 13899C
J1c1b	J1c1	15	2	7184G
J1c1b1	J1c1b	16	1	5773A
J1c1b1a	J1c1b1	17	1	10463C
J1c1b1a1	J1c1b1a	18	0	15617A
J1c1b2	J1c1b	16	1	13953C 15725T
J1c1b2a	J1c1b2	17	0	1005C 13398G
J1c1c	J1c1	15	0	150T 16145A
J1c1d	J1c1	15	0	16213A
J1c1e	J1c1	15	0	10454C 16368C
J1c1f	J1c1	15	0	5276G 11227T
J1c1g	J1c1	15	1	11287C
J1c1g1	J1c1g	16	0	8020A
J1c1h	J1c1	15	0	9192A 16169T
J1c2	J1c	14	20	188G
J1c2a	J1c2	15	3	6293C
J1c2a1	J1c2a	16	1	7245G 8839A
J1c2a1a	J1c2a1	17	0	9181G
J1c2a2	J1c2a	16	0	6915A 16256T
J1c2a3	J1c2a	16	0	4790G 15043A
J1c2b	J1c2	15	5	4454C
J1c2b1	J1c2b	16	0	8853G 13506T! 14470C
J1c2b2	J1c2b	16	0	15511C
J1c2b3	J1c2b	16	0	5108C 16066G 16370A
J1c2b4	J1c2b	16	0	16086C
J1c2b5	J1c2b	16	0	6383A
J1c2c	J1c2	15	3	146T! 10685A 13281C 13933G
J1c2c1	J1c2c	16	1	222T
J1c2c1a	J1c2c1	17	0	3456C 9145A 16261A
J1c2c2	J1c2c	16	1	8865A
J1c2c2a	J1c2c2	17	0	12020T
J1c2c3	J1c2c	16	0	12397G
J1c2d	J1c2	15	0	6620C 8868C
J1c2e	J1c2	15	2	16366T
J1c2e1	J1c2e	16	0	16390A
J1c2e2	J1c2e	16	0	709A 4232C 8404C 16278C!
J1c2f	J1c2	15	0	9055A
J1c2g	J1c2	15	0	12311C 12379T 15119A
J1c2h	J1c2	15	0	222T
J1c2i	J1c2	15	0	5162C 7870C 8149G 16147T 16242T
J1c2j	J1c2	15	0	8727T 16362C 16390A
J1c2k	J1c2	15	0	3866C
J1c2l	J1c2	15	0	7891T 15199T 15936T
J1c2m	J1c2	15	1	16148T
J1c2m1	J1c2m	16	0	16235G 16368C
J1c2n	J1c2	15	1	8923G
J1c2n1	J1c2n	16	0	10101C 12891T
J1c2o	J1c2	15	0	16163G
J1c2p	J1c2	15	0	11177T
J1c2q	J1c2	15	1	8558T 13557G
J1c2q1	J1c2q	16	0	13145A
J1c2r	J1c2	15	0	11002G 13032G 14325C 16186T
J1c2s	J1c2	15	1	11016A
J1c2s1	J1c2s	16	0	114T 7364G
J1c2t	J1c2	15	0	15947G
J1c3	J1c	14	12	13934T
J1c3a	J1c3	15	2	9548A
J1c3a1	J1c3a	16	0	7711C
J1c3a2	J1c3a	16	0	9836C
J1c3b	J1c3	15	2	15367T
J1c3b1	J1c3b	16	1	5237A
J1c3b1a	J1c3b1	17	0	6261A
J1c3b2	J1c3b	16	0	4829G
J1c3c	J1c3	15	2	2706A 16222T
J1c3c1	J1c3c	16	0	8847T
J1c3c2	J1c3c	16	0	10227C
J1c3d	J1c3	15	0	1811G
J1c3e	J1c3	15	2	16390A
J1c3e1	J1c3e	16	0	13145A 14296G
J1c3e2	J1c3e	16	0	8865A
J1c3f	J1c3	15	0	12477C 16063C
J1c3g	J1c3	15	0	9755A
J1c3h	J1c3	15	0	8659G
J1c3i	J1c3	15	0	5442C 15758G
J1c3j	J1c3	15	0	12358G 16311T!
J1c3k	J1c3	15	0	10497T
J1c3+189G	J1c3	15	1	189G
J1c3m	J1c3+189G	16	0	16114T 16145A
J1c4	J1c	14	2	9632G 12083G
J1c4b	J1c4	15	0	9120G
J1c4c	J1c4	15	0	16278C!
J1c5	J1c	14	6	5198G
J1c5a	J1c5	15	1	2387C 10192T
J1c5a1	J1c5a	16	0	10598G
J1c5b	J1c5	15	0	8596G 10334T
J1c5c	J1c5	15	1	3531A 8734A
J1c5c1	J1c5c	16	0	3721G 8994A 16300G
J1c5d	J1c5	15	0	4688C 13434G
J1c5e	J1c5	15	0	15916C 16309G
J1c5f	J1c5	15	0	11087C 15924G 16311T!
J1c6	J1c	14	1	4025T
J1c6a	J1c6	15	0	2969G 3398C 10410C 12561A 15913T
J1c+16261	J1c	14	3	16261T
J1c7	J1c+16261	15	1	6554T 12127A 16092C
J1c7a	J1c7	16	0	6464A 13681G
J1c6+189	J1c+16261	15	2	189G
J1c12	J1c6+189	16	2	789C
J1c12a	J1c12	17	0	4084A
J1c12b	J1c12	17	0	13581C
J1c13	J1c6+189	16	0	204C 6249A 9219G 11503T
J1c14	J1c+16261	15	0	195T! 4491A 8940T 9120G 16274A 16355T
J1c8	J1c	14	2	10398A
J1c8a	J1c8	15	2	10084C 16319A
J1c8a1	J1c8a	16	1	9052G 16265G
J1c8a1a	J1c8a1	17	0	16189T!
J1c8a2	J1c8a	16	0	16265C
J1c8b	J1c8	15	0	10345C
J1c9	J1c	14	0	6887T
J1c10	J1c	14	1	5024T
J1c10a	J1c10	15	0	6716G
J1c11	J1c	14	1	16224C
J1c11a	J1c11	15	0	15262C
J1c15	J1c	14	2	12453C
J1c15a	J1c15	15	1	15113G
J1c15a1	J1c15a	16	0	5231A 11252G
J1c15b	J1c15	15	0	146T! 8152A 9117C 13917G 14182C 15514C 16527T
J1c16	J1c	14	0	152T! 12123T 15670C 16218T 16256T
J1c17	J1c	14	1	3847C
J1c17a	J1c17	15	0	2140A 12634G 16126T! 16311T!
J1+16193T	J1	13	1	16193T
J1d	J1+16193T	14	6	152T! 7789A 7963G
J1d1	J1d	15	2	16300G
J1d1a	J1d1	16	1	1007A 16309G
J1d1a1	J1d1a	17	1	13392C
J1d1a1a	J1d1a1	18	0	151T 13500C
J1d1b	J1d1	16	1	8633G
J1d1b1	J1d1b	17	0	3213G
J1d2	J1d	15	1	10166C 16186T
J1d2a	J1d2	16	0	13188T
J1d3	J1d	15	1	5262A
J1d3a	J1d3	16	2	7521A!
J1d3a1	J1d3a	17	0	5297T 5774C 15836G 15894A 16335G
J1d3a2	J1d3a	17	0	4011T
J1d4	J1d	15	0	9725C 12561A 13135A
J1d5	J1d	15	1	4853A 16274A
J1d5a	J1d5	16	0	204C 9090C
J1d6	J1d	15	1	9041G
J1d6a	J1d6	16	0	16301T
J2	J	12	2	150T 152T! 7476T 15257A
J2a	J2	13	2	195T! 10499G 11377A
J2a1	J2a	14	1	14133G
J2a1a	J2a1	15	2	215G 319C 513A 7789A 16145A 16231C
J2a1a1	J2a1a	16	5	13722G 16261T
J2a1a1a	J2a1a1	17	3	310.1T 1850C
J2a1a1a1	J2a1a1a	18	0	189G 10237C 15191C 16172C
J2a1a1a2	J2a1a1a	18	1	3447G
J2a1a1a2a	J2a1a1a2	19	0	7501C
J2a1a1a3	J2a1a1a	18	0	430C
J2a1a1b	J2a1a1	17	0	11518A 14793G
J2a1a1c	J2a1a1	17	0	15596A
J2a1a1d	J2a1a1	17	0	13753C
J2a1a1e	J2a1a1	17	0	16189T!
J2a1a2	J2a1a	16	1	6635C 16284G
J2a1a2a	J2a1a2	17	1	11857T
J2a1a2a1	J2a1a2a	18	1	11386C
J2a1a2a1a	J2a1a2a1	19	0	11204C
J2a2	J2a	14	5	152T 6671C 11002G 12570G 15679G
J2a2a	J2a2	15	2	235G 8386T
J2a2a1	J2a2a	16	1	11440A 12171G
J2a2a1+16311T!	J2a2a1	17	1	16311T!
J2a2a1a	J2a2a1+16311T!	18	1	152T! 9103C
J2a2a1a1	J2a2a1a	19	0	13813A
J2a2a2	J2a2a	16	0	11797G 13419G 16169T
J2a2b	J2a2	15	3	16241G
J2a2b1	J2a2b	16	1	189G
J2a2b1a	J2a2b1	17	0	5915T 14061T
J2a2b2	J2a2b	16	0	456T 13015C 13830C
J2a2b3	J2a2b	16	0	4688C 4802C 8078A 11416T 15672C
J2a2c	J2a2	15	1	16231C
J2a2c1	J2a2c	16	0	12672G 16214T
J2a2d	J2a2	15	0	5493C 7076G 8958T 11016A 13759A 15148A
J2a2e	J2a2	15	0	10685A 14364A
J2b	J2	13	2	5633T 15812A 16193T
J2b1	J2b	14	8	10172A
J2b1a	J2b1	15	6	16278C!
J2b1a1	J2b1a	16	1	14569A
J2b1a1a	J2b1a1	17	0	16126T! 16362C
J2b1a2	J2b1a	16	1	6216C
J2b1a2a	J2b1a2	17	0	6893T
J2b1a3	J2b1a	16	0	10966C
J2b1a4	J2b1a	16	0	7302C 15014C
J2b1a+16311T!	J2b1a	16	1	16311T!
J2b1a5	J2b1a+16311T!	17	0	6491T
J2b1a6	J2b1a	16	0	152T 9016G 9494G 15662G
J2b1b	J2b1	15	1	2404C 6962T 10389C
J2b1b1	J2b1b	16	0	7211A
J2b1c	J2b1	15	1	13899C
J2b1c1	J2b1c	16	0	16319A
J2b1d	J2b1	15	0	14769G
J2b1e	J2b1	15	1	8843C
J2b1e1	J2b1e	16	0	8290A 14950T 16438A
J2b1f	J2b1	15	0	15453C
J2b1g	J2b1	15	0	9872G
J2b1h	J2b1	15	0	159C 6830A 13612T 16195C 16242A 16526A
J2b2	J2b	14	0	5460A 7391C 14029G
T	JT	11	3	709A 1888A 4917G 8697A 10463C 13368A 14905A 15607G 15928A 16294T
T1	T	12	2	12633A 16163G 16189T!
T1a	T1	13	7	16186T
T1a+152C!	T1a	14	6	152T!
T1a1'3	T1a+152C!	15	2	195T!
T1a1	T1a1'3	16	17	9899C
T1a1a	T1a1	17	1	5558G
T1a1a1	T1a1a	18	0	5414G
T1a1b	T1a1	17	1	10143A 14281T
T1a1b1	T1a1b	18	0	9548A 12028C
T1a1c	T1a1	17	0	9120G 15965G
T1a1d	T1a1	17	0	593C 13132T 13785T
T1a1e	T1a1	17	0	2380T 4155T 5054A 12308G 16256T
T1a1f	T1a1	17	0	1503A
T1a1g	T1a1	17	0	15213C
T1a1h	T1a1	17	0	16269C
T1a1i	T1a1	17	0	3308G 11944C
T1a1j	T1a1	17	0	8530G
T1a1k	T1a1	17	2	469T
T1a1k1	T1a1k	18	0	146T! 11914A! 12753G
T1a1k2	T1a1k	18	0	8974T
T1a1+152T!!	T1a1	17	1	152T
T1a1l	T1a1+152T!!	18	0	3705A
T1a1m	T1a1	17	1	7783C 16325C
T1a1m1	T1a1m	18	0	4917A! 13590A
T1a1n	T1a1	17	0	16304C
T1a1p	T1a1	17	0	9545G
T1a1q	T1a1	17	0	11266T
T1a1r	T1a1	17	0	14274G 15607A!
T1a3	T1a1'3	16	1	10321C
T1a3a	T1a3	17	0	7258C
T1a2	T1a+152C!	15	2	7853A
T1a2a	T1a2	16	0	384G 4959A 5558G 9300A 16261T
T1a2b	T1a2	16	0	9111C 12957C 16248T 16266T
T1a4	T1a+152C!	15	0	7001G 16263C
T1a11	T1a+152C!	15	0	73A 91T 97A 8412C 13759A 13791T 14284T
T1a12	T1a+152C!	15	0	15884A 16355T
T1a13	T1a+152C!	15	0	16129G! 16362C
T1a5	T1a	14	1	6152C
T1a5a	T1a5	15	0	5378G 12406A 16218T
T1a6	T1a	14	0	3867T 10376G
T1a7	T1a	14	0	512G 14500G 16274A
T1a8	T1a	14	2	4991A
T1a8a	T1a8	15	0	4107T 11914A! 16325C
T1a8b	T1a8	15	0	9438A 14323A
T1a9	T1a	14	0	12879C 16249C
T1a10	T1a	14	1	13470G
T1a10a	T1a10	15	0	150T 214G 13708A
T1b	T1	13	4	16243C
T1b1	T1b	14	0	11647T
T1b2	T1b	14	0	4739T 9254G
T1b3	T1b	14	0	15853T
T1b4	T1b	14	0	7310C
T2	T	12	13	11812G 14233G 16296T
T2a	T2	13	2	13965C
T2a1	T2a	14	2	14687G
T2a1a	T2a1	15	7	2850C 7022C
T2a1a1	T2a1a	16	0	143A 8715C
T2a1a2	T2a1a	16	0	4688C
T2a1a3	T2a1a	16	1	5498G
T2a1a3a	T2a1a3	17	0	4808T
T2a1a5	T2a1a	16	0	15935G
T2a1a6	T2a1a	16	0	6425C
T2a1a7	T2a1a	16	0	7268C
T2a1a8	T2a1a	16	0	4931T
T2a1b	T2a1	15	2	16324C
T2a1b1	T2a1b	16	1	2141C 13966G
T2a1b1a	T2a1b1	17	2	9117C
T2a1b1a1	T2a1b1a	18	2	12741T
T2a1b1a1a	T2a1b1a1	19	2	6524C
T2a1b1a1a1	T2a1b1a1a	20	0	9948A
T2a1b1a1a2	T2a1b1a1a	20	0	1420C 6249A
T2a1b1a1b	T2a1b1a1	19	1	3350C
T2a1b1a1b1	T2a1b1a1b	20	0	8256C
T2a1b1a2	T2a1b1a	18	0	15110A 16292T
T2a1b2	T2a1b	16	2	3882A
T2a1b2a	T2a1b2	17	0	15454C
T2a1b2b	T2a1b2	17	0	16256T
T2a+195T!	T2a	14	2	195T!
T2a2	T2a+195T!	15	1	198T 13020C
T2a2a	T2a2	16	0	215G
T2a3	T2a+195T!	15	0	4464A
T2b	T2	13	31	930A 5147A 16304C
T2b1	T2b	14	0	14016A
T2b2	T2b	14	1	11242G
T2b2b	T2b2	15	1	16304T!
T2b2b1	T2b2b	16	0	12171G 16192T
T2b3	T2b	14	2	10750G
T2b3+151T	T2b3	15	4	151T
T2b3a	T2b3+151T	16	1	152T! 5656G 16292T
T2b3a1	T2b3a	17	0	55.1T 57C 59C
T2b3c	T2b3+151T	16	0	7150C
T2b3d	T2b3+151T	16	0	199C 14544A
T2b3e	T2b3+151T	16	0	16187C!
T2b3b	T2b3	15	0	13722G
T2b4	T2b	14	3	9254G
T2b4a	T2b4	15	1	16172C
T2b4a1	T2b4a	16	0	5527G
T2b4i	T2b4	15	0	8152A 16218T
T2b4+152C!	T2b4	15	7	152T!
T2b4b	T2b4+152C!	16	0	16104T
T2b4c	T2b4+152C!	16	0	3992T
T2b4d	T2b4+152C!	16	0	8711G
T2b4e	T2b4+152C!	16	0	13743C
T2b4f	T2b4+152C!	16	0	12172G
T2b4g	T2b4+152C!	16	0	15445C
T2b4h	T2b4+152C!	16	0	214G
T2b5	T2b	14	1	3826C
T2b5a	T2b5	15	1	5201C
T2b5a1	T2b5a	16	0	573.XC 8504C
T2b6	T2b	14	2	458T 1709A 9300A 11533T
T2b6a	T2b6	15	0	12007A
T2b6+146T!	T2b6	15	1	146T!
T2b6b	T2b6+146T!	16	0	8730G 14016A 16218T 16287T
T2b7	T2b	14	1	9966A
T2b7a	T2b7	15	3	9180G
T2b7a1	T2b7a	16	0	152T! 13768C 16257d
T2b7a2	T2b7a	16	0	1836G 16239T
T2b7a3	T2b7a	16	0	11440A 16292T
T2b8	T2b	14	0	3338C
T2b+150T	T2b	14	1	150T
T2b9	T2b+150T	15	0	5580C 10559G
T2b11	T2b	14	0	207A 3398C
T2b13	T2b	14	2	14861A
T2b13a	T2b13	15	0	16051G
T2b13b	T2b13	15	0	7269A
T2b15	T2b	14	0	5836G 8281d 8282d 8283d 8284d 8285d 8286d 8287d 8288d 8289d
T2b+16362C	T2b	14	1	16362C
T2b16	T2b+16362C	15	0	634C
T2b17	T2b	14	1	13692T
T2b17a	T2b17	15	0	4688C 7891T
T2b19	T2b	14	1	13928C
T2b19b	T2b19	15	0	13681G 16248T
T2b+152!	T2b	14	2	152T!
T2b21	T2b+152!	15	2	14836G
T2b21a	T2b21	16	0	10490C 12557T 16169T
T2b21b	T2b21	16	0	15090C
T2b22	T2b+152!	15	0	3820T 12223G 13500C
T2b23	T2b	14	1	12441C 16147T 16297C
T2b23a	T2b23	15	0	9224C
T2b24	T2b	14	1	321C
T2b24a	T2b24	15	0	5426C 8572A
T2b25	T2b	14	0	7521A! 8934T
T2b26	T2b	14	0	14180C
T2b27	T2b	14	0	7897A
T2b28	T2b	14	0	11176A 11914A!
T2b29	T2b	14	0	5483C 8419C
T2b30	T2b	14	0	6026A
T2b31	T2b	14	0	5811G
T2b32	T2b	14	0	1871G 6620C 15884A
T2b33	T2b	14	0	385G 1530G 16266T
T2b34	T2b	14	0	41T 319C 9861C
T2b35	T2b	14	0	9843G
T2b36	T2b	14	0	15758G
T2b37	T2b	14	0	14569A
T2c	T2	13	1	10822T
T2c1	T2c	14	3	6261A 16292T
T2c1a	T2c1	15	3	573.XC 8455T 13973T
T2c1a1	T2c1a	16	0	152T! 499A 6998T 8838A 11914A!
T2c1a2	T2c1a	16	0	5817T
T2c1a3	T2c1a	16	0	9612A 11800G
T2c1c	T2c1	15	2	4823C 16146G
T2c1c1	T2c1c	16	0	150T 3834A 3915A 15454C 15601C
T2c1c2	T2c1c	16	0	7283C 8775T 16284G
T2c1+146T!	T2c1	15	3	146T!
T2c1d	T2c1+146T!	16	2	279C 5187T 7873T
T2c1d1	T2c1d	17	1	11914A!
T2c1d1a	T2c1d1	18	0	12363T
T2c1d+152C!	T2c1d	17	1	152T!
T2c1d2	T2c1d+152C!	18	1	15784C
T2c1d2a	T2c1d2	19	0	7679C
T2c1e	T2c1+146T!	16	0	10289G
T2c1f	T2c1+146T!	16	0	16438A
T2d	T2	13	2	13260C
T2d1	T2d	14	2	152T! 5747G 13708A
T2d1a	T2d1	15	0	16086C
T2d1b	T2d1	15	2	194T 200G 7295G 12373G
T2d1b1	T2d1b	16	0	9617G 11827C
T2d1b2	T2d1b	16	0	9233C
T2d2	T2d	14	0	5471A 6445T 12408C 14323A 14605G
T2+150	T2	13	2	150T
T2e	T2+150	14	5	16153A
T2e1	T2e	15	2	41T
T2e1a	T2e1	16	1	2308G
T2e1a1	T2e1a	17	2	15499T
T2e1a1a	T2e1a1	18	0	41C! 16114T 16192T
T2e1a1b	T2e1a1	18	1	16189T!
T2e1a1b1	T2e1a1b	19	0	247G! 4924A 8864C 10682T
T2e1b	T2e1	16	1	9181G
T2e1b1	T2e1b	17	0	15787C
T2e2	T2e	15	1	9139A
T2e2a	T2e2	16	0	6026A
T2e5	T2e	15	0	200G 8230T
T2e6	T2e	15	0	16240C
T2e+152C!	T2e	15	1	152T!
T2e7	T2e+152C!	16	0	3203G
T2m	T2+150	14	0	153G 8404C 16270T 16357C
T2+16189!	T2	13	1	16189T!
T2f	T2+16189!	14	8	8270T 8281d 8282d 8283d 8284d 8285d 8286d 8287d 8288d 8289d
T2f1	T2f	15	1	195T! 6489A
T2f1a	T2f1	16	1	5277C 5426C 15043A 16298C
T2f1a1	T2f1a	17	0	15028A
T2f2	T2f	15	0	7984A 16140C 16311T!
T2f3	T2f	15	0	8854A 16278C!
T2f4	T2f	15	0	6392C
T2f5	T2f	15	0	499A 751T 8419C
T2f6	T2f	15	0	11818G
T2f7	T2f	15	1	10496G
T2f7a	T2f7	16	0	16292T
T2f8	T2f	15	1	14118G
T2f8a	T2f8	16	0	5322C
T2g	T2	13	2	14798C
T2g1	T2g	14	2	200G 3834A 14839G
T2g1a	T2g1	15	1	1977C
T2g1a1	T2g1a	16	0	16148T
T2g1b	T2g1	15	0	16051G
T2g2	T2g	14	1	507C 1766C 7337A 13834G
T2g2a	T2g2	15	0	16188T 16257T
T2h	T2	13	2	12397G
T2h1	T2h	14	0	6260A 9234G
T2h2	T2h	14	0	8041G 12771A 16172C
T2i	T2	13	2	8155A 9422C 16362C
T2i1	T2i	14	0	16286T
T2i2	T2i	14	0	11812A! 16294C!
T2j	T2	13	1	16260T
T2j1	T2j	14	0	4695C 6620C 11914A! 14040A
T2k	T2	13	0	8271G 10446G 11062T 16291T
T2l	T2	13	0	11383C
T2n	T2	13	0	152T! 10750G
T3	T	12	0	195T! 1406C 1829G 4225G 11467G 11778A 13956G 13980A 15509G 16325C
R5	R	9	1	8594C 10754G 14544A 16304C 16524G
R5a	R5	10	2	16266T
R5a1	R5a	11	1	93G 200G 2833G
R5a1a	R5a1	12	0	8987C 9708C 10084C
R5a2	R5a	11	2	152T! 11293G 13635C 14040A 15385T 16356C
R5a2a	R5a2	12	0	16266C! 16311T!
R5a2b	R5a2	12	4	597.1T 14990T 16309G 16325C
R5a2b1	R5a2b	13	0	6629G
R5a2b2	R5a2b	13	0	16266C!
R5a2b3	R5a2b	13	0	11409T
R5a2b4	R5a2b	13	0	13827G
R6	R	9	2	195T! 12285C 16266T 16362C
R6+16129G!	R6	10	1	16129G!
R6a	R6+16129G!	11	2	228A 11075C 14058T
R6a1	R6a	12	0	6305A 8584A 8650T 16318G 16320T
R6a2	R6a	12	0	12133T 15067C
R6b	R6	10	0	246C 4991A 7364G 9254G 16179T 16227G 16245T 16278T
R7	R	9	1	13105G! 16319A 16362C
R7a'b	R7	10	2	1442A 6248C 7870C 9051G 9110C 10289G 13830C 16260T 16261T
R7a	R7a'b	11	1	10143A 10915C! 13404C 15346A
R7a1	R7a	12	2	12406A 13674C
R7a1a	R7a1	13	0	5585A 15497A 16146G
R7a1b	R7a1	13	2	3105G
R7a1b1	R7a1b	14	0	4596A 16075C
R7a1b2	R7a1b	14	0	16390A
R7b	R7a'b	11	2	146T! 2282T 8557A 14064T 16311T!
R7b1	R7b	12	1	1804G 12432T 15942C
R7b1a	R7b1	13	1	152T! 6254G 15326A
R7b1a1	R7b1a	14	0	9325C 11776C
R7b2	R7b	12	0	3817T 7310C 7711C 11380G 12246T 12384C 12940A
R8	R	9	2	195T! 2755G 3384G 7759C 9449T 13215C
R8a	R8	10	2	5510G 15326A
R8a1	R8a	11	2	709A 5911T 13782T
R8a1a	R8a1	12	3	9716C
R8a1a1	R8a1a	13	4	8646T
R8a1a1a	R8a1a1	14	2	6131G
R8a1a1a1	R8a1a1a	15	1	243G
R8a1a1a1a	R8a1a1a1	16	0	3483A 5298G 11050C
R8a1a1a2	R8a1a1a	15	0	4695C 7444A 16185T
R8a1a1b	R8a1a1	14	0	16153A
R8a1a1c	R8a1a1	14	0	11914A!
R8a1a1d	R8a1a1	14	0	9210G 12462A 16390A
R8a1a2	R8a1a	13	1	4205C 16324C
R8a1a2a	R8a1a2	14	0	7364G 11172G 11497T 12127A
R8a1a3	R8a1a	13	0	16292T
R8a1+16093C	R8a1	12	1	16093C
R8a1b	R8a1+16093C	13	0	13212T 14041T
R8a2	R8a	11	0	185A 189G 195T! 11864C
R8b	R8	10	2	456T 6485G 12007A 13194A 16390A
R8b1	R8b	11	1	154C
R8b1a	R8b1	12	0	2392C
R8b2	R8b	11	0	150T 456.1T 4136G 14502C 15250T 16172C
R9	R	9	3	3970T 13928C 16304C
R9b	R9	10	2	1541C
R9b1	R9b	11	2	12714C 16309G 16390A
R9b1a	R9b1	12	3	183G 16192T
R9b1a1	R9b1a	13	1	143A 4017T 7849T
R9b1a1a	R9b1a1	14	0	16288C
R9b1a2	R9b1a	13	2	10736T
R9b1a2a	R9b1a2	14	0	12172G 16145A 16243C
R9b1a2b	R9b1a2	14	0	6620C
R9b1a3	R9b1a	13	0	3204T 3316A 6815C
R9b1b	R9b1	12	0	2322A 16124C 16148T
R9b2	R9b	11	0	3666A 6647G 8724G 11299C 11422T 13191C 13722G 15314A 15883A 16362C
R9c	R9	10	1	7861C 11002G 15479C
R9c1	R9c	11	2	16157C
R9c1a	R9c1	12	3	249d 951A 6446A 8440G 11308T 14227T 15734A 16256T 16335G
R9c1a1	R9c1a	13	0	1462A
R9c1a2	R9c1a	13	0	11197T
R9c1a3	R9c1a	13	0	12123T
R9c1b	R9c1	12	2	12618A
R9c1b1	R9c1b	13	0	151T 479G 7684C
R9c1b2	R9c1b	13	0	7299G 12406A
F	R9	10	4	249d 6392C 10310A
F1	F	11	2	6962A 10609C 12406A 12882T
F1a'c'f	F1	12	3	9053A 13759A 16129G!
F1a	F1a'c'f	13	3	4086T 16172C
F1a1'4	F1a	14	2	9548A
F1a1	F1a1'4	15	4	16162G
F1a1a	F1a1	16	1	8149G 16108T
F1a1a1	F1a1a	17	0	11215T
F1a1b	F1a1	16	0	64T 14002G
F1a1c	F1a1	16	3	548T 10211T
F1a1c1	F1a1c	17	0	195T! 3666A 10283G 16224C
F1a1c2	F1a1c	17	0	15314A 15629C
F1a1c3	F1a1c	17	0	2706A 6098G
F1a1d	F1a1	16	1	11380G 16399G
F1a1d1	F1a1d	17	0	10042G 14305A
F1a4	F1a1'4	15	2	15445C
F1a4a	F1a4	16	1	152T! 5985A 16362C
F1a4a1	F1a4a	17	0	8277C 13422G 16294T
F1a4b	F1a4	16	0	466C 8251A
F1a2	F1a	14	1	10034C 16129G!
F1a2a	F1a2	15	0	16465T
F1a3	F1a	14	2	15565C
F1a3+16311T!	F1a3	15	1	16311T!
F1a3a	F1a3+16311T!	16	3	9554A 9944C 13748G
F1a3a1	F1a3a	17	1	16129G! 16390A
F1a3a1a	F1a3a1	18	0	8705C 16284G
F1a3a2	F1a3a	17	0	150T 4011T 16189T!
F1a3a3	F1a3a	17	1	15452T
F1a3a3a	F1a3a3	18	0	14323A
F1a3b	F1a3	15	0	53A 54C 318C 8718G 13044T
F1c	F1a'c'f	13	1	709A 10454C
F1c1	F1c	14	1	152T! 6599G
F1c1a	F1c1	15	2	16111T
F1c1a1	F1c1a	16	2	16266T
F1c1a1a	F1c1a1	17	0	9647C
F1c1a1b	F1c1a1	17	0	8772C
F1c1a2	F1c1a	16	0	1927A
F1f	F1a'c'f	13	0	4715G 6515C 12771A
F1+16189T!	F1	12	4	16189T!
F1b	F1+16189T!	13	1	152T! 10976T 12633T 14476A 16232A 16249C 16311T!
F1b1	F1b	14	4	4732G 5147A
F1b1a	F1b1	15	2	16129G! 16344T
F1b1a1	F1b1a	16	1	15954G
F1b1a1a	F1b1a1	17	3	5049T
F1b1a1a1	F1b1a1a	18	1	4705C
F1b1a1a1a	F1b1a1a1	19	0	14103A
F1b1a1a2	F1b1a1a	18	0	9389G
F1b1a1a3	F1b1a1a	18	0	15193G
F1b1a2	F1b1a	16	0	14629T
F1b1b	F1b1	15	0	204C 8772C 16172C
F1b1c	F1b1	15	0	5508C 10235C 12633C! 16311T!
F1b1+152T!!	F1b1	15	3	152T
F1b1d	F1b1+152T!!	16	0	153G 15459T
F1b1e	F1b1+152T!!	16	1	1709T 8104C
F1b1e1	F1b1e	17	0	3202C 9007G
F1b1f	F1b1+152T!!	16	0	10045C
F1d	F1+16189T!	13	1	146T! 1734T 5628C 7738C 15402T
F1d1	F1d	14	0	13135A
F1e	F1+16189T!	13	3	5587C 15024A
F1e1	F1e	14	1	12618A
F1e1a	F1e1	15	0	3027C 10007C 13260C 13749T 15022T 15496G 16355T
F1e2	F1e	14	0	189G 195T! 9078C 11326T 14218C 16234T 16242T
F1e3	F1e	14	0	150T 16300G
F1g	F1+16189T!	13	1	2389T 3398C
F1g1	F1g	14	0	3621C
F2	F	11	6	1005C 1824C 7828G 10535C 10586A 12338C 13708A
F2+16291	F2	12	3	16291T
F2a	F2+16291	13	1	16203G
F2a+16291C!	F2a	14	1	16291C!
F2a1	F2a+16291C!	15	0	10810C!
F2b	F2+16291	13	1	4811G
F2b1	F2b	14	0	16092A
F2g	F2+16291	13	0	747G
F2c	F2	12	2	13722G
F2c1	F2c	13	0	11150A 16189T!
F2c2	F2c	13	0	761G 5978G 6156T 6570T 8152A 14133G 15418T 16067T 16271C
F2d	F2	12	0	235G 1009T 16304T!
F2e	F2	12	1	2281G 3010A 14769G
F2e1	F2e	13	0	64T 153G 4820A 8020A 8473C 13782A 16260T
F2f	F2	12	0	11339C
F2+195T!	F2	12	2	195T!
F2h	F2+195T!	13	0	9612C 10005G 11696A 14002G 14560A 15862C
F2i	F2+195T!	13	0	152T! 275A 3753C 10084C 11323T 11410C 16221T
F3	F	11	2	3434G 5585A 5913A 5978G 10320A 11065G 16298C 16304T! 16362C
F3a	F3	12	1	12621T 16355T
F3a+207A	F3a	13	1	207A
F3a1	F3a+207A	14	0	709A 5894G 14971C 16260T
F3b	F3	12	1	9947A 16220C
F3b+152C!	F3b	13	1	152T!
F3b1	F3b+152C!	14	2	150T 5076T 8838A 11065A! 15784C 16265G
F3b1a	F3b1	15	2	6791G 16311T!
F3b1a+16093C	F3b1a	16	1	16093C
F3b1a1	F3b1a+16093C	17	0	16274A
F3b1a2	F3b1a	16	0	152T 16265A!
F3b1b	F3b1	15	1	5899.XC 8337C 14133G
F3b1b1	F3b1b	16	0	14013G
F4	F	11	2	5263T 12630A 15670C
F4a	F4	12	2	146T! 152T! 3290C 10915C! 16207G 16399G
F4a1	F4a	13	2	12153T 13602C 16362C
F4a1a	F4a1	14	0	207A 7861C 11038G 12396C 12408C 16497G
F4a1b	F4a1	14	0	152T 317A 3316A 7561C 16126C
F4a2	F4a	13	0	281G 11776C 12612G 14016A 15908C
F4b	F4	12	1	573.XC 6653T 8020A 8575T 8603C 16218T 16311T!
F4b1	F4b	13	0	10097C
R+16189T!	R	9	3	16189T!
R11'B6	R+16189T!	10	2	12950G
R11	R11'B6	11	2	185A 189G 709A 8277C 8278.XC 10031C 10398A! 11061T 13681G 16311T!
R11a	R11	12	0	10978G 16365T
R11b	R11	12	1	13269G
R11b1	R11b	13	2	16390A
R11b1a	R11b1	14	0	13215C 16092C
R11b1b	R11b1	14	0	234G
B6	R11'B6	11	1	150T 8281d 8282d 8283d 8284d 8285d 8286d 8287d 8288d 8289d 9452A 13928C
B6a	B6	12	1	5894C 11914A! 14305A 16093C
B6a1	B6a	13	1	150C! 356.1C 4093G 16051G
B6a1a	B6a1	14	0	1719A 16093T! 16527T
B4'5	R+16189T!	10	2	8281d 8282d 8283d 8284d 8285d 8286d 8287d 8288d 8289d
B4	B4'5	11	4	16217C
B4+16261	B4	12	6	16261T
B4a	B4+16261	13	5	5465C 9123A
B4a1	B4a	14	4	10238C
B4a1a	B4a1	15	7	146T! 6719C 12239T 15746G
B4a1a1	B4a1a	16	31	14022G 16247G
B4a1a1a	B4a1a1	17	23	6905G
B4a1a1a1	B4a1a1a	18	4	13479G
B4a1a1a1a	B4a1a1a1	19	1	373G
B4a1a1a1a1	B4a1a1a1a	20	0	8842G
B4a1a1a1b	B4a1a1a1	19	0	7598A
B4a1a1a1c	B4a1a1a1	19	0	94A 10084C
B4a1a1a1d	B4a1a1a1	19	0	152T! 12940A
B4a1a1a2	B4a1a1a	18	2	16292T
B4a1a1a2a	B4a1a1a2	19	0	15905C
B4a1a1a2b	B4a1a1a2	19	0	16136C
B4a1a1a3	B4a1a1a	18	0	14470C
B4a1a1a4	B4a1a1a	18	0	16249C
B4a1a1a5	B4a1a1a	18	0	14560A 15355A
B4a1a1a6	B4a1a1a	18	0	10931C
B4a1a1a7	B4a1a1a	18	0	14540C 16093C
B4a1a1a8	B4a1a1a	18	0	235G 6261A 12468C
B4a1a1a9	B4a1a1a	18	0	2706A 16163G
B4a1a1a10	B4a1a1a	18	0	10364A
B4a1a1a11	B4a1a1a	18	2	13943T
B4a1a1a11a	B4a1a1a11	19	0	10966C
B4a1a1a11b	B4a1a1a11	19	0	16261C!
B4a1a1a12	B4a1a1a	18	0	16305G
B4a1a1a13	B4a1a1a	18	0	4093G
B4a1a1a14	B4a1a1a	18	0	16390A
B4a1a1a15	B4a1a1a	18	0	13759A
B4a1a1a16	B4a1a1a	18	0	16182T
B4a1a1a17	B4a1a1a	18	0	7534T
B4a1a1a18	B4a1a1a	18	0	9145A 16051G
B4a1a1a19	B4a1a1a	18	0	16302G
B4a1a1a20	B4a1a1a	18	0	11016A 16274A
B4a1a1a21	B4a1a1a	18	0	4216C
B4a1a1a22	B4a1a1a	18	0	3398C
B4a1a1a+195T!	B4a1a1a	18	1	195T!
B4a1a1a23	B4a1a1a+195T!	19	0	9734G
B4a1a1b	B4a1a1	17	0	1473T 3423A
B4a1a1c	B4a1a1	17	0	1185T 4769A
B4a1a1d	B4a1a1	17	0	6581G
B4a1a1e	B4a1a1	17	0	3391A
B4a1a1f	B4a1a1	17	0	7740G
B4a1a1g	B4a1a1	17	0	8338G
B4a1a1h	B4a1a1	17	0	318C 10031C
B4a1a1i	B4a1a1	17	0	11399C 11887A
B4a1a1j	B4a1a1	17	0	16289T
B4a1a1k	B4a1a1	17	1	16399G
B4a1a1k1	B4a1a1k	18	0	70A 16352C
B4a1a1+151	B4a1a1	17	1	151T
B4a1a1m	B4a1a1+151	18	1	2416C
B4a1a1m1	B4a1a1m	19	0	1692G
B4a1a1n	B4a1a1	17	0	8572A
B4a1a1+152!	B4a1a1	17	1	152T!
B4a1a1o	B4a1a1+152!	18	0	11203T
B4a1a1p	B4a1a1	17	0	13416G
B4a1a1q	B4a1a1	17	0	16255A
B4a1a1+16126C	B4a1a1	17	1	16126C
B4a1a1r	B4a1a1+16126C	18	0	3909T
B4a1a1s	B4a1a1	17	0	11407T
B4a1a1t	B4a1a1	17	0	15221A
B4a1a1u	B4a1a1	17	0	10325A
B4a1a1v	B4a1a1	17	0	7346G 13908T
B4a1a1w	B4a1a1	17	0	7389C
B4a1a1x	B4a1a1	17	0	15924G
B4a1a1y	B4a1a1	17	0	15601C
B4a1a1z	B4a1a1	17	0	14683G
B4a1a1aa	B4a1a1	17	0	4742C 16311T!
B4a1a1ab	B4a1a1	17	0	9809G
B4a1a1ac	B4a1a1	17	0	8790A
B4a1a1ad	B4a1a1	17	0	5460A 15061G
B4a1a1ae	B4a1a1	17	0	7058C
B4a1a1af	B4a1a1	17	0	16212G
B4a1a2	B4a1a	16	0	4733C 6366A 12519C
B4a1a3	B4a1a	16	1	14449G
B4a1a3a	B4a1a3	17	1	16233C!
B4a1a3a1	B4a1a3a	18	1	8525G
B4a1a3a1a	B4a1a3a1	19	0	195T! 14290C
B4a1a4	B4a1a	16	0	4025T 4769A
B4a1a5	B4a1a	16	1	4048A
B4a1a5a	B4a1a5	17	0	146T! 5539G
B4a1a6	B4a1a	16	1	11928G
B4a1a6a	B4a1a6	17	0	3483A
B4a1a7	B4a1a	16	0	6492T 13350G
B4a1+16311T!	B4a1	15	2	16311T!
B4a1b	B4a1+16311T!	16	1	9932A 10915C! 13143C 16288C
B4a1b1	B4a1b	17	1	16268T
B4a1b1a	B4a1b1	18	0	9977C
B4a1e	B4a1+16311T!	16	0	3548C 16168T
B4a1c	B4a1	15	3	709A
B4a1c1	B4a1c	16	1	9254G
B4a1c1a	B4a1c1	17	1	15292T
B4a1c1a1	B4a1c1a	18	0	73C 89C
B4a1c+146T!	B4a1c	16	3	146T!
B4a1c2	B4a1c+146T!	17	0	7052G 7271G 9822A 15661T 16167T 16317G
B4a1c4	B4a1c+146T!	17	0	12904G
B4a1c5	B4a1c+146T!	17	0	11632T 12237T 15038G
B4a1c3	B4a1c	16	2	16194C 16195C
B4a1c3a	B4a1c3	17	0	310C 3960T 4203G 5263T 7927T 15479C 16000A 16266G
B4a1c3b	B4a1c3	17	0	4218C 4907C
B4a1d	B4a1	15	0	5894G
B4a2	B4a	14	2	6620C 9812T
B4a2a	B4a2	15	3	4823C 16324C
B4a2a1	B4a2a	16	0	5824A 6131G 15777A 16129G!
B4a2a2	B4a2a	16	0	3693A 16154C
B4a2a3	B4a2a	16	0	11992C 12366G 16272G
B4a2b	B4a2	15	1	16360T
B4a2b1	B4a2b	16	1	10876G
B4a2b1a	B4a2b1	17	0	9069G 13413G
B4a3	B4a	14	0	15355A 15632A 15940C 15941C 15983C 16092C 16399G
B4a4	B4a	14	0	193G 14751T 16299G
B4a5	B4a	14	0	5814C 12732C 14518G
B4g	B4+16261	13	2	9968T 16213A 16292T
B4g1	B4g	14	2	7789A
B4g1a	B4g1	15	0	5108C 14905A
B4g1b	B4g1	15	0	11353C 13547T 16153A
B4g2	B4g	14	0	62A 2378T 6482T 16301T
B4h	B4+16261	13	1	5093C 13269G 16129G!
B4h1	B4h	14	0	4703C 16217T!
B4i	B4+16261	13	1	6302G
B4i1	B4i	14	0	6497C 9329A
B4k	B4+16261	13	0	5483C 12741T 16093C
B4m	B4+16261	13	0	10398A! 16240G
B4b'd'e'j	B4	12	4	827G 15535T
B4b	B4b'd'e'j	13	2	499A 4820A 13590A
B2	B4b	14	25	3547G 4977C 6473T 9950C 11177T
B2a	B2	15	5	16111T 16483A
B2a1	B2a	16	2	10895G
B2a1a	B2a1	17	1	14766C
B2a1a1	B2a1a	18	0	12729G
B2a1b	B2a1	17	0	3027C 12890T
B2a2	B2a	16	0	9097G
B2a3	B2a	16	0	551G 5054A
B2a4	B2a	16	1	16092C
B2a4a	B2a4	17	1	228A
B2a4a1	B2a4a	18	0	3663G 10685A 16325C
B2a5	B2a	16	0	189G 5987T 11884G 13221G 16278C!
B2b	B2	15	4	6755A
B2b+152C!	B2b	16	1	152T!
B2b1	B2b+152C!	17	0	207A 1041G 1842G 4226C 4814T 16093C 16175G
B2b2	B2b	16	1	16145A
B2b2a	B2b2	17	0	209C 3394C 6260A 9233C 10915C! 11968G 16320T
B2b3	B2b	16	1	13708A
B2b3a	B2b3	17	0	152T! 271T 3918A 4232C 15784C 16249C 16312G
B2b4	B2b	16	0	159C 195C 8641G 9605T 11569C 15521A 16189T 16239T 16353T
B2c	B2	15	2	7241G
B2c1	B2c	16	3	9098C
B2c1a	B2c1	17	0	6722A
B2c1b	B2c1	17	0	4435G 7262G 7822G
B2c1c	B2c1	17	0	14063C
B2c2	B2c	16	2	146T! 4755C 14757C
B2c2a	B2c2	17	0	8702T 16319A
B2c2b	B2c2	17	0	152T! 9682C 13661G 16295T
B2d	B2	15	0	498d 4122G 4123G 8875C 9682C
B2e	B2	15	0	6119T 14049T
B2f	B2	15	0	3796G 3996T 10535C 13833G
B2g	B2	15	2	114G 3766C 6164T
B2g1	B2g	16	0	1002T 16298C
B2g2	B2g	16	0	7340A 11647T 11875C
B2h	B2	15	0	11821G 16468C
B2i	B2	15	2	6272G
B2i1	B2i	16	0	430C 485C 961C 16311T!
B2i2	B2i	16	2	470G 11611A 15077A
B2i2a	B2i2	17	1	16207G
B2i2a1	B2i2a	18	2	10248C 16291T
B2i2a1a	B2i2a1	19	0	4259T 12400G
B2i2a1b	B2i2a1	19	0	3843G
B2i2b	B2i2	17	1	207A
B2i2b1	B2i2b	18	0	153G 16249C
B2j	B2	15	0	131C 183G 5270T 15924G 16166G 16361A
B2k	B2	15	0	146T! 4371C
B2l	B2	15	0	16422C
B2m	B2	15	0	15766G 16164G 16519A
B2n	B2	15	0	4191G 6383A
B2o	B2	15	1	16092C
B2o1	B2o	16	1	7270C 16145A
B2o1a	B2o1	17	0	152T! 14500G
B2p	B2	15	0	2380T 8222C 11696A
B2q	B2	15	0	4047C
B2r	B2	15	0	5899d
B2s	B2	15	0	310C 8567C 12616C 13740C 16152C 16325C
B2t	B2	15	0	10792G 15244G 15884A 16259T 16357C 16467T
B2u	B2	15	0	152T! 182T! 3927G 5492C 8146G 16256T
B2v	B2	15	0	7376T 15661T 16140C
B2+16278C!	B2	15	1	16278C!
B2w	B2+16278C!	16	0	146T! 11950G 14569A 16270G
B2x	B2	15	0	4129G 10646A 11389T 12346T 16323C
B2y	B2	15	1	16261T
B2y1	B2y	16	0	3480G
B4b1	B4b	14	2	16136C
B4b1a	B4b1	15	1	6023A 6413C
B4b1a+207A	B4b1a	16	3	207A
B4b1a1	B4b1a+207A	17	3	199C 202G 2831A 4117C 8206A 15236G 16284G
B4b1a1a	B4b1a1	18	0	7664A
B4b1a1b	B4b1a1	18	0	10685A
B4b1a1c	B4b1a1	18	0	16357C
B4b1a2	B4b1a+207A	17	9	6216C
B4b1a2a	B4b1a2	18	0	1719A 2220G 5899.XC
B4b1a2b	B4b1a2	18	2	16300G
B4b1a2b1	B4b1a2b	19	0	9305A
B4b1a2b2	B4b1a2b	19	0	8659G 13105G!
B4b1a2c	B4b1a2	18	0	13599T 16311T!
B4b1a2d	B4b1a2	18	0	2836T 14004T 14053G 15459T 16131C
B4b1a2e	B4b1a2	18	0	1452C 3648T
B4b1a2f	B4b1a2	18	0	709A 14110C
B4b1a2g	B4b1a2	18	1	16365T
B4b1a2g1	B4b1a2g	19	0	7843G
B4b1a2h	B4b1a2	18	0	14783C
B4b1a2i	B4b1a2	18	0	16067T
B4b1a3	B4b1a+207A	17	1	408A 9055A 9338T 9615C
B4b1a3a	B4b1a3	18	0	146T! 14133G 16086C
B4b1b'c	B4b1	15	2	16218T
B4b1b	B4b1b'c	16	0	152T! 1391C 3981G 5585A 13934T 14569A 16298C 16362C
B4b1c	B4b1b'c	16	2	14587G
B4b1c1	B4b1c	17	0	7521A! 9101G 11239G 11914A!
B4b1c2	B4b1c	17	0	8343G
B4d	B4b'd'e'j	13	2	11914A! 13942G
B4d1'2'3	B4d	14	3	15930A
B4d1	B4d1'2'3	15	1	15038G
B4d1a	B4d1	16	0	12732C
B4d2	B4d1'2'3	15	0	6722A 8379G 8855T 9701C 15512C
B4d3	B4d1'2'3	15	1	151T 197G 546G 9120G 12135T 16185T 16193d 16234T
B4d3a	B4d3	16	1	5418C
B4d3a1	B4d3a	17	0	5084G
B4d4	B4d	14	0	6040G 6836T 9212T 11314G 14053G 14687G 15470C 16155G 16278C!
B4e	B4b'd'e'j	13	0	146T! 185A 189G 195T! 513A 6026A 6614C 9921A 10750G
B4j	B4b'd'e'j	13	0	3548C 4080C 5300T 6122T 11893G 11941G 13911G 14248T 15172A 16233C! 16362C
B4c	B4	12	2	1119C 15346A
B4c1	B4c	13	2	3497T
B4c1a'b	B4c1	14	2	709A
B4c1a	B4c1a'b	15	2	10310A
B4c1a1	B4c1a	16	3	14133G 16311T!
B4c1a1a	B4c1a1	17	2	16086C
B4c1a1a1	B4c1a1a	18	1	8844T
B4c1a1a1a	B4c1a1a1	19	0	5592G 16129G!
B4c1a1a2	B4c1a1a	18	0	6164T
B4c1a1b	B4c1a1	17	0	6416G
B4c1a1c	B4c1a1	17	0	152T! 7319C 14452G
B4c1a2	B4c1a	16	1	16527T
B4c1a2a	B4c1a2	17	0	12373G 16092C
B4c1b	B4c1a'b	15	2	150T 16140C 16274A
B4c1b1	B4c1b	16	1	211G 455.1T 3221G 4742C 5826C 7909T 13879C 14162A 16111T 16154C 16497G
B4c1b1a	B4c1b1	17	0	8167A 15148A 15391T
B4c1b+16335G	B4c1b	16	1	16335G
B4c1b2	B4c1b+16335G	17	3	3571T
B4c1b2a	B4c1b2	18	2	146T! 8772C
B4c1b2a1	B4c1b2a	19	0	1709A 1716C
B4c1b2a2	B4c1b2a	19	2	195T! 15301A
B4c1b2a2a	B4c1b2a2	20	0	4937C
B4c1b2a2b	B4c1b2a2	20	0	7598A
B4c1b2b	B4c1b2	18	0	195T! 8200C
B4c1b2c	B4c1b2	18	2	3435T 9128C 11440A
B4c1b2c1	B4c1b2c	19	0	9575A 10493C 16136C 16249C 16291T
B4c1b2c2	B4c1b2c	19	0	16129G! 16166G
B4c1c	B4c1	14	1	150T 195T! 5441G 10398A! 13629G 15941C
B4c1c+16311T!	B4c1c	15	1	16311T!
B4c1c1	B4c1c+16311T!	16	0	214G
B4c2	B4c	13	3	5108C 14088C 14209G 16147T 16184A 16235G
B4c2a	B4c2	14	0	9103C
B4c2b	B4c2	14	0	6221C
B4c2c	B4c2	14	0	8823C 9053A
B4f	B4	12	1	200G 573.XC 1442A 4612C 5127G 6332G 7389C 11969A 13105G! 16168T 16172C 16249C 16325C 16390A
B4f1	B4f	13	0	257G 8291G 16523G
B5	B4'5	11	2	709A 8584A 9950C 10398A! 16140C
B5a	B5	12	2	210G 3537G 15235G 16266A
B5a1	B5a	13	4	6960T
B5a1a	B5a1	14	1	13145A 13395G
B5a1a1	B5a1a	15	0	11881T
B5a1b	B5a1	14	1	10754G 14989T
B5a1b1	B5a1b	15	0	7852A
B5a1c	B5a1	14	2	10325A
B5a1c1	B5a1c	15	1	10523G
B5a1c1a	B5a1c1	16	1	593C 5237A
B5a1c1a1	B5a1c1a	17	0	16262T
B5a1c2	B5a1c	15	0	4562G 15514C
B5a1d	B5a1	14	0	152T! 4086T 11465C 16261T
B5a2	B5a	13	1	9962A 11151T 16266G
B5a2a	B5a2	14	2	93G 11149A 14149T
B5a2a1	B5a2a	15	2	12234G 16187C!
B5a2a1a	B5a2a1	16	0	9189T 13422G 14861A 16256T
B5a2a1+16129G!	B5a2a1	16	1	16129G!
B5a2a1b	B5a2a1+16129G!	17	0	14158T
B5a2a2	B5a2a	15	2	8614C
B5a2a2a	B5a2a2	16	2	204C 15046G 16362C
B5a2a2a1	B5a2a2a	17	0	8557A 15301A
B5a2a2a2	B5a2a2a	17	0	16245T
B5a2a2b	B5a2a2	16	2	5027T 8059T
B5a2a2b1	B5a2a2b	17	1	4824G
B5a2a2b1a	B5a2a2b1	18	0	9554A
B5a2a2b2	B5a2a2b	17	0	16243A
B5b	B5	12	5	103A 204C 1598A 8829T 12361G 15223T 15508T 15662G 15851G 15927A 16243C
B5b1	B5b	13	2	960.1C 8784G
B5b1a	B5b1	14	2	11146T 14470C
B5b1a1	B5b1a	15	0	103G! 195T! 16278C! 16324C
B5b1a2	B5b1a	15	1	199C 11914A! 12192A 16233C! 16318T 16319A
B5b1a2a	B5b1a2	16	0	14959G
B5b1c	B5b1	14	1	152T! 3480G 3819T 5836G 7771G 8467T 10274C
B5b1c1	B5b1c	15	1	6116G 14233G
B5b1c1a	B5b1c1	16	0	11207T
B5b2	B5b	13	3	131C 4895G 15850C 16111T 16234T 16463G
B5b2a	B5b2	14	2	103G!
B5b2a1	B5b2a	15	0	5744A 11437C 16291T
B5b2a2	B5b2a	15	1	207A 15758G
B5b2a2a	B5b2a2	16	2	14750G
B5b2a2a1	B5b2a2a	17	0	8894T
B5b2a2a2	B5b2a2a	17	0	103A! 7542G 7853A 10807G 15758A! 16399G
B5b2b	B5b2	14	0	5964C
B5b2+204T!	B5b2	14	1	204T!
B5b2c	B5b2+204T!	15	1	481T 4161T 11101G
B5b2c1	B5b2c	16	0	131T! 2361A 12451G
B5b3	B5b	13	2	189G 203A 2626C 6962A 8856A 10103G
B5b3a	B5b3	14	0	199C 13477A 16256T
B5b3b	B5b3	14	0	15758G
B5b4	B5b	13	0	146T! 4703C 7170T 16274A
B5b5	B5b	13	0	152T! 195T! 3834A 4924A 14028G 14410A 14831A 16166G
R24	R+16189T!	10	1	146T! 3565G 4260T 9759T 11710T 12483T 16051G 16185T 16193d
R24a	R24	11	0	8772C 13434G 14902T 16324C
R12'21	R	9	2	10398A! 11404G 16295T
R12	R12'21	10	0	4011T 4200G 4695C 4703C 5417A 8027A 8906G 9386C 9644G 9881C 12172G 13708A 13759A 14305A 14989T 15562G 15884A
R21	R12'21	10	0	146T! 152T! 199C 249G 1709A 1719A 2397T 4711T 8279C 9067G 9077C 9109G 10610T 12234G 12510T 13145A 15613G 16168T 16296T 16304C
R14	R	9	0	56T 182T! 204C 234G 573.XC 4002C 7022G 8860A 9128C 10172A 11321G 11560G 12612G 13281C 14002G 14800T 15394C 15458C 16187C! 16288C 16304G 16362C
R22	R	9	0	152T! 329A 1040C 6770G 10316G 10609C 13359A 16249C 16288C 16304C
R23	R	9	0	195T! 634A 6216C 7007T 7158G 7388G 7822G 8614C 10987G 11914A! 12151G 12459G 13885A 14687G 15412C 16256T 16290T 16465T
R30	R	9	2	8584A
R30a	R30	10	1	3316A 6764A 11047A 12714C 15055C
R30a1	R30a	11	3	152T! 2056A 4232C 5442C 9156G 9242G
R30a1a	R30a1	12	0	10688A!
R30a1b	R30a1	12	1	4225G 16209C
R30a1b1	R30a1b	13	0	11735T 16256T
R30a1c	R30a1	12	0	9142A 9869G 13161C 13773G 16172C 16278C!
R30b	R30	10	2	373G
R30b1	R30b	11	0	152T! 299d 480C 1598A 4062C 4225G 5836G 7268G 7490G 8805G 9174C 10631A 11009C 12406A 13236G 14194T 14305A 15307T 16189T! 16298C 16299G
R30b2	R30b	11	1	6290T 7280T 7843G 13539G 15148A 16292T
R30b2a	R30b2	12	0	14000A
R31	R	9	2	15884A 16362C
R31a	R31	10	1	146T! 338T 1531T 5348T 6293C 6480A 7981T 10373A 10631T 13557G 13768A 14553T 15334T 16172C 16304C
R31a1	R31a	11	0	152T! 237G 2248C 8842G 14290C 16463G
R31b	R31	10	0	207A 228A 234G 1309G 1452C 2763C 3849A 3882A 5503C 6827C 7046G 8400C 8988G 12007A 12651A 14488C 15148A 16051G 16093C 16189T! 16218T 16292T
R32	R	9	0	152T! 3816G 4820A 8281d 8282d 8283d 8284d 8285d 8286d 8287d 8288d 8289d 8464T 8743A 8784G 8887G 9116C 12771A 15712G 16145A 16185T 16239T 16311T! 16325C
P	R	9	7	15607G
P+16176T	P	10	3	16176T
P1	P+16176T	11	2	212C 6077T 10118C 16266T 16357C
P1d	P1	12	2	12346T
P1d1	P1d	13	1	16270T
P1d1a	P1d1	14	0	5969T
P1d2	P1d	13	1	12711G 15479C
P1d2a	P1d2	14	0	7624C 16209C
P1+152C!	P1	12	1	152T!
P1f	P1+152C!	13	0	146T! 6671C 7569G 12361G 16438A
P2'10	P+16176T	11	2	3882A
P2	P2'10	12	0	1438A 3203G 4122G 8859T 14890G 16176C!
P10	P2'10	12	0	710C 1673C 3738T 4314C 5915T 6131G 6446A 6740G 8158T 8664G 9077C 11914A! 12642G 13810A 13958C 15811T 15839T 15924G 16145A 16224C 16233G 16311T! 16456A 16527T
P8	P+16176T	11	0	152T! 3391A 5237A 7805A 8167C 8614C 11065G 11353C 11404G 12414C 12756A 15110A 15511C 15521C 16241T 16261T 16362C
P3	P	10	2	127C 128T 573.XC 3645C 14338T 15748C 15937T
P3a	P3	11	0	125C 5899d 6734A 13651G 16145A 16278C!
P3b	P3	11	1	236C 12121C 13934T
P3b1	P3b	12	0	152T! 259G 263A 14053G 15937C 16327T 16399G
P4	P	10	2	1719A 5460A 10398A!
P4a	P4	11	1	152T! 507C 517G 3915A 4216C 7852A 9587G 9755A 10463C 11167G 11641G 12358G 13135A 14512C 15314A 16319A
P4a1	P4a	12	0	4814T 13468T 14696G
P4b	P4	11	1	10914A 11016A 11288T 16274A 16291T
P4b1	P4b	12	0	591A 3010A 5276G 5460G! 6881G 10088T 16337T 16362C
P5	P	10	0	152T! 1438A 7419A 7657C 9509C 12406A 12831T 13368A 15412C 15970C 16192T 16311T!
P6	P	10	0	6719C 16311T! 16362C
P7	P	10	0	152T! 374G 1598A 2283T 6249A 7325G 8387A 10373A 10810C! 12026G 12235C 12361G 14502C 15613G 16148T 16234T
P9	P	10	1	3172A 14788C
P9a	P9	11	0	13452A
U	R	9	4	11467G 12308G 12372A
U1	U	10	2	285T 12879C 13104G 14070G 15148A 15954C 16249C
U1a	U1	11	3	2218T 14364A 16189T!
U1a1	U1a	12	4	4991A 6026A 7581C
U1a1a	U1a1	13	3	385G 3158.1T 3591A 13422G
U1a1a1	U1a1a	14	1	573.XC 9575A
U1a1a1a	U1a1a1	15	0	2836T
U1a1a2	U1a1a	14	0	262T 4561C
U1a1a+16129G!	U1a1a	14	1	16129G!
U1a1a3	U1a1a+16129G!	15	0	195T! 5899.1C 15326A 16288C
U1a1b	U1a1	13	0	152T! 8730G 16166d 16311T!
U1a1c	U1a1	13	1	15217A
U1a1c1	U1a1c	14	4	15115C
U1a1c1a	U1a1c1	15	0	8766T 16465T
U1a1c1b	U1a1c1	15	0	6041T 6293C 7253G 15106A
U1a1c1c	U1a1c1	15	1	7403G
U1a1c1c1	U1a1c1c	16	0	195T! 663G 11116C 13656C 16145A
U1a1c1d	U1a1c1	15	1	10253C
U1a1c1d1	U1a1c1d	16	0	9716C 16129G!
U1a1d	U1a1	13	0	16242T 16362C
U1a2	U1a	12	0	455.1T 12136C 16129G!
U1a3	U1a	12	0	146T! 10203A 13681G 14063C
U1b	U1	11	3	146T! 2387C 8395T 10885C 11566G 15172A 16111T 16327T
U1b1	U1b	12	0	15110A
U1b2	U1b	12	0	16214A
U1b3	U1b	12	0	195T! 16311T!
U5	U	10	1	16192T 16270T
U5a'b	U5	11	2	3197C 9477A 13617C
U5a	U5a'b	12	2	14793G 16256T
U5a1	U5a	13	9	15218G 16399G
U5a1+16192!	U5a1	14	2	16192C!
U5a1a	U5a1+16192!	15	2	1700C
U5a1a1	U5a1a	16	6	5495C 15924G
U5a1a1+152C!	U5a1a1	17	3	152T!
U5a1a1a	U5a1a1+152C!	18	0	3816G
U5a1a1b	U5a1a1+152C!	18	0	15110A
U5a1a1h	U5a1a1+152C!	18	0	16294T
U5a1a1c	U5a1a1	17	0	6905G 13015C
U5a1a1+16362C	U5a1a1	17	1	16362C
U5a1a1d	U5a1a1+16362C	18	1	185A 204C
U5a1a1d1	U5a1a1d	19	0	189G
U5a1a1e	U5a1a1	17	0	9682C
U5a1a1g	U5a1a1	17	0	4224T
U5a1a1i	U5a1a1	17	0	3388A
U5a1a2	U5a1a	16	2	573.XC 12346T
U5a1a2a	U5a1a2	17	1	5319G 6629G 6719C
U5a1a2a1	U5a1a2a	18	1	6293C
U5a1a2a1a	U5a1a2a1	19	0	10972G
U5a1a2b	U5a1a2	17	1	13105G!
U5a1a2b1	U5a1a2b	18	0	8269A 10326A 14278C
U5a1g	U5a1+16192!	15	2	7792T
U5a1g1	U5a1g	16	0	11914A! 16293G
U5a1g2	U5a1g	16	0	64T
U5a1b	U5a1	14	3	9667G
U5a1b1	U5a1b	15	8	16291T
U5a1b1a	U5a1b1	16	2	4553C
U5a1b1a1	U5a1b1a	17	0	14574T
U5a1b1a2	U5a1b1a	17	0	15883A
U5a1b1b	U5a1b1	16	1	8119C
U5a1b1b1	U5a1b1b	17	0	16092C
U5a1b1c	U5a1b1	16	2	9055A
U5a1b1c1	U5a1b1c	17	0	1187C
U5a1b1c2	U5a1b1c	17	0	3705A 16129G!
U5a1b1d	U5a1b1	16	1	12358G
U5a1b1d+16093C	U5a1b1d	17	1	16093C
U5a1b1d1	U5a1b1d+16093C	18	0	198T
U5a1b1e	U5a1b1	16	0	12582G
U5a1b1f	U5a1b1	16	0	15596A 16129G!
U5a1b1g	U5a1b1	16	0	11353C
U5a1b1h	U5a1b1	16	0	10754G
U5a1b2	U5a1b	15	0	9632G
U5a1b+16362C	U5a1b	15	2	16362C
U5a1b3	U5a1b+16362C	16	1	16428A
U5a1b3a	U5a1b3	17	1	5153G
U5a1b3a1	U5a1b3a	18	0	249G
U5a1b4	U5a1b+16362C	16	0	12331G
U5a1c	U5a1	14	2	16320T
U5a1c1	U5a1c	15	1	195T! 13802T
U5a1c1a	U5a1c1	16	0	153G
U5a1c2	U5a1c	15	1	961C
U5a1c2a	U5a1c2	16	1	183G 10544T
U5a1c2a1	U5a1c2a	17	0	16286T
U5a1d	U5a1	14	2	3027C
U5a1d1	U5a1d	15	0	5263T 13002A
U5a1d2	U5a1d	15	2	573.XC 3552C
U5a1d2a	U5a1d2	16	1	195T! 4823C 5583T 16145A 16189T!
U5a1d2a1	U5a1d2a	17	0	6584T 6836T
U5a1d2b	U5a1d2	16	0	4924C 10858C 14110C 15217A 16304C
U5a1e	U5a1	14	0	3564G 8610C
U5a1f	U5a1	14	2	6023A
U5a1f1	U5a1f	15	1	5585A 7569G 16311T!
U5a1f1a	U5a1f1	16	1	199C 8251A
U5a1f1a1	U5a1f1a	17	0	16526A
U5a1f2	U5a1f	15	0	5557C 8994A 11935C 12491T 16222T
U5a1h	U5a1	14	0	150T 1303A 3192T 3591A 4592C 11296T 11938T 12618A 16239T
U5a1i	U5a1	14	1	4796T 14893G 14971C
U5a1i1	U5a1i	15	0	12103A 14003T
U5a1j	U5a1	14	0	3198G 4745T 8994A
U5a2	U5a	13	5	16526A
U5a2+16294T	U5a2	14	1	16294T
U5a2a	U5a2+16294T	15	2	16114A
U5a2a1	U5a2a	16	5	13827G 13928C
U5a2a1a	U5a2a1	17	0	12630A 16271C
U5a2a1b	U5a2a1	17	1	13015C
U5a2a1b1	U5a2a1b	18	0	252C
U5a2a1c	U5a2a1	17	0	9293T
U5a2a1d	U5a2a1	17	0	4232C 4655A 11893G
U5a2a1+152C!	U5a2a1	17	1	152T!
U5a2a1e	U5a2a1+152C!	18	0	14198A
U5a2a2	U5a2a	16	1	7853A 12406A 16192C!
U5a2a2a	U5a2a2	17	0	13145A 14518G
U5a2b	U5a2	14	5	9548A
U5a2b1	U5a2b	15	4	960.XC
U5a2b1a	U5a2b1	16	0	12441C
U5a2b1b	U5a2b1	16	0	16465T
U5a2b1c	U5a2b1	16	0	15903G
U5a2b1d	U5a2b1	16	0	4655A 8933T
U5a2b2	U5a2b	15	1	10685A 11984C 12308A! 12654G 13285G
U5a2b2a	U5a2b2	16	1	13269G
U5a2b2a1	U5a2b2a	17	0	8281d 8282d 8283d 8284d 8285d 8286d 8287d 8288d 8289d 16234T
U5a2b3	U5a2b	15	1	455d 14684T 16168T
U5a2b3a	U5a2b3	16	1	13351T
U5a2b3a1	U5a2b3a	17	0	152T! 3666A
U5a2b4	U5a2b	15	1	15301A
U5a2b4a	U5a2b4	16	0	13759A
U5a2b5	U5a2b	15	0	207A 3504C 7471T
U5a2c	U5a2	14	4	10619T
U5a2c1	U5a2c	15	0	9469T
U5a2c2	U5a2c	15	0	10768G
U5a2c3	U5a2c	15	1	11465C 16192C!
U5a2c3a	U5a2c3	16	0	7960C 10709C
U5a2c4	U5a2c	15	0	3531A
U5a2d	U5a2	14	1	7843G
U5a2d1	U5a2d	15	1	3750T 7978T 8104C 11107T 16192C!
U5a2d1a	U5a2d1	16	0	9148C 14577G
U5a2+16362C	U5a2	14	1	16362C
U5a2e	U5a2+16362C	15	0	151T 152T! 3768G 15289C 16311T!
U5b	U5a'b	12	3	150T 7768G 14182C
U5b1	U5b	13	6	5656G
U5b1a	U5b1	14	0	7028C 15097C
U5b1+16189!	U5b1	14	3	16189T!
U5b1b	U5b1+16189!	15	2	12618A
U5b1b1	U5b1b	16	4	7385G 10927C
U5b1b1+16192!	U5b1b1	17	3	16192C!
U5b1b1a	U5b1b1+16192!	18	3	16144C
U5b1b1a1	U5b1b1a	19	2	4059T
U5b1b1a1a	U5b1b1a1	20	1	1341T
U5b1b1a1a1	U5b1b1a1a	21	0	16301T
U5b1b1a1b	U5b1b1a1	20	0	8428A
U5b1b1a2	U5b1b1a	19	0	10907C
U5b1b1a3	U5b1b1a	19	0	1850C 16148T
U5b1b1d	U5b1b1+16192!	18	0	15884A
U5b1b1f	U5b1b1+16192!	18	0	1047G
U5b1b1b	U5b1b1	17	0	8413G 16320T
U5b1b1+152C!	U5b1b1	17	1	152T!
U5b1b1e	U5b1b1+152C!	18	0	2387C
U5b1b1g	U5b1b1	17	1	1822C 5788C 10301G 14470C
U5b1b1g1	U5b1b1g	18	1	15533G 16074G
U5b1b1g1a	U5b1b1g1	19	0	242T
U5b1b2	U5b1b	16	2	217C 573.XC
U5b1b2a	U5b1b2	17	0	3434G
U5b1b2b	U5b1b2	17	0	8230T
U5b1c	U5b1+16189!	15	2	15191C 16311T!
U5b1c1	U5b1c	16	1	16336A
U5b1c1a	U5b1c1	17	1	55A
U5b1c1a1	U5b1c1a	18	0	14420T 14470C
U5b1c2	U5b1c	16	2	516T 16174T
U5b1c2a	U5b1c2	17	0	16140C 16192C! 16288C
U5b1c2b	U5b1c2	17	0	6341T 13194A
U5b1+16192!	U5b1+16189!	15	2	16192C!
U5b1e	U5b1+16192!	16	1	152T! 16465T
U5b1e1	U5b1e	17	1	2757G 10283G 12616C
U5b1e1a	U5b1e1	18	0	4209C
U5b1h	U5b1+16192!	16	0	384G
U5b1d	U5b1	14	2	5437T
U5b1d1	U5b1d	15	3	15721C
U5b1d1a	U5b1d1	16	0	742C 15355A 16192C!
U5b1d1b	U5b1d1	16	0	199C 2225A 3507T 8277C 10084C 12136C
U5b1d1c	U5b1d1	16	0	7912A 15631G 16218T 16320T
U5b1d2	U5b1d	15	0	7085C 16239T
U5b1f	U5b1	14	1	3507A
U5b1f1	U5b1f	15	1	533G
U5b1f1a	U5b1f1	16	0	16319A
U5b1g	U5b1	14	0	151T 228A 573.XC 10654T 13759A 14577C
U5b1i	U5b1	14	0	3105G 3498T 6674C 15777A 16167T 16311C 16356C
U5b2	U5b	13	3	1721T 13637G
U5b2a	U5b2	14	4	4732G 16189T!
U5b2a1	U5b2a	15	2	16270C!
U5b2a1a	U5b2a1	16	2	15511C 16189T
U5b2a1a+16311T!	U5b2a1a	17	1	16311T!
U5b2a1a1	U5b2a1a+16311T!	18	3	896G
U5b2a1a1a	U5b2a1a1	19	0	12406A
U5b2a1a1b	U5b2a1a1	19	0	249d
U5b2a1a1d	U5b2a1a1	19	0	11329G
U5b2a1a2	U5b2a1a	17	0	1834C 5452T 8705C 15924G 16192C!
U5b2a1b	U5b2a1	16	0	152T! 5918C 14323A 16192C! 16325C
U5b2a2	U5b2a	15	3	3212T 16398A
U5b2a2a	U5b2a2	16	2	12136C
U5b2a2a1	U5b2a2a	17	0	9682C
U5b2a2a2	U5b2a2a	17	0	5508C 10589A
U5b2a2b	U5b2a2	16	1	2757G 14956C
U5b2a2b1	U5b2a2b	17	0	4843T
U5b2a2c	U5b2a2	16	0	12678C 16192C! 16261T 16304C
U5b2a3	U5b2a	15	1	10031C
U5b2a3a	U5b2a3	16	0	6899A
U5b2a+16192C!	U5b2a	15	3	16192C!
U5b2a4	U5b2a+16192C!	16	1	3397G 13368A 14767C
U5b2a4a	U5b2a4	17	0	6293C
U5b2a5	U5b2a+16192C!	16	1	8706G 10654T 11725G 16311T!
U5b2a5a	U5b2a5	17	0	3394C
U5b2a6	U5b2a+16192C!	16	0	4129G
U5b2b	U5b2	14	5	11653G 12634G 13630G 16192C!
U5b2b1	U5b2b	15	2	15497A
U5b2b1a	U5b2b1	16	2	3861G 16362C
U5b2b1a1	U5b2b1a	17	0	16292T
U5b2b1a2	U5b2b1a	17	0	12696C 16240C
U5b2b1b	U5b2b1	16	0	13420T 16526A
U5b2b2	U5b2b	15	0	4616T 8027A
U5b2b3	U5b2b	15	2	517T 2755G 15905C 16224C
U5b2b3a	U5b2b3	16	1	279C 3338C 5261A
U5b2b3a1	U5b2b3a	17	1	9494G
U5b2b3a1a	U5b2b3a1	18	0	16114T
U5b2b3b	U5b2b3	16	0	16242T
U5b2b4	U5b2b	15	1	9670G 16189T!
U5b2b4a	U5b2b4	16	0	185A
U5b2b5	U5b2b	15	0	13161C 16296T
U5b2c	U5b2	14	2	723G 960.XC 13017G
U5b2c1	U5b2c	15	0	6920A 13434G
U5b2c2	U5b2c	15	2	3861G 5836G 10262G
U5b2c2a	U5b2c2	16	0	14259A
U5b2c2b	U5b2c2	16	0	16249C
U5b3	U5b	13	8	228A 7226A 16304C
U5b3a	U5b3	14	2	16235G
U5b3a1	U5b3a	15	2	16169A
U5b3a1a	U5b3a1	16	0	373G 11177T 16304T!
U5b3a1b	U5b3a1	16	0	15781T
U5b3a2	U5b3a	15	0	10978G
U5b3b	U5b3	14	2	9196A
U5b3b1	U5b3b	15	0	189G
U5b3b2	U5b3b	15	0	16526A
U5b3c	U5b3	14	0	4775G 5557C 6461G
U5b3d	U5b3	14	0	13830C 16067T 16311T!
U5b3e	U5b3	14	0	3535A 8701G!
U5b3f	U5b3	14	0	16129G!
U5b3g	U5b3	14	0	5147A
U5b3h	U5b3	14	0	6527G 16192C!
U6	U	10	2	3348G 16172C
U6a'b'd	U6	11	2	16219G
U6a	U6a'b'd	12	6	7805A 14179G 16278C!
U6a1	U6a	13	2	14927G
U6a1a	U6a1	14	2	3969T 16189T!
U6a1a1	U6a1a	15	0	4172A 11938T 16239T
U6a1a2	U6a1a	15	0	1472A 13759A
U6a1b	U6a1	14	4	16235G
U6a1b1	U6a1b	15	2	11176A 12376G 12727C 15244G
U6a1b1a	U6a1b1	16	0	146T! 16355T
U6a1b1b	U6a1b1	16	0	2158C 10336C 14034C 16145A
U6a1b2	U6a1b	15	0	195T! 10364A 14562T
U6a1b3	U6a1b	15	0	11971T
U6a1b4	U6a1b	15	0	8865A 9377G 9896G 10784G 12022T 13834G 15067C 16086C
U6a+16189!	U6a	13	2	16189T!
U6a+16189!+103	U6a+16189!	14	2	103A
U6a2	U6a+16189!+103	15	3	15626T
U6a2a	U6a2	16	2	960d 6359G 11204C
U6a2a1	U6a2a	17	0	9128C 9891C
U6a2a2	U6a2a	17	1	146T! 13359A
U6a2a2a	U6a2a2	18	0	337G 16235G
U6a2b	U6a2	16	1	15383C 16354T
U6a2b1	U6a2b	17	0	15314A 16184T
U6a2+195T!	U6a2	16	1	195T!
U6a2c	U6a2+195T!	17	0	1709A
U6a8	U6a+16189!+103	15	2	10172A
U6a8a	U6a8	16	0	143A 750A 8282T 11539T
U6a8b	U6a8	16	0	4936T 5894C 9100G 9128C 9335A 16295T
U6a3	U6a+16189!	14	4	15790T
U6a3a	U6a3	15	2	4820A
U6a3a1	U6a3a	16	1	14364A
U6a3a1a	U6a3a1	17	0	8598C
U6a3a2	U6a3a	16	1	185A 16093C
U6a3a2a	U6a3a2	17	0	709A 3847C
U6a3+185A	U6a3	15	3	185A
U6a3b	U6a3+185A	16	1	146T! 152T! 188G 1211A 11268T 13431T 15634G
U6a3b1	U6a3b	17	0	16311T!
U6a3e	U6a3+185A	16	0	3337A 4021G 8705C 12097T 13569C 13928A 16362C 16399G
U6a3f	U6a3+185A	16	2	150T
U6a3f1	U6a3f	17	0	3826C
U6a3f2	U6a3f	17	0	15941C
U6a3c	U6a3	15	0	146T! 291.1A 960d 1809C 5554A 6182A 11272G 15380G
U6a3d	U6a3	15	1	16147T
U6a3d1	U6a3d	16	1	13635C
U6a3d1a	U6a3d1	17	0	385G 4674G 10203A 10927C 15067C
U6a4	U6a	13	0	150T 12246T 13674C 14215C 15862C 16134T
U6a5	U6a	13	3	3591A 7642A 13590A 15927A
U6a5a	U6a5	14	1	11590G
U6a5a1	U6a5a	15	0	11191T
U6a5b	U6a5	14	0	3714G 16184T 16234T
U6a5c	U6a5	14	0	6407C 10398A! 16189T!
U6a6	U6a	13	2	8557C
U6a6a	U6a6	14	1	3714G 12172G 16079T 16189T! 16274A
U6a6a1	U6a6a	15	0	9031T
U6a6b	U6a6	14	2	8407A 10685A 13440T
U6a6b1	U6a6b	15	0	7391C
U6a6b2	U6a6b	15	0	9779T 10700G 11734G
U6a7	U6a	13	3	15043A
U6a7a	U6a7	14	2	152T! 794A 1193C 1692T 5471A 8473C 15530C 15632T
U6a7a1	U6a7a	15	3	5120G
U6a7a1a	U6a7a1	16	0	2672G 11929C
U6a7a1b	U6a7a1	16	0	150T
U6a7a1+152T!!	U6a7a1	16	1	152T
U6a7a1c	U6a7a1+152T!!	17	0	11038G
U6a7a2	U6a7a	15	1	14034C 16278C
U6a7a2a	U6a7a2	16	0	11941G
U6a7b	U6a7	14	1	195T! 198T 960.1C
U6a7b1	U6a7b	15	0	709A 1842G 7735G 12950C 16219A!
U6a7c	U6a7	14	1	7337A 16189T!
U6a7c1	U6a7c	15	0	14179A!
U6a'b'd+16311T!	U6a'b'd	12	2	16311T!
U6b	U6a'b'd+16311T!	13	3	9438A
U6b1	U6b	14	2	9738A 15431A
U6b1a	U6b1	15	1	2352C 16163G
U6b1a1	U6b1a	16	0	7700T
U6b1b	U6b1	15	0	1520C 4113A 5821A 9571T 16189T!
U6b2	U6b	14	0	4062C 12535T 13637G 15355A
U6b3	U6b	14	1	16278C!
U6b3a	U6b3	15	0	235G
U6d	U6a'b'd+16311T!	13	3	4336C 12501A 14518G
U6d1	U6d	14	2	4454C 14470C 16261T
U6d1a	U6d1	15	0	5147A
U6d1b	U6d1	15	0	12603T
U6d2	U6d	14	0	5460A 12842C 15892C
U6d3	U6d	14	1	16174T
U6d3a	U6d3	15	0	10397G 11947G 12530G
U6c	U6	11	2	150T 437T 793T 3688C 4965G 5081C 11013T 13879C 15244G 16169T 16189T!
U6c1	U6c	12	0	15553A 16129G!
U6c2	U6c	12	0	194T
U2'3'4'7'8'9	U	10	5	1811G
U2	U2'3'4'7'8'9	11	3	16051G
U2a	U2	12	2	16206C
U2a1	U2a	13	2	195T! 16230A! 16311T!
U2a1a	U2a1	14	0	8572A 16154C
U2a1b	U2a1	14	0	11383C
U2a2	U2a	13	0	194T 3316A 4970G 5201C 7382A 7853A 7859A 11151T 11299C 12477C 12561A 14883T 15734A 16271C
U2b	U2	12	2	146T! 2706A 5186T 12106T 13194A 15049T
U2b1	U2b	13	1	3915A 4093G 16168T
U2b1a	U2b1	14	0	13708A
U2b2	U2b	13	0	152T! 234G 1888A 9094T 9614G 12793C 13656C 15930A 16209C 16239T 16352C 16353T
U2+152C!	U2	12	2	152T!
U2c'd	U2+152C!	13	2	16234T
U2c	U2c'd	14	1	5790A 14935C 15061G
U2c1	U2c	15	2	8023C 8676T 9767T
U2c1a	U2c1	16	0	15043A 16179T 16240C
U2c1b	U2c1	16	0	12172G
U2d	U2c'd	14	3	199C 263A 471C 1700C 4025T 8938G 11893G 14926G 16189T! 16294T
U2d1	U2d	15	0	8982G 16184T 16342C
U2d2	U2d	15	1	5147A 5460A 6956C 8296G 13789C
U2d2a	U2d2	16	0	15883A
U2d3	U2d	15	0	1040C 6023A 7277G 7894G 16266T
U2e	U2+152C!	13	1	508G 3720G 5390G 5426C 6045T 6152C 10876G 13020C 13734C 15907G 16129C 16189T! 16362C
U2e1'2'3	U2e	14	3	217C
U2e1	U2e1'2'3	15	8	340T
U2e1a	U2e1	16	1	11197T 11732C
U2e1a1	U2e1a	17	3	3116T
U2e1a1a	U2e1a1	18	0	3197C
U2e1a1b	U2e1a1	18	0	108G
U2e1a1c	U2e1a1	18	0	10127G
U2e1b	U2e1	16	2	988A 16256T
U2e1b1	U2e1b	17	0	7109T 15784C 16362T!
U2e1b2	U2e1b	17	0	3229.1A 15661T
U2e1c	U2e1	16	1	7151T 12346T
U2e1c1	U2e1c	17	0	11176A
U2e1d	U2e1	16	0	4132A
U2e1e	U2e1	16	0	2526T 12618A 16145A
U2e1f	U2e1	16	1	15519C 16311T!
U2e1f1	U2e1f	17	0	146T! 489C 8155A 9101C 12358G
U2e1g	U2e1	16	0	11233C
U2e1h	U2e1	16	0	152T 16189T
U2e2	U2e1'2'3	15	1	8473C 16092C
U2e2a	U2e2	16	1	12557T
U2e2a1	U2e2a	17	4	3849A 4553C
U2e2a1a	U2e2a1	18	2	4736C
U2e2a1a1	U2e2a1a	19	0	9664G
U2e2a1a2	U2e2a1a	19	0	15891T
U2e2a1b	U2e2a1	18	0	7624C 16525G
U2e2a1c	U2e2a1	18	0	5686T
U2e2a1d	U2e2a1	18	0	5746A
U2e3	U2e1'2'3	15	1	394T 16260T 16356C
U2e3a	U2e3	16	0	309d 575T 3170A 15721C 16181G
U3	U2'3'4'7'8'9	11	2	150T 14139G 15454C 16343G
U3a'c	U3	12	2	2294G 4703C 9266A
U3a	U3a'c	13	3	6518T 10506G 13934T 16390A
U3a1	U3a	14	3	3010A
U3a1a	U3a1	15	1	7521A!
U3a1a1	U3a1a	16	0	14258A
U3a1b	U3a1	15	0	723C
U3a1c	U3a1	15	1	16356C
U3a1c1	U3a1c	16	0	16301T
U3a2	U3a	14	1	11050C
U3a2a	U3a2	15	1	200G
U3a2a1	U3a2a	16	1	189G
U3a2a1a	U3a2a1	17	0	6452T 14921A 16245T
U3a3	U3a	14	0	2766A 10143A 16189T!
U3c	U3a'c	13	0	12843C 15613G 16193T 16249C 16526A
U3b	U3	12	3	4188G 4640A 9656C 13743C
U3b1	U3b	13	2	3546A
U3b1a	U3b1	14	1	8812G 16086C
U3b1a1	U3b1a	15	0	152T! 4562G 4654T 5465C 8778T
U3b1b	U3b1	14	0	6359G 12720G
U3b2	U3b	13	3	15944d
U3b2a	U3b2	14	1	2707G 9770C
U3b2a1	U3b2a	15	1	8950A
U3b2a1a	U3b2a1	16	0	334C
U3b2b	U3b2	14	0	8490C 15327T 16362C
U3b2c	U3b2	14	0	6383A
U3b3	U3b	13	0	16168T
U4'9	U2'3'4'7'8'9	11	2	195T! 499A 5999C
U4	U4'9	12	4	4646C 6047G 11332T 14620T 15693C 16356C
U4a	U4	13	3	8818T
U4a1	U4a	14	5	152T! 12937G 16134T
U4a1a	U4a1	15	3	961C
U4a1a1	U4a1a	16	0	965.XC
U4a1a2	U4a1a	16	0	5250C 12630A
U4a1a3	U4a1a	16	0	6216C 15544A
U4a1b	U4a1	15	2	745G 3204T
U4a1b1	U4a1b	16	1	296T
U4a1b1a	U4a1b1	17	0	8705C 16129G!
U4a1b2	U4a1b	16	0	16301T
U4a1c	U4a1	15	0	8155A 13158G 14110C 16234T
U4a1d	U4a1	15	0	198T
U4a1e	U4a1	15	0	16093C 16311T!
U4a2	U4a	14	8	310C
U4a2a	U4a2	15	3	16356T!
U4a2a1	U4a2a	16	0	8496C
U4a2a2	U4a2a	16	0	13759A
U4a2a3	U4a2a	16	0	14319C 16294T
U4a2b	U4a2	15	0	16233C!
U4a2c	U4a2	15	1	8567C
U4a2c1	U4a2c	16	0	6047A! 10654T 16242A 16288C 16362C
U4a2d	U4a2	15	0	16295T
U4a2e	U4a2	15	0	2246G 6383A
U4a2f	U4a2	15	0	1189C 1978G 12397G 15172A
U4a2g	U4a2	15	0	6164T
U4a2h	U4a2	15	1	5261A
U4a2h1	U4a2h	16	0	16173T
U4a3	U4a	14	1	247G! 2792G 6665T 6929G 8065A 16362C
U4a3a	U4a3	15	0	16265G
U4b	U4	13	3	7705C
U4b1	U4b	14	2	11339C
U4b1a	U4b1	15	4	3672G
U4b1a1	U4b1a	16	1	2083C 12297C
U4b1a1a	U4b1a1	17	1	15789T
U4b1a1a1	U4b1a1a	18	0	8642G 16362C
U4b1a2	U4b1a	16	2	11143T 11176A 12609C 13708A
U4b1a2a	U4b1a2	17	0	15632T
U4b1a2b	U4b1a2	17	0	10876G 15067C
U4b1a3	U4b1a	16	1	146T! 5752d 9989C 11674T
U4b1a3a	U4b1a3	17	0	7265G
U4b1a4	U4b1a	16	0	7853A 11965T 12957C
U4b1+146T! 152C!	U4b1	15	1	146T! 152T!
U4b1b	U4b1+146T! 152C!	16	2	13528G
U4b1b1	U4b1b	17	4	13565T
U4b1b1a	U4b1b1	18	0	16111T 16140C
U4b1b1b	U4b1b1	18	0	146T! 8308G 9389G 10819G 15373G 15758G
U4b1b1+16311T!	U4b1b1	18	1	16311T!
U4b1b1c	U4b1b1+16311T!	19	0	2483C
U4b1b1d	U4b1b1	18	0	5262A
U4b1b2	U4b1b	17	0	146T! 11788T 15326A 15514C
U4b2	U4b	14	1	16136C
U4b2a	U4b2	15	1	15883A
U4b2a1	U4b2a	16	1	16278C!
U4b2a1a	U4b2a1	17	0	8433C 14178C
U4b3	U4b	14	0	215G
U4c	U4	13	2	10907C
U4c1	U4c	14	1	4811G 6146G 9070G 11009C 14866T 16179T
U4c1a	U4c1	15	0	3654T
U4c2	U4c	14	1	8705C 10676T
U4c2a	U4c2	15	0	16261T
U4d	U4	13	3	629C 2405.1C
U4d1	U4d	14	2	2772T
U4d1a	U4d1	15	1	5984G 6938T
U4d1a1	U4d1a	16	1	8260C
U4d1a1a	U4d1a1	17	0	5319T
U4d1b	U4d1	15	0	13398G
U4d2	U4d	14	0	5567C 10692T 11326T 11518A 13105G! 16189T!
U4d3	U4d	14	0	573.XC 14577C
U9	U4'9	12	2	3531A 3834A 6386T 14094C
U9a	U9	13	1	195T! 16051G 16278C!
U9a1	U9a	14	0	3290C 15077A 16193T 16357C
U9b	U9	13	1	12615G
U9b1	U9b	14	0	573.XC 9299G 11350G 13111C
U7	U2'3'4'7'8'9	11	2	152T! 980C 3741T 5360T 8137T 8684T 10142T 13500C 14569A 16309G 16318T
U7a	U7	12	5	151T
U7a1	U7a	13	1	16167T
U7a1a	U7a1	14	0	270G 5486T 13281C
U7a2	U7a	13	1	4502C
U7a2a	U7a2	14	0	5265G 12094T 14533T 16129G!
U7a3	U7a	13	2	12618A
U7a3a	U7a3	14	0	9852G
U7a3b	U7a3	14	0	3834A 16207G
U7a4	U7a	13	1	146T! 16126C
U7a4a	U7a4	14	1	16148T
U7a4a1	U7a4a	15	1	195T! 6221C
U7a4a1a	U7a4a1	16	0	8574T
U7a5	U7a	13	0	573.XC 9300A 13966G 14245T 14869C 16291T 16304C
U7b	U7	12	2	10084C
U7b1	U7b	13	0	13395G 16271C
U7b2	U7b	13	0	291.1A 9480C 16166d
U8	U2'3'4'7'8'9	11	2	9698C
U8a	U8	12	2	282C 6392C 6455T 7055G 9365T 13145A
U8a1	U8a	13	2	3738T
U8a1a	U8a1	14	4	5240G 10733T 16146G 16342C
U8a1a1	U8a1a	15	2	12135A
U8a1a1a	U8a1a1	16	1	4129G
U8a1a1a1	U8a1a1a	17	0	4053G
U8a1a1b	U8a1a1	16	1	9777A
U8a1a1b1	U8a1a1b	17	0	9338G
U8a1a2	U8a1a	15	0	11465C
U8a1a3	U8a1a	15	0	1503A 7340A
U8a1a4	U8a1a	15	0	12768G 16189T!
U8a1b	U8a1	14	0	709A 4491A 16167T 16179T
U8a2	U8a	13	0	195T! 827G 1700C
U8b'c	U8	12	2	3480G
U8b	U8b'c	13	2	9055A 14167T
U8b1	U8b	14	2	195T! 16189T! 16234T
U8b1a	U8b1	15	2	6546T 6599G 12771A
U8b1a1	U8b1a	16	0	9948A 11914A! 16129G!
U8b1a2	U8b1a	16	2	14831A
U8b1a2a	U8b1a2	17	0	14364A 16259T
U8b1a2+16311T!	U8b1a2	17	1	16311T!
U8b1a2b	U8b1a2+16311T!	18	0	16172C
U8b1b	U8b1	15	2	1811A! 5165T 16324C
U8b1b1	U8b1b	16	0	14053G
U8b1b2	U8b1b	16	0	3696T 11582G 12557T
K	U8b	14	3	10550G 11299C 14798C 16224C 16311T!
K1	K	15	4	1189C 10398A!
K1a	K1	16	19	497T 16093C
K1a1	K1a	17	3	114T 11914A!
K1a1a	K1a1	18	2	3552C
K1a1a1	K1a1a	19	0	9801A
K1a1a2	K1a1a	19	1	15799G
K1a1a2a	K1a1a2	20	1	6060G 8276.1C
K1a1a2a1	K1a1a2a	21	0	4959A
K1a1b	K1a1	18	2	15924G
K1a1b1	K1a1b	19	7	11470G
K1a1b1a	K1a1b1	20	0	10978G 12954C 16234T
K1a1b1b	K1a1b1	20	1	593C 2483C
K1a1b1b1	K1a1b1b	21	0	789C 11620G
K1a1b1c	K1a1b1	20	0	5585A 16222T
K1a1b1d	K1a1b1	20	0	14388G 16092C 16233C!
K1a1b1e	K1a1b1	20	0	9932A
K1a1b1f	K1a1b1	20	0	4823C 6528T 8842C
K1a1b1g	K1a1b1	20	0	5583T 12007A
K1a1b2	K1a1b	19	2	13326C
K1a1b2a	K1a1b2	20	1	152T! 7729G 9800C
K1a1b2a1	K1a1b2a	21	1	3777C 15758G
K1a1b2a1a	K1a1b2a1	22	0	7278C
K1a1b2b	K1a1b2	20	0	189G 10202T
K1a1c	K1a1	18	0	709A 1694C 16362C 16400T
K1a2	K1a	17	3	11025C
K1a2a	K1a2	18	2	5773A
K1a2a1	K1a2a	19	0	4748T 13368A 16189T!
K1a2a2	K1a2a	19	0	7918T
K1a2b	K1a2	18	0	8005C
K1a2c	K1a2	18	0	4216C 7775A
K1a3	K1a	17	1	13117G
K1a3a	K1a3	18	4	7559G
K1a3a1	K1a3a	19	2	8440G
K1a3a1a	K1a3a1	20	0	9548A 10697T 14530C
K1a3a1b	K1a3a1	20	0	8522T
K1a3a2	K1a3a	19	0	5580C
K1a3a3	K1a3a	19	0	13590A
K1a3a4	K1a3a	19	0	6257A 14094C
K1a4	K1a	17	10	11485C
K1a4a	K1a4	18	1	6260A
K1a4a1	K1a4a	19	9	11840T 13740C
K1a4a1a	K1a4a1	20	2	4295G 15884A
K1a4a1a+195T!	K1a4a1a	21	2	195T!
K1a4a1a1	K1a4a1a+195T!	22	0	3867T
K1a4a1a3	K1a4a1a+195T!	22	0	5177A
K1a4a1a2	K1a4a1a	21	2	16245T
K1a4a1a2a	K1a4a1a2	22	0	9377G
K1a4a1a2b	K1a4a1a2	22	0	146T! 13401C
K1a4a1b	K1a4a1	20	2	8098G
K1a4a1b1	K1a4a1b	21	0	8856C
K1a4a1b2	K1a4a1b	21	0	1811A! 16261T
K1a4a1c	K1a4a1	20	1	13413G
K1a4a1c1	K1a4a1c	21	0	199C
K1a4a1d	K1a4a1	20	0	3394C
K1a4a1e	K1a4a1	20	0	152T! 16311T!
K1a4a1f	K1a4a1	20	1	152T! 325T 10029G
K1a4a1f1	K1a4a1f	21	0	217C 5774C
K1a4a1g	K1a4a1	20	0	8149G 16287T
K1a4a1h	K1a4a1	20	0	13404C
K1a4a1i	K1a4a1	20	0	6260G! 15880G
K1a4b	K1a4	18	1	280G 9448G
K1a4b1	K1a4b	19	0	6975C 7388G 8410T 13105G!
K1a4c	K1a4	18	1	152T! 12612G 13827G
K1a4c1	K1a4c	19	0	5264T 13710G 16246T
K1a4d	K1a4	18	0	723C 11071T 15355A
K1a4e	K1a4	18	0	942G
K1a4f	K1a4	18	1	7118G
K1a4f1	K1a4f	19	0	12017G
K1a4g	K1a4	18	0	6518T 11914A!
K1a4h	K1a4	18	1	5237A 8531G
K1a4h1	K1a4h	19	0	4137T
K1a4i	K1a4	18	0	1926T
K1a4+146T!	K1a4	18	1	146T!
K1a4j	K1a4+146T!	19	1	12681C
K1a4j1	K1a4j	20	0	152T! 11167G
K1a5	K1a	17	2	11017C
K1a5a	K1a5	18	0	4640T 9647C 16362C
K1a5b	K1a5	18	0	153G 408A 6407C 9428C
K1a6	K1a	17	0	8790A 10454C 16527T
K1a7	K1a	17	0	431A
K1a8	K1a	17	2	295A
K1a8a	K1a8	18	1	7927G 16234T
K1a8a1	K1a8a	19	0	15850G
K1a8b	K1a8	18	0	11818G 16497G
K1a+195T!	K1a	17	7	195T!
K1a9	K1a+195T!	18	0	16524G
K1a10	K1a+195T!	18	1	16048A
K1a10a	K1a10	19	0	16291T
K1a13	K1a+195T!	18	1	146T! 1709A 9545G
K1a13a	K1a13	19	0	8870C
K1a14	K1a+195T!	18	0	8020A 9977C 15626T
K1a15	K1a+195T!	18	0	8155A
K1a16	K1a+195T!	18	0	6367C
K1a26	K1a+195T!	18	0	4113A
K1a+150	K1a	17	4	150T
K1a11	K1a+150	18	2	16T 199C 8281d 8282d 8283d 8284d 8285d 8286d 8287d 8288d 8289d 9938C 16129G!
K1a11a	K1a11	19	1	152T! 10966C
K1a11a1	K1a11a	20	0	8702T
K1a11b	K1a11	19	0	14605T
K1a24	K1a+150	18	1	15625A
K1a24a	K1a24	19	0	195T! 5964C 15791G 16145A
K1a30	K1a+150	18	1	15650A
K1a30a	K1a30	19	0	6392C
K1a31	K1a+150	18	0	8952C
K1a12	K1a	17	1	5460A
K1a12a	K1a12	18	1	11923G
K1a12a1	K1a12a	19	1	6284G
K1a12a1a	K1a12a1	20	0	11497T
K1a17	K1a	17	1	247G! 4561C 15670C
K1a17a	K1a17	18	0	1719A 16260T
K1a18	K1a	17	0	6680C 6881G
K1a19	K1a	17	1	12338C
K1a19a	K1a19	18	0	63C 64T 8277C 11878C 12134C 12397G 15031T
K1a23	K1a	17	0	5093C
K1a25	K1a	17	0	152T! 4158G 14308C
K1a27	K1a	17	0	7202G 16176T
K1a28	K1a	17	0	466C 6071C 9287A 15544T
K1a29	K1a	17	1	8167C
K1a29a	K1a29	18	0	3702G 16265G
K1b	K1	16	2	5913A
K1b1	K1b	17	2	9962A 10289G 15946T
K1b1+(16093C)	K1b1	18	2	16093C
K1b1a	K1b1+(16093C)	19	2	152T! 11923G 15257A 16319A 16463G
K1b1a1	K1b1a	20	3	13967T
K1b1a1+199C	K1b1a1	21	2	199C
K1b1a1a	K1b1a1+199C	22	0	4646C
K1b1a1b	K1b1a1+199C	22	0	14308C 16189C
K1b1a1c	K1b1a1	21	1	3834A 4775G
K1b1a1c1	K1b1a1c	22	0	5298G
K1b1a1d	K1b1a1	21	1	10861C
K1b1a1d1	K1b1a1d	22	0	15148A
K1b1a2	K1b1a	20	0	195T! 8260C 9371T 15381T 16318T
K1b1b	K1b1+(16093C)	19	1	6053T 8164T
K1b1b1	K1b1b	20	0	14063C 14384A
K1b1c	K1b1	18	0	94A 3337A 11914A!
K1b2	K1b	17	2	146T! 195T! 12738G
K1b2a	K1b2	18	3	12771A
K1b2a1	K1b2a	19	1	13759A
K1b2a1a	K1b2a1	20	1	12019T
K1b2a1a1	K1b2a1a	21	0	16524G
K1b2a2	K1b2a	19	1	7521A!
K1b2a2a	K1b2a2	20	0	14687G
K1b2a3	K1b2a	19	0	12188C
K1b2b	K1b2	18	1	5237A 6845T 10154G 15301A
K1b2b1	K1b2b	19	0	368G
K1c	K1	16	2	146T! 152T! 498d
K1c1	K1c	17	9	9093G 11377A
K1c1a	K1c1	18	0	7082T
K1c1b	K1c1	18	0	15900C
K1c1c	K1c1	18	0	9903C
K1c1d	K1c1	18	0	1442A 3720G 13602C
K1c1e	K1c1	18	0	16368C
K1c1f	K1c1	18	0	10698T
K1c1g	K1c1	18	0	12161C
K1c1h	K1c1	18	0	8473C
K1c1i	K1c1	18	0	7202G
K1c2	K1c	17	1	9006G 14002G 14040A 16320T
K1c2a	K1c2	18	0	15944d
K1+16362C	K1	16	3	16362C
K1d	K1+16362C	17	1	195T! 573.XC 4856C 5592G 8901G
K1d1	K1d	18	0	6890G
K1e	K1+16362C	17	1	152T! 1819C 8251A 10478T 14142G
K1e1	K1e	18	0	151T 6413C 16189A 16274A
K1f	K1+16362C	17	0	3513T 8137T
K2	K	15	3	146T! 9716C
K2a	K2	16	11	152T! 709A 4561C
K2a1	K2a	17	1	7930G 15325G 15652G
K2a1a	K2a1	18	0	11881T 16311T!
K2a2	K2a	17	1	8697A
K2a2a	K2a2	18	1	11348T
K2a2a1	K2a2a	19	0	512C 9254G 11914A!
K2a3	K2a	17	1	13293T
K2a3a	K2a3	18	1	12795A
K2a3a1	K2a3a	19	0	13708A
K2a4	K2a	17	0	11549T
K2a5	K2a	17	2	324T
K2a5a	K2a5	18	1	15803A
K2a5a1	K2a5a	19	0	11491G 16235G
K2a5b	K2a5	18	0	2831A
K2a6	K2a	17	0	14305A
K2a7	K2a	17	0	12346T
K2a8	K2a	17	0	207A 16189T!
K2a9	K2a	17	0	5081C 5130C
K2a10	K2a	17	0	11923G
K2a11	K2a	17	0	10398A! 11204C 12870T 16293G
K2b	K2	16	2	2217T 5231A 14037G
K2b1	K2b	17	2	11869A
K2b1a	K2b1	18	4	13135A
K2b1a1	K2b1a	19	1	16270T
K2b1a1a	K2b1a1	20	0	16222T
K2b1a2	K2b1a	19	0	11374G
K2b1a3	K2b1a	19	0	723G
K2b1a4	K2b1a	19	0	93G 207A 11167G
K2b1b	K2b1	18	0	5054A 11016A 12501A 16129G!
K2b2	K2b	17	0	7310C
K2c	K2	16	0	11172G
K3	K	15	0	150T 195T! 235G 560T 7657C 8188G 9852T 14212C 16093C 16148T 16153A
U8c	U8b'c	13	0	151T 7031T 10398A! 16189T!
